date,year,month,day,day_of_year,rainfall_mm,temperature_max,temperature_min,humidity,cloud_cover,sunshine_hours,wind_speed,pressure,dew_point,evapotranspiration,is_monsoon,previous_7day_rainfall,previous_30day_rainfall
2000-01-01,2000,1,1,1,0.0,22.7,16.6,68.0,69.6,3.0,17.5,1001.1,16.3,1.0,0,0.0,0.0
2000-01-02,2000,1,2,2,1.84,24.1,17.7,75.1,45.9,9.2,10.9,1008.2,19.2,1.04,0,0.92,0.92
2000-01-03,2000,1,3,3,0.0,23.4,16.2,76.4,62.3,6.6,15.9,1006.2,19.1,1.01,0,0.61,0.61
2000-01-04,2000,1,4,4,0.0,23.8,16.7,68.4,41.4,8.6,11.2,1004.6,16.7,1.0,0,0.46,0.46
2000-01-05,2000,1,5,5,0.0,22.0,16.5,78.4,59.6,5.9,16.3,1001.7,18.3,1.0,0,0.37,0.37
2000-01-06,2000,1,6,6,0.0,23.0,16.0,66.5,29.6,8.2,13.9,1003.3,16.2,1.0,0,0.31,0.31
2000-01-07,2000,1,7,7,0.0,25.5,16.8,76.0,48.2,6.3,12.7,1004.6,20.6,1.0,0,0.26,0.26
2000-01-08,2000,1,8,8,0.0,22.0,16.0,68.9,50.6,5.4,16.3,1007.7,15.9,1.0,0,0.26,0.23
2000-01-09,2000,1,9,9,0.0,22.6,16.0,76.4,55.4,5.8,9.1,1005.9,18.4,1.0,0,0.0,0.2
2000-01-10,2000,1,10,10,3.3,22.0,17.1,76.4,44.6,6.9,16.0,1005.1,17.4,1.0,0,0.47,0.51
2000-01-11,2000,1,11,11,0.0,23.9,17.9,82.1,58.9,6.0,14.9,1004.9,20.2,1.0,0,0.47,0.47
2000-01-12,2000,1,12,12,0.0,22.0,16.0,68.8,46.3,5.9,13.1,1006.0,16.5,1.0,0,0.47,0.43
2000-01-13,2000,1,13,13,0.0,22.0,16.0,62.1,31.4,7.6,13.9,1008.0,14.0,1.16,0,0.47,0.4
2000-01-14,2000,1,14,14,0.0,25.5,16.4,63.2,34.1,7.1,7.8,1001.2,17.4,1.0,0,0.47,0.37
2000-01-15,2000,1,15,15,0.19,22.0,16.4,69.8,59.2,5.9,12.3,1005.8,16.0,1.0,0,0.5,0.36
2000-01-16,2000,1,16,16,0.0,22.0,16.0,71.0,47.6,7.3,12.1,1005.4,16.5,1.12,0,0.5,0.33
2000-01-17,2000,1,17,17,0.88,24.0,16.0,67.6,40.7,8.5,17.5,1005.4,17.0,1.0,0,0.15,0.37
2000-01-18,2000,1,18,18,0.0,22.0,18.6,71.3,33.1,7.6,10.1,1006.4,16.5,1.0,0,0.15,0.34
2000-01-19,2000,1,19,19,2.95,22.0,18.2,74.6,42.7,7.1,7.0,1006.1,17.6,1.0,0,0.57,0.48
2000-01-20,2000,1,20,20,0.0,22.0,18.5,71.7,46.1,6.2,12.5,1005.5,17.2,1.0,0,0.57,0.46
2000-01-21,2000,1,21,21,0.0,24.2,17.3,68.9,45.7,6.3,11.7,1004.6,17.4,1.0,0,0.57,0.44
2000-01-22,2000,1,22,22,0.0,24.4,16.0,65.5,41.5,7.8,10.4,1005.7,17.8,1.0,0,0.55,0.42
2000-01-23,2000,1,23,23,1.28,22.0,16.9,72.6,38.5,9.9,7.5,1004.3,16.6,1.31,0,0.73,0.45
2000-01-24,2000,1,24,24,2.86,22.0,17.3,75.3,30.1,8.2,9.2,1005.4,17.5,1.0,0,1.01,0.55
2000-01-25,2000,1,25,25,0.0,22.0,16.2,65.8,38.5,6.4,9.8,1006.2,14.9,1.06,0,1.01,0.53
2000-01-26,2000,1,26,26,0.0,22.0,16.0,63.2,37.2,9.4,10.9,1003.0,14.3,1.0,0,0.59,0.51
2000-01-27,2000,1,27,27,0.0,22.0,17.8,72.3,34.5,6.8,5.4,1006.8,16.6,1.0,0,0.59,0.49
2000-01-28,2000,1,28,28,0.57,22.6,16.2,69.0,37.9,7.5,15.1,1006.3,16.3,1.0,0,0.67,0.5
2000-01-29,2000,1,29,29,0.0,22.0,17.5,68.5,39.6,7.7,15.5,1001.4,15.5,1.02,0,0.67,0.48
2000-01-30,2000,1,30,30,0.0,22.0,16.0,73.9,43.6,8.0,7.5,1001.3,16.6,1.0,0,0.49,0.46
2000-01-31,2000,1,31,31,3.26,22.0,16.0,61.2,41.8,8.6,7.1,1006.4,14.2,1.0,0,0.55,0.57
2000-02-01,2000,2,1,32,1.55,23.8,17.3,66.5,17.3,9.7,7.8,1002.0,17.0,1.28,0,0.77,0.56
2000-02-02,2000,2,2,33,0.0,22.0,17.6,67.9,40.4,9.1,12.4,1003.7,15.1,1.16,0,0.77,0.56
2000-02-03,2000,2,3,34,0.0,23.3,17.8,74.2,26.5,8.8,9.8,1003.8,18.0,1.0,0,0.77,0.56
2000-02-04,2000,2,4,35,0.0,24.3,16.9,65.8,26.4,7.9,9.9,1004.9,17.9,1.0,0,0.69,0.56
2000-02-05,2000,2,5,36,0.0,25.9,17.2,63.8,42.1,7.4,15.3,1006.3,17.8,1.05,0,0.69,0.56
2000-02-06,2000,2,6,37,0.9,23.7,17.5,66.9,24.9,9.0,10.9,1007.2,17.6,1.0,0,0.82,0.59
2000-02-07,2000,2,7,38,0.58,23.3,17.5,68.6,42.2,7.1,13.1,1004.0,16.9,1.12,0,0.43,0.61
2000-02-08,2000,2,8,39,0.0,22.0,17.8,69.9,30.5,9.4,12.4,1006.6,16.7,1.0,0,0.21,0.61
2000-02-09,2000,2,9,40,0.0,25.3,16.0,70.9,47.4,5.7,10.6,1006.1,19.4,1.0,0,0.21,0.5
2000-02-10,2000,2,10,41,0.0,23.4,19.5,57.1,18.6,10.3,6.0,1005.1,14.9,1.17,0,0.21,0.5
2000-02-11,2000,2,11,42,0.0,23.7,17.1,61.5,29.2,8.8,9.6,1005.8,16.6,1.0,0,0.21,0.5
2000-02-12,2000,2,12,43,0.54,23.9,17.2,68.1,10.5,9.8,7.8,1004.5,17.8,1.0,0,0.29,0.52
2000-02-13,2000,2,13,44,0.0,23.6,17.1,65.3,31.9,8.6,10.4,1004.7,16.7,1.0,0,0.16,0.52
2000-02-14,2000,2,14,45,0.0,23.5,17.7,65.8,17.7,11.2,12.1,1006.1,17.2,1.36,0,0.08,0.51
2000-02-15,2000,2,15,46,0.0,23.0,16.0,61.4,26.4,9.6,5.8,1002.6,15.1,1.0,0,0.08,0.51
2000-02-16,2000,2,16,47,0.0,24.8,17.0,64.7,22.7,9.0,8.9,1003.1,17.2,1.0,0,0.08,0.48
2000-02-17,2000,2,17,48,0.0,22.0,16.0,62.6,42.8,8.1,12.1,1005.9,13.9,1.0,0,0.08,0.48
2000-02-18,2000,2,18,49,0.0,22.0,17.1,65.3,25.7,8.1,13.8,1006.8,15.3,1.11,0,0.08,0.38
2000-02-19,2000,2,19,50,0.3,22.7,17.9,65.4,42.6,7.9,5.0,1005.9,15.7,1.0,0,0.04,0.39
2000-02-20,2000,2,20,51,0.0,25.9,18.5,64.4,20.3,11.1,7.9,1004.3,18.8,1.1,0,0.04,0.39
2000-02-21,2000,2,21,52,0.0,24.8,17.8,64.0,1.1,10.7,9.5,1004.9,17.6,1.0,0,0.04,0.39
2000-02-22,2000,2,22,53,4.61,23.3,18.3,64.2,35.1,9.1,9.2,1001.8,15.7,1.0,0,0.7,0.51
2000-02-23,2000,2,23,54,0.0,23.1,16.0,69.0,19.9,9.0,6.5,1005.6,17.3,1.0,0,0.7,0.41
2000-02-24,2000,2,24,55,3.03,24.3,18.3,68.4,38.9,7.9,5.0,1003.1,18.7,1.0,0,1.13,0.51
2000-02-25,2000,2,25,56,0.0,25.1,19.7,62.5,24.7,8.1,7.8,1002.6,17.4,1.0,0,1.13,0.51
2000-02-26,2000,2,26,57,0.0,26.6,18.8,65.6,32.0,9.5,5.0,1007.8,19.3,1.21,0,1.09,0.51
2000-02-27,2000,2,27,58,0.0,27.8,17.4,70.2,36.3,7.3,7.7,1005.2,21.4,1.0,0,1.09,0.49
2000-02-28,2000,2,28,59,0.0,24.6,18.6,58.3,41.6,7.5,10.8,1003.1,16.3,1.0,0,1.09,0.49
2000-02-29,2000,2,29,60,10.28,28.2,20.1,63.4,36.9,9.1,12.8,1002.5,20.2,1.86,0,1.9,0.83
2000-03-01,2000,3,1,61,2.1,25.1,19.2,63.0,27.0,9.6,9.7,1005.1,18.3,1.23,0,2.2,0.8
2000-03-02,2000,3,2,62,33.38,25.6,19.3,72.9,46.5,7.9,19.0,1000.4,20.4,1.0,0,6.54,1.86
2000-03-03,2000,3,3,63,1.0,26.7,17.7,59.8,29.3,9.7,13.1,1007.5,18.5,1.3,0,6.68,1.89
2000-03-04,2000,3,4,64,18.46,27.0,18.3,71.1,37.8,8.4,7.3,998.7,21.1,1.04,0,9.32,2.51
2000-03-05,2000,3,5,65,1.73,27.8,18.7,61.8,40.1,9.4,8.1,1004.3,20.3,1.13,0,9.56,2.56
2000-03-06,2000,3,6,66,0.0,23.7,21.1,65.5,23.2,10.0,11.7,1005.0,16.4,1.0,0,9.56,2.56
2000-03-07,2000,3,7,67,12.49,25.9,17.9,63.5,28.8,8.9,11.9,1003.1,19.0,1.0,0,9.88,2.95
2000-03-08,2000,3,8,68,15.46,27.7,19.4,63.5,23.6,9.3,13.5,1005.0,19.7,1.31,0,11.79,3.45
2000-03-09,2000,3,9,69,4.7,24.3,20.0,62.3,46.4,7.0,8.6,1005.2,16.3,1.0,0,7.69,3.6
2000-03-10,2000,3,10,70,31.95,23.2,20.1,70.0,33.6,8.5,5.0,1002.2,17.2,1.0,0,12.11,4.67
2000-03-11,2000,3,11,71,8.73,23.9,19.0,60.9,27.3,9.9,12.4,1002.7,17.0,1.0,0,10.72,4.96
2000-03-12,2000,3,12,72,17.05,26.1,19.0,67.5,22.4,8.6,11.1,1002.0,19.3,1.0,0,12.91,5.53
2000-03-13,2000,3,13,73,10.59,29.4,21.8,62.4,22.2,8.2,6.4,1005.0,21.4,1.0,0,14.42,5.86
2000-03-14,2000,3,14,74,8.26,24.3,19.3,71.7,37.4,6.8,7.6,1002.7,19.5,1.0,0,13.82,6.14
2000-03-15,2000,3,15,75,9.12,24.9,19.2,64.1,24.6,8.8,9.7,1009.0,18.2,1.0,0,12.91,6.44
2000-03-16,2000,3,16,76,2.64,26.0,20.9,63.1,32.5,8.7,5.0,1005.6,19.0,1.14,0,12.62,6.53
2000-03-17,2000,3,17,77,0.0,25.4,20.0,55.3,27.2,10.4,12.1,1005.2,15.1,1.0,0,8.06,6.53
2000-03-18,2000,3,18,78,0.0,25.3,18.4,62.5,20.9,9.9,6.2,1004.8,17.4,1.0,0,6.81,6.53
2000-03-19,2000,3,19,79,5.46,24.1,21.2,59.5,15.0,10.7,5.0,1002.4,16.1,1.09,0,5.15,6.71
2000-03-20,2000,3,20,80,2.39,26.5,19.6,65.0,25.9,9.9,12.9,1006.3,19.7,1.0,0,3.98,6.78
2000-03-21,2000,3,21,81,22.7,30.4,19.7,61.9,30.4,9.6,6.9,1000.6,22.5,1.0,0,6.04,7.54
2000-03-22,2000,3,22,82,11.0,28.4,23.5,64.6,25.9,10.5,6.8,1007.2,20.5,1.0,0,6.31,7.9
2000-03-23,2000,3,23,83,1.21,29.5,20.1,64.8,25.3,9.1,7.7,1006.8,22.1,1.0,0,6.11,7.79
2000-03-24,2000,3,24,84,0.0,26.9,20.6,60.8,14.9,10.2,7.1,1006.3,18.0,1.0,0,6.11,7.79
2000-03-25,2000,3,25,85,8.21,26.7,21.7,63.1,29.4,8.7,7.9,1005.8,19.1,1.0,0,7.28,7.96
2000-03-26,2000,3,26,86,0.0,28.9,19.5,65.4,26.1,10.6,7.7,1005.6,21.7,1.38,0,6.5,7.96
2000-03-27,2000,3,27,87,29.43,28.4,21.4,66.1,25.8,10.1,10.6,1003.3,21.3,1.0,0,10.36,8.94
2000-03-28,2000,3,28,88,0.03,28.3,22.0,55.3,16.2,10.6,5.0,1004.4,18.7,1.0,0,7.13,8.95
2000-03-29,2000,3,29,89,0.0,31.0,22.5,55.8,19.6,11.9,14.5,1004.6,21.1,1.6,0,5.55,8.95
2000-03-30,2000,3,30,90,0.0,27.4,21.8,56.0,16.3,10.2,13.0,1003.8,17.7,1.14,0,5.38,8.6
2000-03-31,2000,3,31,91,0.0,27.4,19.8,61.7,14.7,9.8,5.6,1005.4,19.2,1.0,0,5.38,8.53
2000-04-01,2000,4,1,92,1.7,30.2,21.8,59.6,28.9,8.1,5.0,1008.5,21.7,1.09,0,4.45,7.48
2000-04-02,2000,4,2,93,7.36,30.1,19.7,67.2,33.0,9.2,10.0,1005.3,23.5,1.03,0,5.5,7.69
2000-04-03,2000,4,3,94,8.63,27.6,22.9,65.7,30.4,8.1,9.0,1001.8,20.3,1.0,0,2.53,7.36
2000-04-04,2000,4,4,95,0.0,29.4,22.8,61.5,11.5,11.5,5.0,1007.5,20.6,1.0,0,2.53,7.3
2000-04-05,2000,4,5,96,6.86,26.8,21.9,56.2,37.1,8.2,6.2,1002.0,17.4,1.06,0,3.51,7.53
2000-04-06,2000,4,6,97,0.8,30.0,21.9,62.8,24.5,9.2,5.0,1007.4,22.5,1.0,0,3.62,7.14
2000-04-07,2000,4,7,98,10.15,29.0,21.8,69.5,27.2,10.1,6.8,1004.6,23.0,1.02,0,5.07,6.97
2000-04-08,2000,4,8,99,5.69,29.5,21.9,63.2,30.4,8.6,10.0,1004.9,21.9,1.0,0,5.64,7.0
2000-04-09,2000,4,9,100,11.92,28.3,23.2,61.3,23.9,9.2,9.9,1006.1,19.8,1.0,0,6.29,6.33
2000-04-10,2000,4,10,101,9.31,31.9,21.7,58.1,0.4,12.1,5.0,1007.0,22.6,1.0,0,6.39,6.35
2000-04-11,2000,4,11,102,0.0,30.7,24.8,64.4,25.1,9.2,6.3,1004.4,23.0,1.28,0,6.39,5.78
2000-04-12,2000,4,12,103,7.34,31.9,22.5,64.1,33.9,9.4,9.5,1000.6,24.3,1.0,0,6.46,5.67
2000-04-13,2000,4,13,104,12.84,30.4,23.9,60.3,28.1,10.5,12.4,1005.2,21.4,1.0,0,8.18,5.83
2000-04-14,2000,4,14,105,10.53,32.5,20.5,66.6,12.7,12.8,9.1,1002.0,25.3,1.49,0,8.23,5.87
2000-04-15,2000,4,15,106,8.21,28.0,21.9,64.2,32.7,8.6,9.6,1002.6,20.2,1.05,0,8.59,6.06
2000-04-16,2000,4,16,107,23.19,31.0,23.8,75.2,38.2,7.9,9.1,1003.6,26.0,1.0,0,10.2,6.83
2000-04-17,2000,4,17,108,12.3,32.9,23.2,62.6,29.4,8.2,7.5,1002.9,24.6,1.3,0,10.63,7.24
2000-04-18,2000,4,18,109,3.48,28.3,22.9,64.0,12.7,11.3,6.5,1003.3,20.8,1.0,0,11.13,7.18
2000-04-19,2000,4,19,110,6.97,31.6,24.2,68.8,24.0,10.9,8.6,1003.5,24.7,1.32,0,11.07,7.33
2000-04-20,2000,4,20,111,0.0,32.4,25.6,62.9,14.8,9.8,5.0,1007.4,23.6,1.24,0,9.24,6.57
2000-04-21,2000,4,21,112,0.0,31.1,21.8,60.6,29.9,8.1,5.0,1004.0,23.0,1.0,0,7.74,6.21
2000-04-22,2000,4,22,113,8.52,33.3,24.4,63.6,30.7,11.5,10.2,1004.2,24.7,1.67,0,7.78,6.45
2000-04-23,2000,4,23,114,1.75,33.4,22.8,61.0,18.8,9.4,7.6,1007.3,25.3,1.0,0,4.72,6.51
2000-04-24,2000,4,24,115,6.87,31.1,24.5,62.5,20.3,9.7,5.9,1003.8,22.7,1.0,0,3.94,6.46
2000-04-25,2000,4,25,116,6.82,31.6,23.0,61.9,23.7,8.1,9.1,1002.3,23.9,1.0,0,4.42,6.69
2000-04-26,2000,4,26,117,4.98,30.6,24.3,68.6,31.6,7.0,6.6,1003.9,24.5,1.02,0,4.13,5.88
2000-04-27,2000,4,27,118,1.75,32.9,24.5,66.9,34.8,8.7,9.3,1000.8,25.7,1.0,0,4.38,5.93
2000-04-28,2000,4,28,119,1.79,32.9,23.0,65.8,20.1,11.3,8.8,1005.1,25.1,1.0,0,4.64,5.99
2000-04-29,2000,4,29,120,0.02,32.7,23.3,63.0,28.6,9.4,7.5,1004.3,25.0,1.0,0,3.43,5.99
2000-04-30,2000,4,30,121,9.57,33.0,23.8,67.1,28.0,7.8,6.3,1001.8,25.6,1.0,0,4.54,6.31
2000-05-01,2000,5,1,122,9.99,31.7,22.1,60.4,4.4,11.8,7.3,1008.6,22.5,1.61,0,4.99,6.59
2000-05-02,2000,5,2,123,4.97,30.9,24.7,67.6,26.1,8.4,7.0,1002.5,24.3,1.0,0,4.72,6.51
2000-05-03,2000,5,3,124,5.35,33.9,26.0,65.2,32.8,8.2,5.8,1006.5,26.0,1.29,0,4.78,6.4
2000-05-04,2000,5,4,125,0.0,33.0,22.8,58.0,19.1,10.5,8.7,1006.3,22.5,1.26,0,4.53,6.4
2000-05-05,2000,5,5,126,8.57,31.9,25.2,70.9,36.8,8.6,10.6,1003.3,25.8,1.0,0,5.5,6.46
2000-05-06,2000,5,6,127,2.31,32.5,24.9,63.6,34.3,9.1,12.3,1005.8,24.3,1.14,0,5.82,6.51
2000-05-07,2000,5,7,128,3.46,35.1,23.8,67.9,40.8,9.1,8.9,1004.0,26.0,1.52,0,4.95,6.28
2000-05-08,2000,5,8,129,27.72,35.1,27.1,74.3,33.9,8.9,13.1,1002.2,26.0,1.0,0,7.48,7.02
2000-05-09,2000,5,9,130,6.99,34.9,26.1,63.1,40.3,7.7,7.6,1003.7,26.0,1.0,0,7.77,6.85
2000-05-10,2000,5,10,131,3.28,34.0,26.3,68.3,33.0,9.5,8.8,1006.2,26.0,1.0,0,7.48,6.65
2000-05-11,2000,5,11,132,11.9,33.2,25.0,66.2,22.0,8.8,12.1,1004.4,25.9,1.0,0,9.18,7.05
2000-05-12,2000,5,12,133,3.35,36.3,23.2,59.1,27.4,9.7,9.4,1005.2,26.0,1.27,0,8.43,6.92
2000-05-13,2000,5,13,134,9.36,33.9,25.3,71.3,34.7,10.0,17.3,1000.6,26.0,1.26,0,9.44,6.8
2000-05-14,2000,5,14,135,6.13,34.9,25.0,68.1,30.6,8.8,7.7,1005.1,26.0,1.0,0,9.82,6.65
2000-05-15,2000,5,15,136,1.86,33.4,26.5,66.0,23.0,9.6,5.0,1002.6,26.0,1.0,0,6.12,6.44
2000-05-16,2000,5,16,137,17.64,34.4,24.6,74.6,44.3,9.5,9.7,1001.1,26.0,1.19,0,7.65,6.26
2000-05-17,2000,5,17,138,1.47,30.9,27.0,61.2,30.7,9.5,14.6,1004.7,22.7,1.03,0,7.39,5.9
2000-05-18,2000,5,18,139,42.04,34.0,24.7,72.8,45.1,8.0,20.4,1006.3,26.0,1.05,0,11.69,7.18
2000-05-19,2000,5,19,140,12.98,32.8,26.4,66.3,30.3,9.6,10.9,1004.7,25.5,1.54,0,13.07,7.38
2000-05-20,2000,5,20,141,13.73,35.5,24.7,69.3,25.5,9.1,12.3,1001.1,26.0,1.2,0,13.69,7.84
2000-05-21,2000,5,21,142,0.86,34.4,25.7,67.6,48.2,8.5,13.5,1009.4,26.0,1.27,0,12.94,7.87
2000-05-22,2000,5,22,143,15.25,34.9,24.2,80.2,44.7,9.2,16.1,1001.3,26.0,1.02,0,14.85,8.09
2000-05-23,2000,5,23,144,15.52,38.0,25.9,71.4,49.3,7.3,6.0,1005.6,26.0,1.0,0,14.55,8.55
2000-05-24,2000,5,24,145,8.51,34.1,24.7,70.9,49.9,7.8,12.7,1007.0,26.0,1.13,0,15.56,8.61
2000-05-25,2000,5,25,146,6.66,35.9,26.7,64.0,45.7,8.7,16.1,1004.7,26.0,1.3,0,10.5,8.6
2000-05-26,2000,5,26,147,0.0,36.1,26.9,64.7,41.6,9.1,12.0,1002.5,26.0,1.08,0,8.65,8.43
2000-05-27,2000,5,27,148,35.9,34.5,26.1,69.4,51.6,8.2,10.6,1003.3,26.0,1.0,0,11.81,9.57
2000-05-28,2000,5,28,149,0.0,37.6,25.4,76.5,29.4,8.3,17.5,1004.8,26.0,1.23,0,11.69,9.51
2000-05-29,2000,5,29,150,0.0,38.0,26.7,60.0,47.8,8.2,13.2,1001.2,26.0,1.07,0,9.51,9.51
2000-05-30,2000,5,30,151,0.0,38.0,27.4,65.7,29.4,10.8,6.8,1004.3,26.0,1.09,0,7.3,9.19
2000-05-31,2000,5,31,152,40.62,34.8,26.2,78.6,69.5,6.0,15.8,1000.3,26.0,1.0,1,11.88,10.21
2000-06-01,2000,6,1,153,120.43,35.3,25.9,90.1,79.2,5.8,25.7,1002.5,26.0,1.0,1,28.14,14.06
2000-06-02,2000,6,2,154,95.34,33.4,25.0,83.8,85.4,3.9,22.4,1004.2,26.0,1.0,1,41.76,17.06
2000-06-03,2000,6,3,155,71.14,36.2,26.8,76.7,74.0,5.4,26.5,1002.6,26.0,1.0,1,46.79,19.43
2000-06-04,2000,6,4,156,223.82,36.4,27.9,82.8,82.2,4.2,26.5,1005.1,26.0,1.0,1,78.76,26.61
2000-06-05,2000,6,5,157,148.67,37.8,28.0,84.4,83.5,4.6,25.3,1003.7,26.0,1.0,1,100.0,31.49
2000-06-06,2000,6,6,158,55.58,38.0,27.0,79.5,63.9,6.7,17.9,1001.0,26.0,1.27,1,107.94,33.22
2000-06-07,2000,6,7,159,34.46,34.9,25.1,77.0,58.6,5.7,18.4,1001.6,26.0,1.0,1,107.06,33.45
2000-06-08,2000,6,8,160,48.62,37.1,26.2,78.7,64.1,6.1,26.1,1005.4,26.0,1.0,1,96.8,34.84
2000-06-09,2000,6,9,161,236.53,36.6,28.0,82.0,82.7,4.2,26.4,1002.4,26.0,1.0,1,116.97,42.61
2000-06-10,2000,6,10,162,63.97,36.8,27.9,79.9,68.9,5.2,24.4,1008.4,26.0,1.0,1,115.95,44.35
2000-06-11,2000,6,11,163,99.15,38.0,25.7,81.5,71.2,5.6,20.6,1000.5,26.0,1.0,1,98.14,47.54
2000-06-12,2000,6,12,164,393.02,37.3,28.0,84.5,80.7,3.7,23.7,1005.0,26.0,1.0,1,133.05,60.33
2000-06-13,2000,6,13,165,161.27,38.0,25.7,89.0,90.3,2.8,25.1,999.1,26.0,1.0,1,148.15,65.5
2000-06-14,2000,6,14,166,85.41,38.0,26.6,80.4,77.6,4.2,25.4,996.5,26.0,1.0,1,155.42,68.29
2000-06-15,2000,6,15,167,69.35,37.6,27.7,81.9,75.2,4.0,26.7,1003.7,26.0,1.0,1,158.39,70.01
2000-06-16,2000,6,16,168,64.36,36.2,27.1,85.3,70.9,4.8,19.7,998.3,26.0,1.0,1,133.79,72.11
2000-06-17,2000,6,17,169,203.3,38.0,26.8,89.2,93.5,4.6,26.3,1005.2,26.0,1.0,1,153.69,77.48
2000-06-18,2000,6,18,170,215.9,37.4,27.2,93.3,96.5,2.0,26.1,1005.0,26.0,1.0,1,170.37,84.25
2000-06-19,2000,6,19,171,185.58,38.0,28.0,90.4,71.9,4.6,30.0,1001.1,26.0,1.0,1,140.74,89.97
2000-06-20,2000,6,20,172,125.05,37.9,28.0,88.3,77.6,4.8,26.7,1001.6,26.0,1.0,1,135.56,94.11
2000-06-21,2000,6,21,173,35.12,34.4,27.7,83.4,67.2,4.9,17.7,998.3,26.0,1.0,1,128.38,94.78
2000-06-22,2000,6,22,174,138.07,36.1,26.6,87.7,94.8,2.3,19.9,999.4,26.0,1.0,1,138.2,98.86
2000-06-23,2000,6,23,175,99.51,37.9,27.5,83.4,91.4,2.4,25.9,1000.4,26.0,1.0,1,143.22,101.89
2000-06-24,2000,6,24,176,346.21,36.5,28.0,90.5,92.1,3.3,26.6,1000.1,26.0,1.0,1,163.63,113.21
2000-06-25,2000,6,25,177,130.53,38.0,28.0,87.2,98.7,2.4,26.3,1003.0,26.0,1.0,1,151.44,117.56
2000-06-26,2000,6,26,178,96.37,36.4,28.0,89.4,97.4,3.1,30.6,1005.7,26.0,1.0,1,138.69,119.58
2000-06-27,2000,6,27,179,133.34,37.8,28.0,85.7,90.7,3.6,28.9,1001.9,26.0,1.0,1,139.88,124.02
2000-06-28,2000,6,28,180,113.59,35.3,28.0,89.2,93.5,4.1,25.5,1002.5,26.0,1.0,1,151.09,127.81
2000-06-29,2000,6,29,181,114.25,38.0,27.6,86.1,83.1,3.8,25.5,1003.2,26.0,1.0,1,147.69,131.62
2000-06-30,2000,6,30,182,127.34,38.0,28.0,92.3,98.0,1.8,27.8,1000.2,26.0,1.0,1,151.66,134.51
2000-07-01,2000,7,1,183,61.21,38.0,24.1,87.7,88.3,3.0,21.4,1002.9,26.0,1.0,1,110.95,132.54
2000-07-02,2000,7,2,184,405.61,37.8,28.0,91.6,92.1,4.7,26.9,1001.2,26.0,1.0,1,150.24,142.88
2000-07-03,2000,7,3,185,83.6,36.9,28.0,88.5,92.2,1.7,27.7,1005.9,26.0,1.0,1,148.42,143.29
2000-07-04,2000,7,4,186,82.14,38.0,26.5,93.2,97.0,3.7,25.6,1001.5,26.0,1.0,1,141.11,138.57
2000-07-05,2000,7,5,187,278.05,38.0,28.0,93.1,100.0,3.4,27.3,1003.1,26.0,1.0,1,164.6,142.88
2000-07-06,2000,7,6,188,67.94,37.9,28.0,87.1,85.6,4.1,23.8,1002.2,26.0,1.0,1,157.98,143.3
2000-07-07,2000,7,7,189,365.57,37.1,25.5,88.6,92.0,2.5,35.0,1001.8,26.0,1.0,1,192.02,154.33
2000-07-08,2000,7,8,190,353.07,35.4,28.0,96.0,100.0,2.9,33.5,1003.2,26.0,1.0,1,233.71,164.48
2000-07-09,2000,7,9,191,282.65,38.0,28.0,83.6,99.8,1.8,27.6,1001.9,26.0,1.0,1,216.15,166.02
2000-07-10,2000,7,10,192,42.76,37.0,28.0,94.9,88.3,3.2,20.0,1002.1,26.0,1.0,1,210.31,165.31
2000-07-11,2000,7,11,193,184.21,37.3,28.0,90.3,89.5,3.7,19.9,1001.9,26.0,1.0,1,224.89,168.15
2000-07-12,2000,7,12,194,397.59,38.0,27.5,96.1,100.0,2.1,24.6,1006.7,26.0,1.0,1,241.97,168.3
2000-07-13,2000,7,13,195,192.37,36.5,28.0,95.2,97.1,1.9,31.9,1002.1,26.0,1.0,1,259.75,169.33
2000-07-14,2000,7,14,196,93.81,38.0,26.6,91.9,100.0,2.3,28.8,1003.9,26.0,1.0,1,220.92,169.61
2000-07-15,2000,7,15,197,421.05,36.4,28.0,95.4,100.0,2.9,30.1,1001.0,26.0,1.0,1,230.63,181.34
2000-07-16,2000,7,16,198,73.55,34.9,27.5,93.4,100.0,3.4,30.2,1001.8,26.0,1.0,1,200.76,181.64
2000-07-17,2000,7,17,199,167.24,36.9,28.0,97.7,100.0,3.0,28.3,1004.5,26.0,1.0,1,218.55,180.44
2000-07-18,2000,7,18,200,195.39,38.0,27.0,91.9,100.0,3.7,33.1,1003.1,26.0,1.0,1,220.14,179.76
2000-07-19,2000,7,19,201,267.44,38.0,28.0,97.9,100.0,2.6,31.4,1006.0,26.0,1.0,1,201.55,182.49
2000-07-20,2000,7,20,202,295.86,38.0,28.0,87.7,100.0,2.3,29.4,1001.6,26.0,1.0,1,216.33,188.18
2000-07-21,2000,7,21,203,63.17,37.4,27.9,96.2,100.0,3.9,27.3,1006.2,26.0,1.0,1,211.96,189.12
2000-07-22,2000,7,22,204,261.94,37.1,27.8,95.9,100.0,2.1,33.6,1002.3,26.0,1.0,1,189.23,193.25
2000-07-23,2000,7,23,205,71.91,35.9,28.0,96.7,92.7,3.8,31.5,1002.1,26.0,1.0,1,188.99,192.33
2000-07-24,2000,7,24,206,89.81,37.9,28.0,98.0,100.0,3.4,26.0,1003.2,26.0,1.0,1,177.93,183.78
2000-07-25,2000,7,25,207,94.58,38.0,27.0,98.0,100.0,0.5,34.3,1001.9,26.0,1.0,1,163.53,182.58
2000-07-26,2000,7,26,208,145.95,37.7,27.0,97.2,100.0,2.4,31.6,1004.1,26.0,1.0,1,146.17,184.23
2000-07-27,2000,7,27,209,621.34,36.5,28.0,93.6,100.0,1.5,29.6,1002.2,26.0,1.0,1,192.67,200.5
2000-07-28,2000,7,28,210,325.87,37.8,24.5,98.0,100.0,1.5,28.3,1001.1,26.0,1.0,1,230.2,207.58
2000-07-29,2000,7,29,211,50.14,38.0,24.2,96.1,94.8,2.2,25.9,1002.3,26.0,1.0,1,199.94,205.44
2000-07-30,2000,7,30,212,138.65,37.2,26.4,98.0,100.0,0.9,31.1,997.7,26.0,1.0,1,209.48,205.82
2000-07-31,2000,7,31,213,120.4,35.6,27.6,96.1,100.0,3.0,28.6,1001.1,26.0,1.0,1,213.85,207.79
2000-08-01,2000,8,1,214,139.59,37.7,25.9,96.5,100.0,2.2,32.4,1003.3,26.0,1.0,1,220.28,198.92
2000-08-02,2000,8,2,215,158.1,38.0,25.7,98.0,100.0,3.2,28.0,1004.9,26.0,1.0,1,222.01,201.4
2000-08-03,2000,8,3,216,113.07,38.0,26.6,98.0,100.0,2.6,24.3,1004.0,26.0,1.0,1,149.4,202.44
2000-08-04,2000,8,4,217,166.4,38.0,28.0,98.0,100.0,2.3,32.0,1002.7,26.0,1.0,1,126.62,198.71
2000-08-05,2000,8,5,218,98.75,37.4,26.6,94.6,100.0,1.7,33.5,1002.5,26.0,1.0,1,133.57,199.74
2000-08-06,2000,8,6,219,164.07,35.9,28.0,98.0,100.0,2.0,34.6,1001.7,26.0,1.0,1,137.2,193.02
2000-08-07,2000,8,7,220,87.63,35.6,27.1,94.0,100.0,2.7,35.0,1002.3,26.0,1.0,1,132.52,184.18
2000-08-08,2000,8,8,221,40.37,36.5,28.0,97.1,98.6,2.2,21.4,1003.6,26.0,1.0,1,118.34,176.1
2000-08-09,2000,8,9,222,21.09,37.8,26.6,92.6,90.7,2.8,24.1,1000.9,26.0,1.0,1,98.77,175.38
2000-08-10,2000,8,10,223,102.31,35.9,27.4,98.0,100.0,2.3,35.0,1002.2,26.0,1.0,1,97.23,172.65
2000-08-11,2000,8,11,224,148.63,36.0,27.1,98.0,100.0,3.2,32.7,1004.3,26.0,1.0,1,94.69,164.35
2000-08-12,2000,8,12,225,163.63,35.4,26.6,95.5,100.0,2.4,32.4,1004.0,26.0,1.0,1,103.96,163.39
2000-08-13,2000,8,13,226,127.74,38.0,27.7,98.0,100.0,3.2,34.2,1003.0,26.0,1.0,1,98.77,164.52
2000-08-14,2000,8,14,227,86.12,36.2,27.5,98.0,100.0,0.5,35.0,1000.4,26.0,1.0,1,98.56,153.36
2000-08-15,2000,8,15,228,136.73,37.5,26.9,98.0,100.0,2.4,32.9,1004.4,26.0,1.0,1,112.32,155.46
2000-08-16,2000,8,16,229,233.34,38.0,24.2,98.0,100.0,2.2,33.8,998.3,26.0,1.0,1,142.64,157.67
2000-08-17,2000,8,17,230,330.3,34.9,25.1,98.0,100.0,1.5,31.0,1001.0,26.0,1.0,1,175.21,162.16
2000-08-18,2000,8,18,231,124.23,37.3,25.3,98.0,100.0,2.4,30.7,1002.9,26.0,1.0,1,171.73,157.39
2000-08-19,2000,8,19,232,101.43,36.0,26.6,98.0,100.0,2.9,28.7,1004.0,26.0,1.0,1,162.84,150.91
2000-08-20,2000,8,20,233,34.4,38.0,26.2,98.0,100.0,2.3,21.0,1001.3,26.0,1.0,1,149.51,149.95
2000-08-21,2000,8,21,234,160.81,34.7,25.3,98.0,100.0,1.2,35.0,1003.2,26.0,1.0,1,160.18,146.58
2000-08-22,2000,8,22,235,107.55,36.2,25.2,98.0,100.0,2.6,33.1,1000.2,26.0,1.0,1,156.01,147.77
2000-08-23,2000,8,23,236,174.45,36.7,26.9,98.0,100.0,3.1,33.1,1003.1,26.0,1.0,1,147.6,150.59
2000-08-24,2000,8,24,237,23.71,34.6,25.2,94.4,95.0,2.8,27.4,1004.6,26.0,1.0,1,103.8,148.23
2000-08-25,2000,8,25,238,139.85,35.2,23.0,98.0,100.0,2.2,35.0,1002.2,26.0,1.0,1,106.03,148.02
2000-08-26,2000,8,26,239,29.84,35.2,26.1,97.3,100.0,1.7,26.6,1005.3,26.0,1.0,1,95.8,128.31
2000-08-27,2000,8,27,240,46.41,37.0,25.2,98.0,100.0,2.5,25.2,1003.0,26.0,1.0,1,97.52,118.99
2000-08-28,2000,8,28,241,41.51,38.0,26.7,95.7,100.0,1.9,28.4,1003.9,26.0,1.0,1,80.47,118.7
2000-08-29,2000,8,29,242,179.95,37.5,24.8,98.0,100.0,5.1,35.0,1002.8,26.0,1.0,1,90.82,120.08
2000-08-30,2000,8,30,243,83.42,37.2,25.3,98.0,100.0,3.1,28.8,998.1,26.0,1.0,1,77.81,118.85
2000-08-31,2000,8,31,244,191.15,28.6,25.8,98.0,100.0,2.4,35.0,1004.7,26.0,1.0,1,101.73,120.57
2000-09-01,2000,9,1,245,145.66,35.0,22.8,98.0,100.0,2.5,31.4,1003.5,26.0,1.0,1,102.56,120.15
2000-09-02,2000,9,2,246,207.77,34.8,24.6,93.0,100.0,2.0,35.0,1002.8,26.0,1.0,1,127.98,123.31
2000-09-03,2000,9,3,247,33.44,35.8,24.3,98.0,92.0,3.3,26.9,1000.0,26.0,1.0,1,126.13,118.88
2000-09-04,2000,9,4,248,49.26,32.3,24.6,98.0,100.0,2.6,26.9,1002.2,26.0,1.0,1,127.24,117.23
2000-09-05,2000,9,5,249,153.52,35.4,24.5,98.0,100.0,1.5,35.0,1001.6,26.0,1.0,1,123.46,116.88
2000-09-06,2000,9,6,250,146.55,31.1,25.0,98.0,100.0,1.9,32.4,998.5,26.0,1.0,1,132.48,118.84
2000-09-07,2000,9,7,251,167.01,35.7,25.2,98.0,100.0,2.4,27.5,1006.5,26.0,1.0,1,129.03,123.06
2000-09-08,2000,9,8,252,216.03,31.5,25.6,98.0,100.0,2.4,33.7,1004.9,26.0,1.0,1,139.08,129.56
2000-09-09,2000,9,9,253,169.58,35.7,25.4,97.4,100.0,1.9,35.0,1000.8,26.0,1.0,1,133.63,131.8
2000-09-10,2000,9,10,254,25.01,35.5,26.1,98.0,100.0,1.7,24.0,1001.0,26.0,1.0,1,132.42,127.68
2000-09-11,2000,9,11,255,68.61,33.1,25.8,98.0,100.0,2.5,27.8,1002.8,26.0,1.0,1,135.19,124.51
2000-09-12,2000,9,12,256,16.64,34.2,26.2,90.5,100.0,2.5,22.0,1004.5,26.0,1.0,1,115.63,120.81
2000-09-13,2000,9,13,257,79.69,33.4,25.9,98.0,100.0,1.7,33.0,1002.0,26.0,1.0,1,106.08,120.6
2000-09-14,2000,9,14,258,327.73,31.1,23.7,97.9,100.0,0.4,35.0,1003.0,26.0,1.0,1,129.04,126.96
2000-09-15,2000,9,15,259,190.02,34.0,23.9,98.0,100.0,2.5,29.6,1001.0,26.0,1.0,1,125.33,125.52
2000-09-16,2000,9,16,260,79.82,34.8,23.9,98.0,100.0,2.7,33.9,1000.7,26.0,1.0,1,112.5,117.17
2000-09-17,2000,9,17,261,65.83,32.4,25.5,98.0,100.0,2.5,28.8,1001.3,26.0,1.0,1,118.33,115.22
2000-09-18,2000,9,18,262,75.24,33.7,23.7,98.0,100.0,3.4,35.0,1001.3,26.0,1.0,1,119.28,114.35
2000-09-19,2000,9,19,263,110.25,31.3,24.8,98.0,100.0,2.6,35.0,999.4,26.0,1.0,1,132.65,116.88
2000-09-20,2000,9,20,264,345.06,33.9,21.6,98.0,100.0,2.2,35.0,1002.4,26.0,1.0,1,170.56,123.02
2000-09-21,2000,9,21,265,83.72,32.4,21.2,98.0,100.0,1.2,35.0,1005.1,26.0,1.0,1,135.71,122.22
2000-09-22,2000,9,22,266,148.22,32.2,25.2,98.0,100.0,1.9,31.5,1000.2,26.0,1.0,1,129.73,121.35
2000-09-23,2000,9,23,267,24.1,32.8,24.2,94.4,99.1,1.9,25.3,1001.4,26.0,1.0,1,121.77,121.36
2000-09-24,2000,9,24,268,45.84,34.3,24.9,98.0,100.0,2.1,30.0,1000.9,26.0,1.0,1,118.92,118.23
2000-09-25,2000,9,25,269,50.96,32.6,21.5,98.0,100.0,0.9,34.8,1000.1,26.0,1.0,1,115.45,118.93
2000-09-26,2000,9,26,270,299.68,30.1,23.5,98.0,100.0,2.4,31.3,996.4,26.0,1.0,1,142.51,127.38
2000-09-27,2000,9,27,271,203.79,30.5,21.4,98.0,100.0,1.4,32.7,1000.9,26.0,1.0,1,122.33,132.78
2000-09-28,2000,9,28,272,147.19,31.3,24.2,98.0,100.0,2.2,35.0,1001.0,26.0,1.0,1,131.4,131.69
2000-09-29,2000,9,29,273,168.39,32.0,23.1,98.0,100.0,1.5,35.0,1004.3,26.0,1.0,1,134.28,134.53
2000-09-30,2000,9,30,274,9.65,29.4,22.8,96.3,99.2,1.9,22.4,1003.4,26.0,1.0,1,132.21,128.48
2000-10-01,2000,10,1,275,19.98,31.6,23.9,98.0,100.0,1.2,32.6,1004.1,26.0,1.0,1,128.52,124.29
2000-10-02,2000,10,2,276,3.36,32.2,22.6,94.3,94.7,1.7,21.6,1004.1,26.0,1.0,1,121.72,117.47
2000-10-03,2000,10,3,277,15.2,30.0,22.5,91.4,100.0,2.3,21.9,1002.4,26.0,1.0,1,81.08,116.86
2000-10-04,2000,10,4,278,17.17,33.6,20.8,93.0,94.9,3.1,24.4,1006.4,26.0,1.0,1,54.42,115.79
2000-10-05,2000,10,5,279,15.74,29.4,24.1,98.0,100.0,1.8,22.7,1002.0,26.0,1.0,1,35.64,111.2
2000-10-06,2000,10,6,280,22.83,30.6,22.5,98.0,86.8,4.2,26.8,1002.4,26.0,1.0,1,14.85,107.08
2000-10-07,2000,10,7,281,10.53,27.1,22.9,91.2,96.0,3.1,26.9,1002.5,25.4,1.0,1,14.97,101.86
2000-10-08,2000,10,8,282,37.81,29.6,20.5,98.0,100.0,2.0,30.8,1001.3,26.0,1.0,1,17.52,95.92
2000-10-09,2000,10,9,283,3.66,29.7,23.7,97.9,87.8,2.3,25.7,1006.2,26.0,1.0,1,17.56,90.39
2000-10-10,2000,10,10,284,5.91,29.2,22.2,93.1,94.6,2.6,22.6,1004.0,26.0,1.0,1,16.24,89.75
2000-10-11,2000,10,11,285,5.81,28.6,23.9,93.9,100.0,2.1,23.9,1001.9,26.0,1.0,1,14.61,87.66
2000-10-12,2000,10,12,286,25.49,28.7,23.0,98.0,97.1,2.5,21.9,1002.8,26.0,1.0,1,16.01,87.96
2000-10-13,2000,10,13,287,10.08,30.3,18.7,91.3,99.8,1.5,21.1,1005.6,26.0,1.0,1,14.18,85.64
2000-10-14,2000,10,14,288,11.16,26.4,22.5,93.8,87.3,2.5,27.3,1002.0,25.3,1.0,1,14.27,75.08
2000-10-15,2000,10,15,289,16.05,26.3,22.6,87.2,88.4,1.6,24.4,1001.7,24.0,1.0,1,11.17,69.28
2000-10-16,2000,10,16,290,55.97,28.2,22.1,98.0,100.0,1.9,30.8,1001.0,26.0,1.0,1,18.64,68.49
2000-10-17,2000,10,17,291,59.0,28.7,21.5,98.0,100.0,1.7,32.5,1001.8,26.0,1.0,1,26.22,68.26
2000-10-18,2000,10,18,292,21.47,27.5,20.9,92.0,94.0,3.3,19.3,1003.4,25.6,1.0,1,28.46,66.47
2000-10-19,2000,10,19,293,52.85,28.7,21.0,98.0,100.0,1.0,31.3,1002.4,26.0,1.0,1,32.37,64.56
2000-10-20,2000,10,20,294,9.55,29.4,22.7,91.8,100.0,1.7,22.5,1004.0,26.0,1.0,1,32.29,53.37
2000-10-21,2000,10,21,295,2.22,29.8,22.6,95.1,93.9,1.5,25.0,1006.9,26.0,1.0,1,31.02,50.66
2000-10-22,2000,10,22,296,0.42,30.1,20.6,97.0,100.0,3.0,22.0,1004.6,26.0,1.0,1,28.78,45.73
2000-10-23,2000,10,23,297,23.7,26.0,19.7,96.5,88.5,2.6,22.9,1003.9,25.4,1.0,1,24.17,45.72
2000-10-24,2000,10,24,298,9.54,26.7,22.1,94.0,92.4,1.4,22.8,1002.4,25.0,1.0,1,17.11,44.51
2000-10-25,2000,10,25,299,7.36,26.4,21.6,96.4,93.6,2.4,19.5,1004.7,26.0,1.0,1,15.09,43.05
2000-10-26,2000,10,26,300,19.89,29.1,20.7,95.4,94.1,2.4,29.0,1003.0,26.0,1.0,1,10.38,33.73
2000-10-27,2000,10,27,301,9.23,26.5,19.1,93.7,94.7,1.7,24.5,1003.0,24.4,1.0,1,10.34,27.24
2000-10-28,2000,10,28,302,8.09,27.8,18.2,85.9,88.8,2.8,26.4,1004.5,24.9,1.0,1,11.18,22.6
2000-10-29,2000,10,29,303,28.67,25.1,21.0,98.0,100.0,0.9,28.8,999.3,24.5,1.0,1,15.21,17.95
2000-10-30,2000,10,30,304,32.07,26.1,19.4,98.0,100.0,1.2,24.3,1003.3,26.0,1.0,1,16.41,18.69
2000-10-31,2000,10,31,305,12.69,25.6,19.2,88.2,88.0,2.4,24.1,1000.7,23.0,1.0,1,16.86,18.45
2000-11-01,2000,11,1,306,99.71,27.9,20.4,95.2,100.0,3.8,34.7,1005.0,26.0,1.0,1,30.05,21.66
2000-11-02,2000,11,2,307,25.98,24.9,19.1,98.0,95.5,3.0,27.5,1001.9,24.9,1.0,1,30.92,22.02
2000-11-03,2000,11,3,308,73.75,29.3,19.1,98.0,100.0,1.6,34.6,1000.8,26.0,1.0,1,40.14,23.91
2000-11-04,2000,11,4,309,6.4,26.8,18.7,86.7,78.5,3.7,21.0,1005.5,24.2,1.0,1,39.9,23.6
2000-11-05,2000,11,5,310,68.48,25.3,20.3,98.0,100.0,2.6,33.4,1003.1,25.5,1.0,1,45.58,25.12
2000-11-06,2000,11,6,311,70.58,26.7,18.2,98.0,100.0,2.6,32.8,1002.3,25.7,1.0,1,51.08,27.12
2000-11-07,2000,11,7,312,13.8,24.9,17.5,87.8,92.1,2.1,20.5,997.9,23.3,1.0,1,51.24,26.32
2000-11-08,2000,11,8,313,6.83,24.4,18.1,83.2,84.2,5.1,20.2,1006.1,22.0,1.0,1,37.97,26.42
2000-11-09,2000,11,9,314,73.34,26.9,20.8,98.0,97.2,1.6,33.8,1002.5,26.0,1.0,1,44.74,28.67
2000-11-10,2000,11,10,315,8.14,27.8,18.3,96.2,91.9,2.2,21.8,1002.5,26.0,1.0,1,35.37,28.75
2000-11-11,2000,11,11,316,24.09,26.2,19.5,93.0,96.0,2.5,24.1,1000.5,24.5,1.0,1,37.89,28.7
2000-11-12,2000,11,12,317,17.77,23.7,18.5,98.0,91.7,2.5,21.2,1005.1,23.2,1.0,1,30.65,28.96
2000-11-13,2000,11,13,318,33.47,24.2,18.6,98.0,97.2,1.5,28.7,1003.1,24.1,1.0,1,25.35,29.7
2000-11-14,2000,11,14,319,2.94,27.6,20.4,86.4,83.7,3.0,24.9,1007.7,25.8,1.0,1,23.8,29.27
2000-11-15,2000,11,15,320,13.51,26.4,18.8,98.0,93.3,1.8,20.6,1005.6,25.8,1.0,1,24.75,27.85
2000-11-16,2000,11,16,321,11.5,23.4,20.6,81.4,82.4,3.4,24.4,1004.1,19.6,1.0,1,15.92,26.27
2000-11-17,2000,11,17,322,15.4,23.9,20.8,89.8,98.1,1.6,24.4,1003.9,22.4,1.0,1,16.95,26.07
2000-11-18,2000,11,18,323,11.5,25.1,20.3,96.2,82.1,3.7,20.2,1000.3,24.6,1.0,1,15.16,24.69
2000-11-19,2000,11,19,324,4.3,24.5,17.7,84.9,94.6,2.3,18.9,1005.7,22.0,1.0,1,13.23,24.51
2000-11-20,2000,11,20,325,37.43,27.8,18.5,98.0,96.2,1.2,27.5,1002.6,26.0,1.0,1,13.8,25.69
2000-11-21,2000,11,21,326,56.26,23.5,20.0,92.6,100.0,1.2,23.0,1002.4,22.4,1.0,1,21.41,27.55
2000-11-22,2000,11,22,327,8.17,25.4,19.1,84.5,90.4,3.4,14.4,1003.0,22.4,1.0,1,20.65,27.03
2000-11-23,2000,11,23,328,6.46,24.8,19.4,87.9,84.2,3.0,24.2,1005.4,23.2,1.0,1,19.93,26.93
2000-11-24,2000,11,24,329,14.17,22.0,19.5,91.5,86.1,2.1,21.6,1002.1,20.6,1.0,1,19.76,27.15
2000-11-25,2000,11,25,330,87.73,22.0,19.5,98.0,100.0,1.3,32.5,1000.2,21.9,1.0,1,30.65,29.42
2000-11-26,2000,11,26,331,20.17,23.5,16.7,88.4,70.2,4.5,29.5,1000.7,22.1,1.0,1,32.91,29.78
2000-11-27,2000,11,27,332,5.34,24.6,17.7,81.2,56.0,7.7,20.5,1001.9,21.0,1.0,1,28.33,29.69
2000-11-28,2000,11,28,333,64.68,26.3,17.0,98.0,100.0,1.2,29.9,1004.2,26.0,1.0,1,29.53,30.89
2000-11-29,2000,11,29,334,23.27,22.6,17.5,91.6,84.3,2.8,21.6,1001.7,21.8,1.0,1,31.69,30.6
2000-11-30,2000,11,30,335,1.69,24.4,17.9,87.1,70.9,4.6,17.6,1004.3,22.0,1.0,0,31.01,30.23
2000-12-01,2000,12,1,336,2.34,23.2,17.7,86.7,79.0,4.2,15.4,1007.1,21.2,1.0,0,29.32,26.98
2000-12-02,2000,12,2,337,0.0,26.1,16.8,79.5,71.2,6.0,20.2,1002.9,21.9,1.0,0,16.78,26.12
2000-12-03,2000,12,3,338,0.0,23.4,16.0,81.3,62.6,5.1,18.6,1002.6,20.3,1.0,0,13.9,23.66
2000-12-04,2000,12,4,339,3.05,22.7,16.0,79.3,79.9,3.4,15.8,1004.9,19.6,1.0,0,13.58,23.55
2000-12-05,2000,12,5,340,4.22,23.6,19.5,85.7,84.5,2.1,21.6,1003.2,21.0,1.0,0,4.94,21.4
2000-12-06,2000,12,6,341,2.87,23.5,18.8,81.2,74.0,3.1,16.8,1006.6,20.6,1.0,0,2.02,19.15
2000-12-07,2000,12,7,342,0.0,25.3,17.6,86.7,75.0,4.0,18.1,1004.3,23.2,1.0,0,1.78,18.69
2000-12-08,2000,12,8,343,0.0,23.1,16.0,73.5,66.5,4.2,19.4,1003.5,17.5,1.0,0,1.45,18.46
2000-12-09,2000,12,9,344,0.0,23.7,16.1,81.7,71.2,3.1,18.2,1003.5,20.5,1.0,0,1.45,16.02
2000-12-10,2000,12,10,345,0.0,22.0,17.7,89.6,76.5,3.3,16.9,1006.2,20.5,1.0,0,1.45,15.74
2000-12-11,2000,12,11,346,0.0,22.0,18.0,76.3,62.8,4.2,13.3,1004.3,18.2,1.0,0,1.01,14.94
2000-12-12,2000,12,12,347,0.0,22.3,16.6,79.6,74.1,4.0,17.9,1005.6,18.7,1.0,0,0.41,14.35
2000-12-13,2000,12,13,348,0.0,22.9,17.6,77.3,67.4,3.8,20.0,1003.3,19.1,1.0,0,0.0,13.23
2000-12-14,2000,12,14,349,0.0,22.0,16.8,82.0,74.1,3.8,13.5,1002.8,18.6,1.0,0,0.0,13.14
2000-12-15,2000,12,15,350,0.0,23.1,18.2,70.2,71.6,4.7,12.8,1003.2,16.9,1.0,0,0.0,12.68
2000-12-16,2000,12,16,351,0.0,22.0,16.8,73.1,62.7,5.1,21.0,1003.6,16.0,1.0,0,0.0,12.3
2000-12-17,2000,12,17,352,3.35,25.1,16.7,75.3,66.7,4.8,14.0,1005.8,20.1,1.0,0,0.48,11.9
2000-12-18,2000,12,18,353,0.0,22.2,16.2,81.0,70.5,3.5,14.7,1001.9,17.8,1.0,0,0.48,11.52
2000-12-19,2000,12,19,354,0.0,23.1,17.6,76.5,63.2,5.7,15.3,1002.7,18.1,1.0,0,0.48,11.37
2000-12-20,2000,12,20,355,0.0,22.1,17.2,74.4,58.3,5.9,18.5,1006.2,15.9,1.0,0,0.48,10.13
2000-12-21,2000,12,21,356,0.0,22.2,16.0,78.3,64.0,5.0,11.7,1005.8,17.8,1.0,0,0.48,8.25
2000-12-22,2000,12,22,357,0.0,23.1,17.1,77.3,71.9,4.5,14.9,1006.1,18.2,1.0,0,0.48,7.98
2000-12-23,2000,12,23,358,0.64,22.5,16.8,75.7,41.0,7.3,12.3,1002.5,17.8,1.0,0,0.57,7.78
2000-12-24,2000,12,24,359,0.0,22.0,17.7,73.9,64.7,5.4,21.7,1004.9,17.1,1.0,0,0.09,7.31
2000-12-25,2000,12,25,360,0.0,22.7,16.4,72.0,58.5,6.2,13.5,1001.7,16.6,1.0,0,0.09,4.39
2000-12-26,2000,12,26,361,0.0,22.0,16.0,81.1,57.1,5.5,12.3,1002.0,19.3,1.0,0,0.09,3.72
2000-12-27,2000,12,27,362,0.0,23.0,16.0,81.1,67.7,4.4,12.9,1004.1,20.3,1.0,0,0.09,3.54
2000-12-28,2000,12,28,363,0.0,23.9,18.7,69.6,44.9,6.6,14.4,1005.5,17.9,1.0,0,0.09,1.38
2000-12-29,2000,12,29,364,0.0,23.6,16.2,73.1,52.6,5.7,15.3,1007.1,18.7,1.0,0,0.09,0.61
2000-12-30,2000,12,30,365,0.0,22.0,17.7,76.2,67.3,4.1,16.8,1004.1,17.7,1.0,0,0.0,0.55
2000-12-31,2000,12,31,366,0.0,22.0,16.0,70.5,38.3,7.6,12.1,1006.0,16.1,1.0,0,0.0,0.47
2001-01-01,2001,1,1,1,0.0,25.5,16.9,77.1,60.8,5.2,12.2,1003.1,20.5,1.0,0,0.0,0.47
2001-01-02,2001,1,2,2,0.0,22.8,16.0,74.7,66.5,4.8,8.2,1007.8,17.8,1.0,0,0.0,0.47
2001-01-03,2001,1,3,3,0.0,22.6,16.5,76.9,64.4,5.4,11.0,1006.4,18.1,1.0,0,0.0,0.37
2001-01-04,2001,1,4,4,0.0,22.0,16.0,82.6,61.1,5.6,12.3,1003.3,19.5,1.0,0,0.0,0.23
2001-01-05,2001,1,5,5,0.49,22.0,16.0,66.6,41.9,8.4,18.7,1004.1,16.1,1.0,0,0.07,0.15
2001-01-06,2001,1,6,6,0.0,22.0,16.0,78.7,62.1,5.3,14.1,1005.3,17.5,1.0,0,0.07,0.15
2001-01-07,2001,1,7,7,0.0,22.0,16.1,70.5,45.3,6.8,12.7,1004.0,16.4,1.0,0,0.07,0.15
2001-01-08,2001,1,8,8,0.0,22.2,16.0,75.1,50.9,6.5,18.2,1002.9,17.8,1.0,0,0.07,0.15
2001-01-09,2001,1,9,9,0.0,24.5,16.0,74.3,50.8,7.0,12.6,1005.6,21.0,1.06,0,0.07,0.15
2001-01-10,2001,1,10,10,0.0,22.4,16.5,77.5,42.5,8.9,10.8,1005.0,17.5,1.0,0,0.07,0.15
2001-01-11,2001,1,11,11,0.0,23.0,16.0,72.0,59.4,5.9,10.7,1003.9,18.7,1.0,0,0.07,0.15
2001-01-12,2001,1,12,12,0.0,22.0,16.0,68.2,46.0,7.1,9.7,1005.4,15.8,1.0,0,0.0,0.15
2001-01-13,2001,1,13,13,0.0,22.0,18.6,72.2,47.6,7.6,10.5,1002.0,16.4,1.0,0,0.0,0.15
2001-01-14,2001,1,14,14,0.0,22.0,18.3,77.7,45.5,6.6,12.9,1005.7,17.4,1.0,0,0.0,0.15
2001-01-15,2001,1,15,15,2.1,22.0,16.0,73.2,42.7,7.2,12.4,1005.2,16.5,1.0,0,0.3,0.22
2001-01-16,2001,1,16,16,0.0,22.0,16.8,68.2,49.6,6.8,15.6,1003.2,16.5,1.0,0,0.3,0.11
2001-01-17,2001,1,17,17,1.25,22.0,16.0,70.2,50.7,5.8,13.6,1001.2,16.9,1.0,0,0.48,0.15
2001-01-18,2001,1,18,18,0.0,22.0,16.0,71.0,68.9,3.6,15.2,1006.0,16.5,1.0,0,0.48,0.15
2001-01-19,2001,1,19,19,0.0,22.0,16.0,70.2,41.8,7.9,16.3,1003.4,16.4,1.0,0,0.48,0.15
2001-01-20,2001,1,20,20,0.0,22.1,18.3,69.4,40.0,6.8,14.3,1006.1,16.4,1.0,0,0.48,0.15
2001-01-21,2001,1,21,21,0.0,22.0,17.2,73.2,53.6,7.0,9.3,1006.8,16.0,1.0,0,0.48,0.15
2001-01-22,2001,1,22,22,0.53,24.4,17.4,77.4,53.3,6.0,11.3,1008.8,19.6,1.0,0,0.25,0.15
2001-01-23,2001,1,23,23,1.47,24.9,17.2,73.3,42.0,7.3,15.2,1001.2,20.7,1.0,0,0.46,0.19
2001-01-24,2001,1,24,24,0.0,23.8,16.4,71.1,45.2,5.7,15.9,1006.4,18.8,1.0,0,0.29,0.19
2001-01-25,2001,1,25,25,2.47,22.9,16.0,73.7,56.4,6.3,12.4,1003.0,18.2,1.0,0,0.64,0.28
2001-01-26,2001,1,26,26,0.0,22.8,16.6,70.7,31.7,8.8,17.3,1006.2,16.6,1.0,0,0.64,0.28
2001-01-27,2001,1,27,27,1.61,23.2,18.4,69.3,34.6,8.6,10.1,1005.3,17.5,1.0,0,0.87,0.33
2001-01-28,2001,1,28,28,0.0,22.6,16.7,65.4,41.1,8.1,12.2,1008.1,15.9,1.12,0,0.87,0.33
2001-01-29,2001,1,29,29,1.37,22.8,19.1,65.8,32.4,7.0,6.9,1005.7,16.0,1.0,0,0.99,0.38
2001-01-30,2001,1,30,30,0.47,22.0,16.0,67.4,32.9,7.3,11.3,1007.5,16.2,1.0,0,0.85,0.39
2001-01-31,2001,1,31,31,0.0,22.8,16.0,68.2,47.6,5.8,12.9,1005.0,16.4,1.0,0,0.85,0.39
2001-02-01,2001,2,1,32,3.28,23.4,16.0,72.9,44.0,6.9,15.1,1002.9,18.3,1.0,0,0.96,0.5
2001-02-02,2001,2,2,33,0.0,23.2,16.7,66.2,35.4,7.4,5.0,1009.8,16.2,1.0,0,0.96,0.5
2001-02-03,2001,2,3,34,0.0,24.5,18.6,65.0,28.6,9.1,6.0,1005.7,17.7,1.17,0,0.73,0.5
2001-02-04,2001,2,4,35,0.28,25.0,16.4,67.4,38.7,7.8,8.8,1004.2,18.0,1.0,0,0.77,0.49
2001-02-05,2001,2,5,36,1.34,22.1,16.0,68.3,45.5,7.5,5.0,1003.7,15.8,1.0,0,0.77,0.54
2001-02-06,2001,2,6,37,0.0,22.0,17.1,63.5,22.6,9.8,10.6,1007.0,15.0,1.29,0,0.7,0.54
2001-02-07,2001,2,7,38,0.0,24.9,18.6,62.7,22.3,7.8,15.1,1000.8,17.0,1.0,0,0.7,0.54
2001-02-08,2001,2,8,39,0.0,24.1,17.1,68.0,39.8,8.4,8.8,1002.3,17.8,1.0,0,0.23,0.54
2001-02-09,2001,2,9,40,0.0,22.3,17.4,64.7,27.8,8.6,12.2,1004.9,16.3,1.0,0,0.23,0.54
2001-02-10,2001,2,10,41,0.0,22.9,17.2,69.7,28.0,9.6,9.6,1000.8,17.8,1.0,0,0.23,0.54
2001-02-11,2001,2,11,42,0.0,22.8,17.0,65.9,26.7,7.8,7.0,1003.4,16.5,1.0,0,0.19,0.54
2001-02-12,2001,2,12,43,0.12,23.8,20.2,64.4,37.1,8.5,5.9,1005.0,16.8,1.2,0,0.02,0.54
2001-02-13,2001,2,13,44,0.55,25.6,19.0,60.0,34.4,8.3,11.4,1006.8,17.2,1.0,0,0.1,0.56
2001-02-14,2001,2,14,45,0.0,22.2,19.7,64.3,33.4,9.6,11.2,1007.0,14.7,1.0,0,0.1,0.49
2001-02-15,2001,2,15,46,0.0,24.0,21.0,60.2,24.4,9.4,9.2,1006.3,15.3,1.0,0,0.1,0.49
2001-02-16,2001,2,16,47,0.0,24.1,19.1,58.8,20.9,10.4,9.6,1001.7,15.1,1.03,0,0.1,0.45
2001-02-17,2001,2,17,48,0.0,22.0,17.1,69.8,27.2,7.7,14.5,1002.7,16.5,1.32,0,0.1,0.45
2001-02-18,2001,2,18,49,0.0,27.6,18.8,61.6,20.4,9.7,13.4,1004.5,19.5,1.0,0,0.1,0.45
2001-02-19,2001,2,19,50,0.0,24.2,20.0,67.0,26.8,8.4,5.0,1007.2,17.5,1.0,0,0.08,0.45
2001-02-20,2001,2,20,51,0.0,25.8,18.5,58.8,26.4,8.8,5.0,1006.4,17.0,1.0,0,0.0,0.45
2001-02-21,2001,2,21,52,0.0,22.0,17.5,60.3,31.9,8.5,10.6,1005.3,13.2,1.0,0,0.0,0.43
2001-02-22,2001,2,22,53,0.0,27.1,19.6,59.8,25.8,8.6,5.0,1000.8,18.3,1.0,0,0.0,0.38
2001-02-23,2001,2,23,54,0.0,23.8,16.5,65.6,26.7,9.6,9.6,1006.5,16.8,1.17,0,0.0,0.38
2001-02-24,2001,2,24,55,0.0,22.0,18.3,64.5,40.8,8.4,11.4,1003.9,14.1,1.27,0,0.0,0.3
2001-02-25,2001,2,25,56,0.21,22.4,19.1,57.3,0.0,11.0,6.1,1003.5,13.7,1.0,0,0.03,0.31
2001-02-26,2001,2,26,57,1.29,22.8,18.1,57.4,29.9,9.0,8.2,1006.4,14.1,1.04,0,0.21,0.3
2001-02-27,2001,2,27,58,0.0,23.5,19.0,64.2,30.4,7.3,10.0,1003.5,17.0,1.0,0,0.21,0.3
2001-02-28,2001,2,28,59,3.09,22.9,19.2,68.8,33.5,9.2,7.1,1005.1,16.8,1.0,0,0.66,0.35
2001-03-01,2001,3,1,60,0.0,26.1,19.1,67.0,34.5,8.4,10.7,1005.3,19.2,1.0,0,0.66,0.34
2001-03-02,2001,3,2,61,4.47,25.3,18.3,60.9,15.7,10.2,7.8,1008.2,16.8,1.35,0,1.29,0.49
2001-03-03,2001,3,3,62,6.56,25.9,18.1,63.0,34.2,9.7,10.2,1003.3,18.7,1.14,0,2.23,0.6
2001-03-04,2001,3,4,63,30.1,25.9,18.5,73.0,41.5,8.0,7.7,1004.6,21.1,1.0,0,6.5,1.6
2001-03-05,2001,3,5,64,3.82,25.0,17.1,65.5,23.4,11.7,8.5,1002.3,18.3,1.06,0,6.86,1.73
2001-03-06,2001,3,6,65,8.22,23.1,20.5,65.8,32.9,7.7,10.4,1004.5,16.2,1.0,0,8.04,1.99
2001-03-07,2001,3,7,66,0.0,23.3,19.6,59.7,23.7,8.7,5.6,1004.3,15.9,1.0,0,7.6,1.95
2001-03-08,2001,3,8,67,2.5,23.5,19.2,64.1,17.3,10.8,5.8,1005.0,16.2,1.0,0,7.95,2.03
2001-03-09,2001,3,9,68,0.0,24.2,18.3,61.6,6.5,11.0,10.6,1005.5,16.1,1.0,0,7.31,2.03
2001-03-10,2001,3,10,69,4.55,28.5,19.3,63.8,14.5,11.4,10.2,1007.0,21.3,1.04,0,7.03,2.18
2001-03-11,2001,3,11,70,0.0,23.8,19.4,64.3,18.0,9.3,7.9,1005.3,16.4,1.0,0,2.73,2.18
2001-03-12,2001,3,12,71,11.08,28.4,18.8,69.8,32.8,9.6,10.8,1002.1,21.7,1.0,0,3.76,2.55
2001-03-13,2001,3,13,72,6.54,24.7,20.7,65.0,14.2,10.5,5.0,1001.1,18.7,1.0,0,3.52,2.77
2001-03-14,2001,3,14,73,23.34,24.4,18.1,69.8,36.3,8.3,11.0,1001.8,18.9,1.02,0,6.86,3.54
2001-03-15,2001,3,15,74,5.8,27.2,18.5,62.5,26.5,8.3,5.5,1006.5,19.4,1.18,0,7.33,3.72
2001-03-16,2001,3,16,75,0.0,28.6,21.0,60.9,37.7,9.1,7.1,1006.1,20.4,1.17,0,7.33,3.72
2001-03-17,2001,3,17,76,2.86,24.4,21.6,64.8,26.9,9.6,5.0,1004.0,16.8,1.0,0,7.09,3.81
2001-03-18,2001,3,18,77,2.08,26.8,20.2,63.3,6.3,11.8,9.2,1003.6,19.3,1.05,0,7.39,3.88
2001-03-19,2001,3,19,78,3.95,28.8,18.7,59.9,30.9,7.8,5.0,1004.3,20.1,1.18,0,6.37,4.02
2001-03-20,2001,3,20,79,10.38,28.5,21.6,62.2,17.3,10.1,16.5,1001.5,20.3,1.16,0,6.92,4.36
2001-03-21,2001,3,21,80,11.81,25.0,20.4,62.5,17.4,10.2,8.6,1004.5,16.7,1.0,0,5.27,4.76
2001-03-22,2001,3,22,81,7.01,27.1,20.3,67.9,24.8,8.5,6.6,1005.0,20.1,1.0,0,5.44,4.99
2001-03-23,2001,3,23,82,8.43,25.1,22.1,57.1,27.1,9.9,7.8,1007.1,16.0,1.01,0,6.65,5.27
2001-03-24,2001,3,24,83,26.43,28.3,21.4,63.4,27.6,10.0,5.8,1004.6,20.6,1.12,0,10.01,6.15
2001-03-25,2001,3,25,84,21.97,28.1,20.0,65.4,29.5,7.9,10.0,998.8,21.1,1.0,0,12.85,6.88
2001-03-26,2001,3,26,85,4.54,28.8,18.7,65.2,16.7,10.3,10.4,1006.7,21.3,1.16,0,12.94,7.03
2001-03-27,2001,3,27,86,0.0,26.7,20.3,58.9,10.7,11.7,8.4,1005.6,17.6,1.0,0,11.46,7.03
2001-03-28,2001,3,28,87,6.41,27.2,21.3,59.6,23.5,11.1,6.4,1004.0,19.0,1.0,0,10.68,7.2
2001-03-29,2001,3,29,88,20.83,29.8,21.6,68.9,18.5,10.9,14.3,1003.3,23.6,1.0,0,12.66,7.89
2001-03-30,2001,3,30,89,16.29,30.0,19.5,67.9,23.1,9.0,7.6,1003.9,23.7,1.0,0,13.78,8.33
2001-03-31,2001,3,31,90,2.11,31.1,20.3,64.2,20.1,9.3,6.1,1006.2,24.2,1.0,0,10.31,8.4
2001-04-01,2001,4,1,91,4.35,30.9,17.6,67.5,27.0,9.6,5.0,1003.6,24.1,1.21,0,7.79,8.4
2001-04-02,2001,4,2,92,0.0,26.4,21.6,64.9,20.4,10.6,5.0,1006.8,18.7,1.0,0,7.14,8.18
2001-04-03,2001,4,3,93,0.2,30.9,19.3,62.4,18.8,10.2,9.9,1010.4,22.4,1.64,0,7.17,7.18
2001-04-04,2001,4,4,94,35.24,29.1,20.9,70.1,25.9,9.2,10.1,1000.9,22.7,1.09,0,11.29,8.23
2001-04-05,2001,4,5,95,22.74,30.4,20.4,69.8,28.6,9.9,11.0,1001.7,24.0,1.0,0,11.56,8.71
2001-04-06,2001,4,6,96,5.51,28.9,22.4,61.0,20.4,10.9,6.2,1004.4,20.5,1.35,0,10.02,8.9
2001-04-07,2001,4,7,97,16.56,28.2,22.2,70.1,33.7,8.5,13.0,1000.5,22.7,1.04,0,12.09,9.37
2001-04-08,2001,4,8,98,0.1,29.3,20.9,58.3,14.0,10.8,10.0,1004.7,19.8,1.0,0,11.48,9.37
2001-04-09,2001,4,9,99,2.89,30.0,22.1,58.6,14.2,11.3,5.0,1006.6,20.8,1.33,0,11.89,9.32
2001-04-10,2001,4,10,100,8.01,30.4,22.8,67.6,17.1,10.2,9.2,1004.1,23.9,1.45,0,13.01,9.58
2001-04-11,2001,4,11,101,5.85,31.6,22.5,57.2,23.6,10.5,8.1,1001.8,22.2,1.0,0,8.81,9.41
2001-04-12,2001,4,12,102,20.59,28.7,18.1,65.4,26.9,9.1,13.1,1004.8,21.5,1.03,0,8.5,9.88
2001-04-13,2001,4,13,103,0.0,28.7,25.1,62.9,21.3,10.9,8.0,1005.6,21.3,1.0,0,7.71,9.1
2001-04-14,2001,4,14,104,0.0,28.1,23.0,60.2,17.3,9.9,10.4,1006.2,19.8,1.49,0,5.35,8.9
2001-04-15,2001,4,15,105,13.09,30.4,23.8,65.4,24.3,11.7,11.6,1005.0,24.6,1.0,0,7.2,9.34
2001-04-16,2001,4,16,106,1.23,29.5,21.7,57.1,16.8,10.5,9.0,1006.7,19.3,1.0,0,6.97,9.29
2001-04-17,2001,4,17,107,20.82,30.5,21.6,64.4,33.9,9.3,13.3,1003.0,23.1,1.0,0,8.8,9.91
2001-04-18,2001,4,18,108,10.21,31.1,22.1,64.4,27.2,10.5,7.7,1004.6,22.8,1.51,0,9.42,10.12
2001-04-19,2001,4,19,109,0.14,28.6,25.3,55.0,33.6,8.8,6.6,1005.9,18.9,1.07,0,6.5,9.78
2001-04-20,2001,4,20,110,0.0,30.5,22.6,61.0,20.1,10.5,11.9,1005.8,22.7,1.0,0,6.5,9.38
2001-04-21,2001,4,21,111,0.0,32.0,23.0,65.6,37.6,8.6,10.8,1004.7,24.9,1.02,0,6.5,9.15
2001-04-22,2001,4,22,112,1.19,31.7,25.4,66.0,23.5,11.6,10.2,1005.5,25.6,1.24,0,4.8,8.91
2001-04-23,2001,4,23,113,4.04,31.2,22.8,65.3,30.5,10.6,9.7,1001.6,23.4,1.15,0,5.2,8.16
2001-04-24,2001,4,24,114,0.0,31.9,23.4,62.2,19.0,9.8,5.0,1006.4,23.9,1.0,0,2.23,7.43
2001-04-25,2001,4,25,115,10.39,31.6,21.8,65.6,32.8,8.2,10.7,1004.2,24.4,1.0,0,2.25,7.63
2001-04-26,2001,4,26,116,0.0,30.7,25.9,61.8,5.7,12.2,7.2,1003.9,22.7,1.73,0,2.23,7.63
2001-04-27,2001,4,27,117,1.68,30.6,22.7,59.2,14.0,11.0,11.5,1001.6,21.9,1.66,0,2.47,7.47
2001-04-28,2001,4,28,118,7.17,36.5,23.5,62.8,19.4,11.7,8.1,1004.6,26.0,1.0,0,3.5,7.01
2001-04-29,2001,4,29,119,1.65,33.5,19.8,56.8,40.9,8.6,5.0,1002.5,23.1,1.0,0,3.56,6.53
2001-04-30,2001,4,30,120,0.0,34.3,23.7,65.5,35.4,8.8,9.7,1002.9,26.0,1.38,0,2.98,6.46
2001-05-01,2001,5,1,121,9.3,33.7,23.9,65.8,32.3,8.4,8.8,999.8,26.0,1.31,0,4.31,6.62
2001-05-02,2001,5,2,122,3.04,35.0,23.6,71.1,27.9,9.2,8.1,1007.3,26.0,1.13,0,3.26,6.72
2001-05-03,2001,5,3,123,0.0,33.9,22.1,60.4,20.6,9.7,8.4,1002.2,25.6,1.71,0,3.26,6.71
2001-05-04,2001,5,4,124,5.05,30.1,24.9,65.0,24.5,9.6,13.1,1007.3,22.3,1.28,0,3.74,5.71
2001-05-05,2001,5,5,125,4.63,32.1,22.1,67.5,36.2,8.5,15.8,1007.3,25.1,1.69,0,3.38,5.1
2001-05-06,2001,5,6,126,0.0,33.8,22.4,64.5,28.9,9.2,8.7,1004.3,25.7,1.02,0,3.15,4.92
2001-05-07,2001,5,7,127,0.0,33.9,24.2,62.8,34.9,8.9,6.0,1004.5,25.5,1.0,0,3.15,4.37
2001-05-08,2001,5,8,128,4.23,33.9,26.0,71.7,38.2,9.0,5.0,1004.8,26.0,1.0,0,2.42,4.51
2001-05-09,2001,5,9,129,7.87,32.2,24.6,63.6,34.4,9.7,15.6,1002.7,24.8,1.0,0,3.11,4.67
2001-05-10,2001,5,10,130,0.0,33.1,25.1,65.9,23.9,10.6,15.6,1004.6,26.0,1.0,0,3.11,4.41
2001-05-11,2001,5,11,131,0.0,34.4,24.0,62.2,22.4,9.0,5.0,1003.4,26.0,1.0,0,2.39,4.21
2001-05-12,2001,5,12,132,1.06,34.2,24.1,64.0,31.3,8.3,10.0,1003.1,25.5,1.56,0,1.88,3.56
2001-05-13,2001,5,13,133,16.69,35.5,26.1,71.5,42.1,7.9,12.0,1007.1,26.0,1.0,0,4.26,4.12
2001-05-14,2001,5,14,134,2.79,32.8,26.6,65.2,30.5,8.5,5.0,1005.6,26.0,1.29,0,4.66,4.21
2001-05-15,2001,5,15,135,15.45,35.3,26.5,69.9,28.6,9.9,12.7,1004.7,26.0,1.0,0,6.27,4.29
2001-05-16,2001,5,16,136,0.3,33.8,26.0,59.3,31.3,9.3,11.4,1004.3,24.3,1.0,0,5.18,4.26
2001-05-17,2001,5,17,137,0.0,34.2,25.7,68.1,39.9,8.5,8.7,1003.7,26.0,1.0,0,5.18,3.56
2001-05-18,2001,5,18,138,7.78,34.8,23.7,62.9,25.1,10.9,11.4,1002.1,26.0,1.0,0,6.3,3.48
2001-05-19,2001,5,19,139,2.7,32.4,24.8,71.7,34.9,8.7,11.7,1005.6,26.0,1.0,0,6.53,3.57
2001-05-20,2001,5,20,140,15.25,35.3,24.7,71.1,33.5,8.2,12.1,1002.2,26.0,1.0,0,6.32,4.08
2001-05-21,2001,5,21,141,13.72,37.1,25.7,74.5,50.4,7.2,11.2,1005.1,26.0,1.0,0,7.89,4.53
2001-05-22,2001,5,22,142,9.33,33.5,26.6,61.2,51.1,5.6,10.6,1003.0,25.0,1.33,0,7.01,4.8
2001-05-23,2001,5,23,143,17.48,38.0,25.4,72.6,54.2,6.9,14.7,1004.8,26.0,1.0,0,9.47,5.25
2001-05-24,2001,5,24,144,0.0,34.5,22.9,66.2,23.0,8.2,11.9,1006.3,26.0,1.0,0,9.47,5.25
2001-05-25,2001,5,25,145,4.6,36.5,27.4,65.5,39.9,8.5,14.1,1008.8,26.0,1.33,0,9.01,5.06
2001-05-26,2001,5,26,146,5.88,33.7,24.9,72.5,45.8,8.8,12.3,1003.2,26.0,1.0,0,9.47,5.26
2001-05-27,2001,5,27,147,5.64,38.0,25.0,67.3,53.1,7.6,14.0,1003.6,26.0,1.23,0,8.09,5.39
2001-05-28,2001,5,28,148,5.7,34.3,26.9,66.6,34.7,9.2,16.1,1004.3,26.0,1.01,0,6.95,5.34
2001-05-29,2001,5,29,149,10.6,36.3,25.6,70.5,42.2,8.7,8.4,1006.2,26.0,1.0,0,7.13,5.64
2001-05-30,2001,5,30,150,0.0,35.3,26.3,71.0,31.3,8.8,12.1,1005.2,26.0,1.0,0,4.63,5.64
2001-05-31,2001,5,31,151,13.75,36.1,26.7,74.3,36.1,7.2,14.2,1001.2,26.0,1.0,0,6.6,5.78
2001-06-01,2001,6,1,152,238.55,36.4,26.5,84.4,78.8,3.6,20.8,1005.5,26.0,1.0,1,40.02,13.64
2001-06-02,2001,6,2,153,227.14,35.8,26.1,86.0,91.3,3.8,25.6,1000.3,26.0,1.0,1,71.63,21.21
2001-06-03,2001,6,3,154,156.82,35.4,26.6,82.7,78.6,5.4,23.0,1002.8,26.0,1.0,1,93.22,26.27
2001-06-04,2001,6,4,155,143.46,36.4,28.0,87.3,81.5,5.4,23.1,1001.1,26.0,1.0,1,112.9,30.89
2001-06-05,2001,6,5,156,27.95,36.5,28.0,79.4,45.9,6.9,10.8,1001.4,26.0,1.0,1,115.38,31.82
2001-06-06,2001,6,6,157,110.35,37.1,27.8,86.8,83.0,5.2,23.9,1000.6,26.0,1.0,1,131.15,35.5
2001-06-07,2001,6,7,158,99.49,37.5,27.3,81.1,74.9,4.0,24.4,1004.5,26.0,1.0,1,143.39,38.68
2001-06-08,2001,6,8,159,468.24,38.0,28.0,85.0,78.3,5.0,27.3,1002.6,26.0,1.0,1,176.21,54.02
2001-06-09,2001,6,9,160,59.89,37.7,28.0,86.3,84.7,4.5,24.5,1001.8,26.0,1.0,1,152.31,56.02
2001-06-10,2001,6,10,161,166.66,37.1,28.0,91.7,82.7,3.7,24.0,1004.8,26.0,1.0,1,153.72,61.58
2001-06-11,2001,6,11,162,137.98,36.6,28.0,89.1,82.7,4.9,26.4,1004.7,26.0,1.0,1,152.94,66.14
2001-06-12,2001,6,12,163,53.11,34.8,27.9,87.1,72.6,3.5,23.6,1002.5,26.0,1.0,1,156.53,67.35
2001-06-13,2001,6,13,164,205.09,37.4,27.7,80.3,53.7,6.3,23.3,1001.8,26.0,1.0,1,170.07,74.1
2001-06-14,2001,6,14,165,132.93,38.0,26.8,84.9,78.6,4.0,22.7,1001.1,26.0,1.04,1,174.84,78.01
2001-06-15,2001,6,15,166,132.08,36.1,28.0,88.5,72.8,5.7,22.9,1003.1,26.0,1.04,1,126.82,82.41
2001-06-16,2001,6,16,167,69.25,36.3,27.2,80.2,69.8,6.0,24.2,999.9,26.0,1.23,1,128.16,84.71
2001-06-17,2001,6,17,168,241.99,38.0,25.9,88.5,100.0,2.7,23.8,1002.1,26.0,1.0,1,138.92,92.52
2001-06-18,2001,6,18,169,8.0,38.0,27.7,74.4,31.7,9.5,13.1,1001.1,26.0,1.0,1,120.35,92.7
2001-06-19,2001,6,19,170,195.0,36.2,27.1,86.3,74.7,6.1,22.1,1001.6,26.0,1.0,1,140.62,98.69
2001-06-20,2001,6,20,171,378.39,38.0,26.1,87.9,100.0,2.2,29.7,1006.1,26.0,1.0,1,165.38,110.85
2001-06-21,2001,6,21,172,157.55,38.0,26.2,89.3,89.3,3.2,26.2,1002.2,26.0,1.0,1,168.89,115.79
2001-06-22,2001,6,22,173,108.78,38.0,27.5,90.7,95.3,2.8,23.4,1005.1,26.0,1.0,1,165.57,118.83
2001-06-23,2001,6,23,174,174.51,37.1,27.6,84.1,89.7,2.7,30.2,1002.2,26.0,1.0,1,180.6,124.65
2001-06-24,2001,6,24,175,17.17,38.0,25.7,84.0,65.6,6.4,19.1,1004.9,26.0,1.0,1,148.49,125.06
2001-06-25,2001,6,25,176,21.2,38.0,27.0,84.1,63.6,5.2,12.4,1000.1,26.0,1.0,1,150.37,125.58
2001-06-26,2001,6,26,177,83.81,36.4,28.0,87.3,61.3,6.2,26.5,1001.1,26.0,1.0,1,134.49,128.18
2001-06-27,2001,6,27,178,81.77,38.0,24.4,92.3,89.5,4.3,29.6,1005.0,26.0,1.0,1,92.11,130.72
2001-06-28,2001,6,28,179,139.75,37.8,27.2,82.9,99.7,2.3,22.9,1002.5,26.0,1.0,1,89.57,135.02
2001-06-29,2001,6,29,180,86.34,37.1,27.5,89.8,98.8,1.8,23.5,1000.9,26.0,1.0,1,86.36,137.9
2001-06-30,2001,6,30,181,163.3,36.1,28.0,88.0,99.2,2.8,26.4,1003.7,26.0,1.0,1,84.76,142.89
2001-07-01,2001,7,1,182,41.13,38.0,27.3,82.5,73.8,5.7,23.7,1002.6,26.0,1.0,1,88.19,136.3
2001-07-02,2001,7,2,183,215.91,38.0,27.1,84.8,95.2,3.3,31.0,1004.3,26.0,1.0,1,116.0,135.93
2001-07-03,2001,7,3,184,164.99,36.5,28.0,93.5,100.0,2.9,27.2,999.9,26.0,1.0,1,127.6,136.2
2001-07-04,2001,7,4,185,298.03,38.0,27.5,93.3,87.0,3.2,25.0,1002.0,26.0,1.0,1,158.49,141.35
2001-07-05,2001,7,5,186,79.51,38.0,28.0,95.3,100.0,4.2,27.5,1002.4,26.0,1.0,1,149.89,143.07
2001-07-06,2001,7,6,187,164.52,37.4,28.0,94.4,100.0,3.3,24.5,1005.1,26.0,1.0,1,161.06,144.88
2001-07-07,2001,7,7,188,213.09,38.0,28.0,90.9,100.0,1.9,29.1,1003.7,26.0,1.0,1,168.17,148.67
2001-07-08,2001,7,8,189,160.33,38.0,27.7,98.0,100.0,2.7,26.1,1000.3,26.0,1.0,1,185.2,138.4
2001-07-09,2001,7,9,190,204.51,37.7,28.0,96.6,99.2,2.7,23.7,1003.5,26.0,1.0,1,183.57,143.22
2001-07-10,2001,7,10,191,160.8,36.6,26.9,88.2,100.0,2.6,30.1,997.0,26.0,1.0,1,182.97,143.03
2001-07-11,2001,7,11,192,30.23,38.0,26.2,87.1,84.8,4.3,18.7,1000.3,26.0,1.03,1,144.71,139.44
2001-07-12,2001,7,12,193,73.73,34.9,27.5,93.0,100.0,2.5,23.8,1003.8,26.0,1.0,1,143.89,140.12
2001-07-13,2001,7,13,194,226.22,38.0,27.3,92.5,100.0,2.9,29.9,1003.6,26.0,1.0,1,152.7,140.83
2001-07-14,2001,7,14,195,265.67,38.0,27.4,98.0,100.0,3.2,24.9,1000.8,26.0,1.0,1,160.21,145.25
2001-07-15,2001,7,15,196,147.78,36.4,28.0,92.8,100.0,2.8,25.5,1000.1,26.0,1.0,1,158.42,145.78
2001-07-16,2001,7,16,197,267.28,35.8,26.6,92.8,100.0,2.0,26.1,1004.0,26.0,1.0,1,167.39,152.38
2001-07-17,2001,7,17,198,42.46,38.0,27.5,93.9,84.0,5.0,27.4,1003.9,26.0,1.0,1,150.48,145.73
2001-07-18,2001,7,18,199,113.14,37.7,25.6,95.0,100.0,2.4,28.6,1003.1,26.0,1.0,1,162.33,149.23
2001-07-19,2001,7,19,200,259.01,38.0,28.0,94.2,91.1,3.5,31.1,1002.4,26.0,1.0,1,188.79,151.36
2001-07-20,2001,7,20,201,397.64,37.9,24.7,98.0,100.0,2.1,32.7,1000.8,26.0,1.0,1,213.28,152.01
2001-07-21,2001,7,21,202,79.11,35.9,27.7,98.0,100.0,3.5,29.0,1003.3,26.0,1.0,1,186.63,149.39
2001-07-22,2001,7,22,203,96.47,38.0,25.9,89.5,100.0,2.0,30.2,1000.7,26.0,1.0,1,179.3,148.98
2001-07-23,2001,7,23,204,200.27,38.0,25.8,98.0,100.0,2.3,32.0,1000.6,26.0,1.0,1,169.73,149.84
2001-07-24,2001,7,24,205,165.3,37.8,26.4,95.5,100.0,4.4,30.6,1000.6,26.0,1.0,1,187.28,154.78
2001-07-25,2001,7,25,206,121.18,34.3,26.1,98.0,100.0,1.0,29.8,1004.0,26.0,1.0,1,188.43,158.11
2001-07-26,2001,7,26,207,391.59,38.0,27.7,98.0,100.0,1.7,31.2,1003.4,26.0,1.0,1,207.37,168.37
2001-07-27,2001,7,27,208,128.99,38.0,25.8,98.0,100.0,3.3,29.6,1000.1,26.0,1.0,1,168.99,169.94
2001-07-28,2001,7,28,209,206.26,37.5,28.0,98.0,100.0,2.5,28.8,1000.2,26.0,1.0,1,187.15,172.16
2001-07-29,2001,7,29,210,156.94,38.0,28.0,98.0,100.0,2.9,29.8,1006.5,26.0,1.0,1,195.79,174.51
2001-07-30,2001,7,30,211,219.87,38.0,28.0,98.0,100.0,1.3,29.6,1005.3,26.0,1.0,1,198.59,176.4
2001-07-31,2001,7,31,212,91.47,38.0,25.4,98.0,100.0,2.2,33.6,999.9,26.0,1.0,1,188.04,178.08
2001-08-01,2001,8,1,213,209.73,35.2,26.3,93.1,100.0,2.3,26.3,1003.8,26.0,1.0,1,200.69,177.87
2001-08-02,2001,8,2,214,84.05,35.5,26.6,96.6,100.0,2.4,33.5,997.3,26.0,1.0,1,156.76,175.17
2001-08-03,2001,8,3,215,476.39,36.3,26.5,94.2,100.0,2.4,35.0,1000.9,26.0,1.0,1,206.39,181.12
2001-08-04,2001,8,4,216,131.71,36.9,28.0,97.8,100.0,0.7,32.1,998.9,26.0,1.0,1,195.74,182.86
2001-08-05,2001,8,5,217,199.06,38.0,27.4,98.0,100.0,2.2,31.5,1000.4,26.0,1.0,1,201.75,184.01
2001-08-06,2001,8,6,218,110.63,37.7,25.9,98.0,100.0,3.5,29.5,1002.6,26.0,1.0,1,186.15,180.59
2001-08-07,2001,8,7,219,113.62,36.9,26.6,98.0,100.0,2.1,27.2,1003.3,26.0,1.0,1,189.31,179.04
2001-08-08,2001,8,8,220,140.91,38.0,26.9,94.0,100.0,1.6,31.0,1000.9,26.0,1.0,1,179.48,176.92
2001-08-09,2001,8,9,221,257.66,35.8,26.7,97.6,100.0,1.9,32.0,1004.6,26.0,1.0,1,204.28,180.15
2001-08-10,2001,8,10,222,295.61,37.8,26.0,98.0,100.0,3.3,26.7,1002.1,26.0,1.0,1,178.46,188.99
2001-08-11,2001,8,11,223,168.87,37.2,25.5,97.8,100.0,0.3,29.9,1004.4,26.0,1.0,1,183.77,192.16
2001-08-12,2001,8,12,224,209.05,37.5,27.6,98.0,100.0,2.8,29.5,1000.3,26.0,1.0,1,185.19,191.59
2001-08-13,2001,8,13,225,117.35,38.0,25.3,98.0,100.0,2.6,35.0,998.1,26.0,1.0,1,186.15,186.65
2001-08-14,2001,8,14,226,410.17,36.5,27.5,98.0,100.0,1.7,34.0,1003.8,26.0,1.0,1,228.52,195.39
2001-08-15,2001,8,15,227,94.65,33.5,26.9,98.0,100.0,4.7,32.0,999.4,26.0,1.0,1,221.91,189.64
2001-08-16,2001,8,16,228,673.92,35.5,25.5,95.4,100.0,3.0,33.7,1009.1,26.0,1.0,1,281.37,210.69
2001-08-17,2001,8,17,229,348.64,37.5,27.1,98.0,100.0,2.4,32.3,998.2,26.0,1.0,1,288.95,218.54
2001-08-18,2001,8,18,230,180.58,35.4,25.5,98.0,100.0,3.2,35.0,1004.9,26.0,1.0,1,290.62,215.92
2001-08-19,2001,8,19,231,202.2,35.2,27.0,98.0,100.0,2.7,33.8,1005.6,26.0,1.0,1,289.64,209.41
2001-08-20,2001,8,20,232,75.27,36.2,25.3,97.6,100.0,2.6,32.0,1003.9,26.0,1.0,1,283.63,209.28
2001-08-21,2001,8,21,233,30.45,37.7,26.3,98.0,100.0,2.4,23.4,1003.2,26.0,1.0,1,229.39,207.08
2001-08-22,2001,8,22,234,111.0,36.6,26.1,98.0,100.0,1.8,35.0,1001.1,26.0,1.0,1,231.72,204.1
2001-08-23,2001,8,23,235,119.07,38.0,25.3,98.0,100.0,3.1,24.9,1003.4,26.0,1.0,1,152.46,202.56
2001-08-24,2001,8,24,236,288.31,36.3,25.6,98.0,100.0,2.1,29.5,1002.3,26.0,1.0,1,143.84,208.13
2001-08-25,2001,8,25,237,103.39,36.2,25.2,96.0,100.0,3.1,35.0,999.1,26.0,1.0,1,132.81,198.53
2001-08-26,2001,8,26,238,184.72,35.2,27.3,98.0,100.0,3.1,27.5,999.6,26.0,1.0,1,130.32,200.39
2001-08-27,2001,8,27,239,88.18,33.1,25.0,98.0,100.0,3.0,31.3,1001.2,26.0,1.0,1,132.16,196.45
2001-08-28,2001,8,28,240,124.95,35.6,25.7,98.0,100.0,1.9,35.0,1003.2,26.0,1.0,1,145.66,195.38
2001-08-29,2001,8,29,241,58.5,35.3,23.2,98.0,100.0,1.5,31.5,1007.0,26.0,1.0,1,138.16,190.0
2001-08-30,2001,8,30,242,379.96,36.1,24.8,98.0,100.0,2.1,33.0,1001.6,26.0,1.0,1,175.43,199.62
2001-08-31,2001,8,31,243,40.82,35.5,26.3,96.6,100.0,2.2,26.3,1000.8,26.0,1.0,1,140.07,193.99
2001-09-01,2001,9,1,244,135.93,35.3,26.0,96.6,100.0,1.8,30.9,1002.7,26.0,1.0,1,144.72,195.72
2001-09-02,2001,9,2,245,69.95,36.5,25.9,98.0,100.0,3.0,33.5,1003.2,26.0,1.0,1,128.33,182.17
2001-09-03,2001,9,3,246,144.1,34.3,25.3,98.0,100.0,2.9,32.4,1002.2,26.0,1.0,1,136.32,182.58
2001-09-04,2001,9,4,247,61.35,35.8,25.5,98.0,100.0,2.7,24.3,1003.6,26.0,1.0,1,127.23,177.99
2001-09-05,2001,9,5,248,55.3,36.4,26.9,98.0,100.0,3.3,26.9,1004.4,26.0,1.0,1,126.77,176.15
2001-09-06,2001,9,6,249,183.34,33.5,23.9,97.0,100.0,2.3,35.0,999.8,26.0,1.0,1,98.68,178.47
2001-09-07,2001,9,7,250,89.2,33.6,26.4,98.0,100.0,1.2,35.0,1002.0,26.0,1.0,1,105.6,176.75
2001-09-08,2001,9,8,251,108.06,33.0,23.8,98.0,100.0,3.2,34.5,1004.7,26.0,1.0,1,101.61,171.76
2001-09-09,2001,9,9,252,171.45,32.0,25.2,97.9,100.0,2.5,32.4,999.7,26.0,1.0,1,116.11,167.62
2001-09-10,2001,9,10,253,41.79,36.7,23.7,97.5,100.0,3.0,29.8,1001.7,26.0,1.0,1,101.5,163.39
2001-09-11,2001,9,11,254,82.34,38.0,25.7,98.0,100.0,2.4,33.9,1000.6,26.0,1.0,1,104.5,159.16
2001-09-12,2001,9,12,255,4.76,34.0,23.0,95.7,100.0,1.6,25.4,1006.4,26.0,1.0,1,97.28,155.41
2001-09-13,2001,9,13,256,32.24,33.0,23.3,98.0,100.0,1.1,32.8,999.6,26.0,1.0,1,75.69,142.81
2001-09-14,2001,9,14,257,183.03,36.0,24.2,98.0,100.0,2.8,32.7,1003.7,26.0,1.0,1,89.1,145.76
2001-09-15,2001,9,15,258,75.1,34.2,23.3,98.0,100.0,1.7,35.0,1004.1,26.0,1.0,1,84.39,125.8
2001-09-16,2001,9,16,259,219.68,32.0,23.4,98.0,100.0,2.9,31.7,1004.5,26.0,1.0,1,91.28,121.5
2001-09-17,2001,9,17,260,247.88,31.7,24.0,98.0,100.0,0.4,29.0,1002.0,26.0,1.0,1,120.72,123.74
2001-09-18,2001,9,18,261,265.68,34.1,22.5,98.0,100.0,2.5,34.2,1001.4,26.0,1.0,1,146.91,125.86
2001-09-19,2001,9,19,262,47.44,33.3,24.1,98.0,100.0,2.5,24.5,1002.7,26.0,1.0,1,153.01,124.93
2001-09-20,2001,9,20,263,66.65,34.3,24.3,97.6,100.0,3.3,31.2,1005.5,26.0,1.0,1,157.92,126.14
2001-09-21,2001,9,21,264,85.65,33.6,21.9,98.0,100.0,1.7,30.7,1001.8,26.0,1.0,1,144.01,125.29
2001-09-22,2001,9,22,265,330.62,30.5,24.0,98.0,100.0,2.0,34.2,1000.7,26.0,1.0,1,180.51,132.35
2001-09-23,2001,9,23,266,108.23,31.1,23.8,98.0,100.0,3.2,35.0,1004.5,26.0,1.0,1,164.59,126.34
2001-09-24,2001,9,24,267,163.37,30.8,24.0,98.0,100.0,3.1,33.9,1000.3,26.0,1.0,1,152.52,128.34
2001-09-25,2001,9,25,268,161.68,32.3,23.5,97.6,100.0,1.5,35.0,1004.1,26.0,1.0,1,137.66,127.57
2001-09-26,2001,9,26,269,111.68,31.7,23.7,98.0,100.0,1.1,34.5,1002.9,26.0,1.0,1,146.84,128.36
2001-09-27,2001,9,27,270,126.7,31.0,23.6,98.0,100.0,2.0,31.1,1004.0,26.0,1.12,1,155.42,128.42
2001-09-28,2001,9,28,271,110.91,31.1,23.4,98.0,100.0,2.8,32.9,999.0,26.0,1.0,1,159.03,130.16
2001-09-29,2001,9,29,272,26.06,32.4,23.5,98.0,100.0,2.5,23.6,1000.7,26.0,1.0,1,115.52,118.37
2001-09-30,2001,9,30,273,83.89,31.0,24.8,98.0,100.0,1.8,34.1,1001.1,26.0,1.0,1,112.04,119.8
2001-10-01,2001,10,1,274,14.2,30.1,24.4,91.3,95.1,4.2,24.3,1002.7,26.0,1.0,1,90.73,115.74
2001-10-02,2001,10,2,275,8.83,29.1,22.6,92.9,100.0,1.7,25.1,1003.5,26.0,1.0,1,68.9,113.71
2001-10-03,2001,10,3,276,24.0,29.5,21.9,97.7,98.6,2.4,22.8,1001.8,26.0,1.0,1,56.37,109.7
2001-10-04,2001,10,4,277,23.95,32.4,24.1,98.0,100.0,1.0,26.5,1001.7,26.0,1.0,1,41.69,108.46
2001-10-05,2001,10,5,278,15.96,29.6,25.2,94.2,100.0,1.3,23.0,999.2,26.0,1.0,1,28.13,107.15
2001-10-06,2001,10,6,279,17.65,33.2,22.3,93.3,98.5,2.0,25.9,1003.9,26.0,1.0,1,26.93,101.62
2001-10-07,2001,10,7,280,5.56,31.3,22.8,93.5,100.0,2.3,23.0,1001.7,26.0,1.0,1,15.74,98.83
2001-10-08,2001,10,8,281,19.86,29.0,21.8,97.4,100.0,0.1,28.5,1003.6,26.0,1.0,1,16.54,95.89
2001-10-09,2001,10,9,282,24.4,29.1,22.7,98.0,100.0,1.2,26.0,998.8,26.0,1.0,1,18.77,90.99
2001-10-10,2001,10,10,283,10.07,26.8,19.6,91.2,83.1,1.8,16.1,1004.1,25.1,1.0,1,16.78,89.94
2001-10-11,2001,10,11,284,23.76,29.1,21.2,97.0,100.0,0.5,27.2,1002.5,26.0,1.0,1,16.75,87.98
2001-10-12,2001,10,12,285,68.31,32.6,22.6,98.0,100.0,3.1,28.5,1002.3,26.0,1.0,1,24.23,90.1
2001-10-13,2001,10,13,286,22.69,32.0,20.6,97.2,95.0,1.8,28.2,1000.2,26.0,1.0,1,24.95,89.78
2001-10-14,2001,10,14,287,17.31,31.8,22.2,89.3,93.6,4.2,23.8,1005.5,26.0,1.0,1,26.63,84.26
2001-10-15,2001,10,15,288,45.84,30.2,22.1,98.0,100.0,0.8,29.3,1002.3,26.0,1.0,1,30.34,83.28
2001-10-16,2001,10,16,289,7.52,28.8,22.1,92.3,98.7,2.6,27.7,1001.1,26.0,1.0,1,27.93,76.21
2001-10-17,2001,10,17,290,16.71,29.1,20.7,95.4,93.4,2.6,25.8,1004.8,26.0,1.0,1,28.88,68.51
2001-10-18,2001,10,18,291,4.49,29.7,22.1,98.0,100.0,1.8,23.3,1001.9,26.0,1.0,1,26.12,59.8
2001-10-19,2001,10,19,292,15.25,28.7,23.3,98.0,84.6,2.2,25.8,1002.2,26.0,1.0,1,18.54,58.73
2001-10-20,2001,10,20,293,49.89,27.4,20.4,98.0,100.0,1.4,26.4,1004.4,26.0,1.0,1,22.43,58.17
2001-10-21,2001,10,21,294,25.44,28.3,20.1,93.1,89.5,2.8,29.8,1002.6,26.0,1.0,1,23.59,56.16
2001-10-22,2001,10,22,295,6.56,26.3,20.6,97.2,100.0,1.5,21.8,1000.8,25.0,1.0,1,17.98,45.36
2001-10-23,2001,10,23,296,12.62,29.0,21.0,86.7,88.0,3.3,24.1,1000.6,26.0,1.0,1,18.71,42.17
2001-10-24,2001,10,24,297,54.38,26.7,19.4,98.0,100.0,1.3,29.6,1000.6,26.0,1.0,1,24.09,38.54
2001-10-25,2001,10,25,298,2.16,28.7,20.0,87.6,84.3,2.9,18.3,1004.7,26.0,1.0,1,23.76,33.22
2001-10-26,2001,10,26,299,14.52,26.1,22.2,91.3,79.7,3.7,18.3,1003.3,24.6,1.03,1,23.65,29.98
2001-10-27,2001,10,27,300,4.29,27.4,21.7,91.1,89.5,3.5,22.0,1007.7,26.0,1.0,1,17.14,25.9
2001-10-28,2001,10,28,301,10.59,27.9,19.1,95.0,87.0,4.6,26.4,1000.5,26.0,1.0,1,15.02,22.56
2001-10-29,2001,10,29,302,155.74,27.1,22.4,98.0,100.0,1.1,35.0,1004.3,26.0,1.0,1,36.33,26.88
2001-10-30,2001,10,30,303,3.71,28.2,19.5,89.2,88.0,1.1,26.0,1006.3,25.7,1.0,1,35.06,24.21
2001-10-31,2001,10,31,304,26.54,27.8,20.4,95.6,98.9,2.4,31.6,1004.8,26.0,1.0,1,31.08,24.62
2001-11-01,2001,11,1,305,31.52,26.3,19.9,98.0,100.0,2.7,26.0,999.8,25.5,1.0,1,35.27,25.38
2001-11-02,2001,11,2,306,29.54,26.0,20.9,98.0,100.0,0.7,24.5,1001.6,25.4,1.0,1,37.42,25.56
2001-11-03,2001,11,3,307,0.47,25.7,18.3,88.0,79.0,4.8,20.4,1004.7,24.3,1.0,1,36.87,24.78
2001-11-04,2001,11,4,308,7.95,25.4,19.0,87.1,79.0,4.2,22.4,1003.1,22.5,1.0,1,36.5,24.51
2001-11-05,2001,11,5,309,31.86,29.6,18.4,90.0,100.0,0.7,27.3,1003.1,26.0,1.0,1,18.8,24.98
2001-11-06,2001,11,6,310,4.27,25.4,18.2,91.4,88.0,0.7,18.7,1004.0,24.2,1.0,1,18.88,24.94
2001-11-07,2001,11,7,311,6.58,27.9,18.5,93.5,100.0,1.1,19.5,1006.3,26.0,1.0,1,16.03,24.5
2001-11-08,2001,11,8,312,15.52,26.4,18.3,91.7,77.0,4.8,22.8,1004.6,25.2,1.0,1,13.74,24.2
2001-11-09,2001,11,9,313,24.2,25.5,20.0,96.1,100.0,1.2,27.3,999.4,25.7,1.0,1,12.98,24.67
2001-11-10,2001,11,10,314,4.05,26.2,18.6,93.3,83.6,3.3,21.2,1004.3,24.9,1.0,1,13.49,24.02
2001-11-11,2001,11,11,315,23.46,26.1,18.7,98.0,91.7,1.1,27.2,999.7,26.0,1.0,1,15.71,22.52
2001-11-12,2001,11,12,316,16.38,23.0,16.7,90.5,87.3,3.5,23.9,999.7,21.8,1.0,1,13.49,22.31
2001-11-13,2001,11,13,317,63.91,25.4,20.1,98.0,100.0,1.3,29.8,1002.2,25.5,1.0,1,22.01,23.87
2001-11-14,2001,11,14,318,29.81,25.4,16.7,96.7,84.7,3.9,25.8,1000.0,25.5,1.0,1,25.33,23.33
2001-11-15,2001,11,15,319,6.74,24.8,18.8,83.4,70.6,3.6,21.3,1006.7,21.7,1.0,1,24.08,23.31
2001-11-16,2001,11,16,320,109.34,22.0,20.0,91.1,100.0,0.2,31.8,1001.8,21.6,1.0,1,36.24,26.39
2001-11-17,2001,11,17,321,16.19,24.6,20.4,85.7,100.0,2.3,26.2,1006.1,22.3,1.0,1,37.98,26.78
2001-11-18,2001,11,18,322,52.65,27.4,16.8,95.9,97.2,2.5,31.1,1003.2,26.0,1.0,1,42.15,28.03
2001-11-19,2001,11,19,323,30.54,25.7,18.2,91.1,100.0,1.1,24.2,1002.2,24.0,1.0,1,44.17,27.38
2001-11-20,2001,11,20,324,51.83,23.2,19.3,93.3,100.0,3.5,27.0,1001.8,22.4,1.0,1,42.44,28.26
2001-11-21,2001,11,21,325,17.16,26.0,17.8,90.8,90.8,2.7,25.9,1000.1,24.5,1.0,1,40.64,28.62
2001-11-22,2001,11,22,326,38.01,22.9,19.5,94.5,97.7,1.7,24.8,998.7,21.8,1.0,1,45.1,29.46
2001-11-23,2001,11,23,327,4.0,24.9,16.0,82.5,76.6,4.3,22.3,1003.7,21.5,1.0,1,30.05,27.78
2001-11-24,2001,11,24,328,32.27,24.8,18.2,86.8,97.1,2.2,26.7,1003.2,21.4,1.0,1,32.35,28.79
2001-11-25,2001,11,25,329,10.41,23.7,18.5,89.2,89.4,3.5,24.2,1005.2,21.7,1.0,1,26.32,28.65
2001-11-26,2001,11,26,330,3.62,25.7,16.5,88.9,76.9,3.4,23.2,1006.4,24.2,1.0,1,22.47,28.63
2001-11-27,2001,11,27,331,16.48,25.2,18.8,86.6,71.0,4.5,21.4,1000.1,23.2,1.0,1,17.42,28.83
2001-11-28,2001,11,28,332,10.63,22.8,16.6,85.5,74.7,4.0,24.4,1004.4,20.1,1.0,1,16.49,23.99
2001-11-29,2001,11,29,333,12.01,23.5,19.7,90.5,74.9,4.2,23.1,1002.5,22.2,1.0,1,12.77,24.26
2001-11-30,2001,11,30,334,25.16,22.5,17.3,94.8,88.6,4.0,21.1,1006.1,21.1,1.0,1,15.8,24.22
2001-12-01,2001,12,1,335,0.0,22.9,17.4,80.0,77.5,3.6,20.4,1009.3,19.2,1.0,0,11.19,23.17
2001-12-02,2001,12,2,336,0.14,24.6,16.3,81.3,77.0,3.7,21.6,1007.1,20.9,1.0,0,9.72,22.19
2001-12-03,2001,12,3,337,2.44,23.5,17.1,88.4,81.4,3.4,16.3,1003.1,21.1,1.0,0,9.55,22.25
2001-12-04,2001,12,4,338,0.0,25.0,16.6,84.6,76.1,3.8,19.3,1001.0,23.2,1.0,0,7.2,21.99
2001-12-05,2001,12,5,339,0.0,22.0,17.7,76.3,69.8,4.4,21.7,1002.9,18.2,1.0,0,5.68,20.93
2001-12-06,2001,12,6,340,0.0,23.7,17.6,73.8,67.7,5.0,16.1,1004.9,18.5,1.0,0,3.96,20.78
2001-12-07,2001,12,7,341,0.0,24.5,17.2,79.3,80.4,3.5,20.1,1006.0,20.7,1.0,0,0.37,20.56
2001-12-08,2001,12,8,342,0.71,23.3,17.4,76.7,65.0,5.2,14.4,1004.0,17.6,1.09,0,0.47,20.07
2001-12-09,2001,12,9,343,0.0,22.0,16.0,81.8,69.0,5.1,13.4,1005.5,19.3,1.0,0,0.45,19.26
2001-12-10,2001,12,10,344,0.0,22.0,16.0,82.6,53.4,6.9,18.3,1006.5,19.0,1.0,0,0.1,19.13
2001-12-11,2001,12,11,345,1.88,24.3,18.5,81.4,65.8,5.7,16.3,1007.0,21.0,1.0,0,0.37,18.41
2001-12-12,2001,12,12,346,0.0,22.1,16.1,76.0,64.0,5.9,22.6,1002.7,18.3,1.0,0,0.37,17.86
2001-12-13,2001,12,13,347,0.0,22.0,17.3,73.9,74.4,4.5,13.2,1005.1,17.6,1.0,0,0.37,15.73
2001-12-14,2001,12,14,348,0.0,22.3,16.0,81.3,57.4,4.8,16.6,1005.5,19.6,1.0,0,0.37,14.74
2001-12-15,2001,12,15,349,0.0,22.3,17.4,81.8,66.8,4.3,15.7,1003.3,18.2,1.0,0,0.27,14.52
2001-12-16,2001,12,16,350,1.02,24.4,18.3,83.1,67.1,4.5,16.0,1005.1,21.6,1.0,0,0.41,10.9
2001-12-17,2001,12,17,351,0.21,22.0,17.0,76.9,69.5,4.4,23.0,1007.2,17.8,1.0,0,0.44,10.37
2001-12-18,2001,12,18,352,0.0,23.4,17.0,77.3,60.3,4.9,14.3,1007.8,18.7,1.0,0,0.18,8.62
2001-12-19,2001,12,19,353,0.0,24.7,18.6,80.7,70.1,3.8,14.0,999.3,21.6,1.0,0,0.18,7.6
2001-12-20,2001,12,20,354,0.0,23.9,17.1,77.2,65.0,3.9,19.4,1005.6,19.7,1.0,0,0.18,5.87
2001-12-21,2001,12,21,355,0.0,25.9,16.0,74.6,55.1,5.7,10.0,1005.6,21.5,1.0,0,0.18,5.3
2001-12-22,2001,12,22,356,0.0,22.0,16.1,73.3,51.1,6.5,16.2,1006.6,17.1,1.0,0,0.18,4.03
2001-12-23,2001,12,23,357,0.0,23.7,16.0,79.3,79.2,3.4,10.8,1006.4,19.7,1.0,0,0.03,3.9
2001-12-24,2001,12,24,358,0.0,22.2,17.8,75.0,55.5,5.7,9.8,1004.4,17.1,1.0,0,0.0,2.82
2001-12-25,2001,12,25,359,0.0,22.0,18.1,73.7,45.1,7.2,14.8,1004.6,17.1,1.0,0,0.0,2.48
2001-12-26,2001,12,26,360,0.0,22.0,17.8,77.4,56.3,6.3,9.4,1005.8,17.7,1.0,0,0.0,2.36
2001-12-27,2001,12,27,361,5.4,22.0,16.0,75.0,54.5,6.2,12.6,1002.4,16.1,1.0,0,0.77,1.99
2001-12-28,2001,12,28,362,0.0,23.8,16.6,72.8,47.3,7.1,12.8,1004.6,18.1,1.0,0,0.77,1.63
2001-12-29,2001,12,29,363,0.0,22.0,17.3,75.0,56.9,6.4,18.1,1004.9,16.8,1.0,0,0.77,1.23
2001-12-30,2001,12,30,364,0.0,25.3,16.0,72.7,57.1,5.4,15.6,1003.9,20.2,1.0,0,0.77,0.39
2001-12-31,2001,12,31,365,0.0,22.7,17.6,80.0,42.6,8.1,14.0,1002.4,18.7,1.0,0,0.77,0.39
2002-01-01,2002,1,1,1,2.2,22.0,17.5,77.3,58.5,5.3,18.0,1005.0,17.8,1.0,0,1.09,0.46
2002-01-02,2002,1,2,2,0.0,22.4,17.2,74.3,60.7,5.2,5.0,1006.2,17.5,1.0,0,1.09,0.38
2002-01-03,2002,1,3,3,0.0,23.1,17.4,79.2,49.0,4.8,9.0,1006.5,19.2,1.0,0,0.31,0.38
2002-01-04,2002,1,4,4,0.0,22.0,16.3,73.6,42.7,6.8,9.5,1005.6,16.3,1.0,0,0.31,0.38
2002-01-05,2002,1,5,5,0.0,22.0,16.0,77.4,46.6,5.8,17.2,1004.6,17.5,1.0,0,0.31,0.38
2002-01-06,2002,1,6,6,0.0,25.0,17.8,68.8,45.9,7.9,16.2,1005.4,19.3,1.0,0,0.31,0.38
2002-01-07,2002,1,7,7,0.0,22.0,16.5,70.0,49.6,7.3,14.1,1003.3,16.9,1.0,0,0.31,0.36
2002-01-08,2002,1,8,8,0.0,22.0,16.0,68.5,39.5,7.1,18.0,1006.4,15.8,1.03,0,0.0,0.36
2002-01-09,2002,1,9,9,0.0,24.0,16.6,74.1,47.6,6.4,16.4,1000.3,18.6,1.0,0,0.0,0.36
2002-01-10,2002,1,10,10,3.37,22.0,16.5,67.2,46.2,5.7,16.0,1003.6,15.2,1.0,0,0.48,0.41
2002-01-11,2002,1,11,11,0.0,23.2,16.0,72.8,50.4,5.8,10.2,1005.6,18.2,1.0,0,0.48,0.41
2002-01-12,2002,1,12,12,0.0,22.0,17.1,69.3,35.2,8.4,14.8,1003.6,16.5,1.01,0,0.48,0.41
2002-01-13,2002,1,13,13,0.0,22.0,18.7,71.6,41.1,8.4,15.7,1004.5,16.2,1.0,0,0.48,0.41
2002-01-14,2002,1,14,14,0.0,22.6,16.0,70.7,40.6,7.4,16.8,1004.9,17.5,1.0,0,0.48,0.41
2002-01-15,2002,1,15,15,0.79,22.0,16.0,73.2,60.0,5.6,13.5,1003.4,16.8,1.0,0,0.59,0.4
2002-01-16,2002,1,16,16,0.22,22.7,17.9,79.4,58.1,5.8,10.3,1003.1,18.7,1.0,0,0.63,0.4
2002-01-17,2002,1,17,17,0.0,22.0,17.4,78.1,47.8,6.4,11.7,1006.0,17.3,1.0,0,0.14,0.4
2002-01-18,2002,1,18,18,0.0,22.7,18.5,73.1,33.3,8.4,15.2,1006.4,17.5,1.0,0,0.14,0.4
2002-01-19,2002,1,19,19,2.76,24.0,18.8,69.5,50.8,6.2,13.4,1003.9,18.0,1.0,0,0.54,0.49
2002-01-20,2002,1,20,20,0.0,22.0,17.4,70.1,52.2,6.8,9.0,1003.5,16.1,1.04,0,0.54,0.49
2002-01-21,2002,1,21,21,0.0,22.0,16.0,67.5,40.4,7.5,12.7,1005.0,16.4,1.44,0,0.54,0.49
2002-01-22,2002,1,22,22,0.0,22.0,17.0,65.9,35.9,6.8,7.0,1002.6,15.3,1.0,0,0.43,0.49
2002-01-23,2002,1,23,23,0.0,22.0,16.2,60.8,31.1,8.9,12.0,1002.8,13.8,1.06,0,0.39,0.49
2002-01-24,2002,1,24,24,0.0,22.8,17.2,67.5,45.1,7.2,17.7,1003.5,16.7,1.0,0,0.39,0.49
2002-01-25,2002,1,25,25,0.0,22.0,16.0,69.3,45.0,6.7,13.8,1007.6,16.7,1.0,0,0.39,0.49
2002-01-26,2002,1,26,26,0.0,22.0,17.3,70.4,31.6,8.4,9.9,1003.6,16.3,1.0,0,0.0,0.31
2002-01-27,2002,1,27,27,0.0,23.7,17.6,68.2,31.8,7.7,20.1,1006.1,17.5,1.0,0,0.0,0.31
2002-01-28,2002,1,28,28,0.0,22.0,17.1,64.7,27.8,8.0,7.9,1002.5,14.7,1.0,0,0.0,0.31
2002-01-29,2002,1,29,29,0.0,23.7,17.3,65.3,50.4,6.3,7.1,1004.3,17.4,1.21,0,0.0,0.31
2002-01-30,2002,1,30,30,0.0,22.0,17.7,70.7,40.6,7.8,8.1,1006.4,16.4,1.16,0,0.0,0.31
2002-01-31,2002,1,31,31,0.0,22.0,16.0,60.0,41.5,7.8,8.4,1005.3,13.4,1.0,0,0.0,0.24
2002-02-01,2002,2,1,32,0.0,22.6,17.2,64.6,35.5,7.2,14.6,1004.0,15.6,1.0,0,0.0,0.24
2002-02-02,2002,2,2,33,0.0,24.3,16.8,66.5,38.3,7.8,10.1,1004.6,18.0,1.0,0,0.0,0.24
2002-02-03,2002,2,3,34,0.0,25.7,18.3,64.5,31.2,7.6,7.1,1008.6,19.4,1.0,0,0.0,0.24
2002-02-04,2002,2,4,35,0.46,22.2,17.9,60.1,42.7,7.4,7.5,1008.1,13.2,1.0,0,0.07,0.25
2002-02-05,2002,2,5,36,0.14,22.0,16.3,69.6,37.8,7.7,13.4,1004.1,16.0,1.0,0,0.09,0.26
2002-02-06,2002,2,6,37,0.0,23.4,17.9,70.2,34.7,8.3,8.9,1004.4,17.5,1.2,0,0.09,0.26
2002-02-07,2002,2,7,38,0.0,22.0,18.8,61.4,15.5,9.5,7.3,1006.0,13.2,1.0,0,0.09,0.26
2002-02-08,2002,2,8,39,0.0,24.2,17.7,55.0,33.5,9.3,7.0,1007.1,14.8,1.0,0,0.09,0.26
2002-02-09,2002,2,9,40,0.0,23.8,16.8,73.0,39.5,9.3,10.0,1009.2,18.6,1.0,0,0.09,0.15
2002-02-10,2002,2,10,41,1.2,25.2,16.0,63.7,40.9,7.4,7.5,1001.6,17.5,1.0,0,0.26,0.19
2002-02-11,2002,2,11,42,0.0,24.9,16.0,60.7,26.1,8.5,9.1,1005.2,16.6,1.0,0,0.19,0.19
2002-02-12,2002,2,12,43,0.45,23.6,18.7,64.2,24.3,8.4,8.1,1003.2,16.8,1.0,0,0.24,0.2
2002-02-13,2002,2,13,44,0.0,23.5,16.0,65.5,44.8,6.2,8.6,1006.6,15.1,1.0,0,0.24,0.2
2002-02-14,2002,2,14,45,0.0,22.2,16.2,61.5,16.7,10.8,10.8,1005.2,15.1,1.0,0,0.24,0.17
2002-02-15,2002,2,15,46,1.14,22.2,17.6,65.0,23.2,9.0,5.9,1006.3,15.1,1.0,0,0.4,0.2
2002-02-16,2002,2,16,47,0.0,23.6,17.9,63.2,40.4,6.6,10.8,1006.5,15.2,1.0,0,0.4,0.2
2002-02-17,2002,2,17,48,0.0,22.1,19.4,60.8,34.2,7.4,5.0,1006.7,14.1,1.0,0,0.23,0.2
2002-02-18,2002,2,18,49,0.0,23.4,18.1,56.8,23.9,8.3,11.6,1005.1,14.8,1.42,0,0.23,0.11
2002-02-19,2002,2,19,50,0.02,23.2,17.4,68.6,28.1,10.0,8.1,1006.0,17.1,1.0,0,0.17,0.11
2002-02-20,2002,2,20,51,0.0,24.9,17.5,65.3,26.7,10.2,11.1,1002.3,18.1,1.0,0,0.17,0.11
2002-02-21,2002,2,21,52,0.0,24.1,16.1,59.8,32.0,8.4,9.9,1002.3,16.2,1.0,0,0.17,0.11
2002-02-22,2002,2,22,53,0.0,25.7,19.7,64.4,34.0,8.1,13.0,1006.8,19.0,1.0,0,0.0,0.11
2002-02-23,2002,2,23,54,0.0,23.9,19.1,59.1,29.6,7.1,8.7,1004.9,16.2,1.0,0,0.0,0.11
2002-02-24,2002,2,24,55,0.0,22.7,18.4,62.3,31.8,7.5,12.6,1004.7,15.4,1.0,0,0.0,0.11
2002-02-25,2002,2,25,56,0.0,25.3,19.9,64.7,31.1,8.0,10.3,1004.1,17.5,1.17,0,0.0,0.11
2002-02-26,2002,2,26,57,4.78,24.4,19.5,66.3,9.3,11.3,5.4,1003.8,18.4,1.0,0,0.68,0.27
2002-02-27,2002,2,27,58,1.73,24.3,18.9,61.3,27.9,10.9,11.5,1004.6,17.3,1.0,0,0.93,0.33
2002-02-28,2002,2,28,59,0.0,24.2,18.3,65.2,23.4,10.1,8.7,1003.1,16.9,1.0,0,0.93,0.33
2002-03-01,2002,3,1,60,0.0,24.9,18.5,61.8,41.6,7.5,7.1,1005.8,17.0,1.0,0,0.93,0.33
2002-03-02,2002,3,2,61,3.2,24.6,16.7,61.1,13.0,10.7,8.9,1004.4,16.3,1.31,0,1.39,0.44
2002-03-03,2002,3,3,62,1.94,25.9,19.9,69.2,18.5,10.1,6.0,1005.3,20.2,1.0,0,1.66,0.5
2002-03-04,2002,3,4,63,17.5,26.4,18.4,63.6,30.8,8.5,18.7,1004.1,18.2,1.07,0,4.16,1.09
2002-03-05,2002,3,5,64,15.22,24.8,20.0,68.9,21.9,9.5,9.5,999.6,18.1,1.27,0,5.66,1.59
2002-03-06,2002,3,6,65,1.74,28.5,19.7,67.7,47.1,5.8,5.2,1006.8,21.8,1.0,0,5.66,1.64
2002-03-07,2002,3,7,66,2.23,24.7,19.0,55.4,27.4,8.5,5.0,1002.9,15.4,1.0,0,5.98,1.7
2002-03-08,2002,3,8,67,12.58,25.7,20.0,72.7,27.5,8.8,12.2,1001.6,20.4,1.0,0,7.77,2.12
2002-03-09,2002,3,9,68,3.47,23.4,18.1,69.3,30.7,7.9,9.0,1009.8,17.4,1.0,0,7.81,2.24
2002-03-10,2002,3,10,69,0.0,25.8,17.4,59.0,23.5,9.7,7.6,1005.9,17.5,1.0,0,7.53,2.24
2002-03-11,2002,3,11,70,0.0,25.7,19.1,61.9,17.3,10.6,9.3,1006.4,18.4,1.0,0,5.03,2.24
2002-03-12,2002,3,12,71,0.0,26.1,19.8,57.7,11.1,11.8,9.5,1003.9,17.2,1.16,0,2.86,2.2
2002-03-13,2002,3,13,72,4.82,27.8,20.4,59.5,13.7,10.2,10.6,1003.5,19.9,1.34,0,3.3,2.36
2002-03-14,2002,3,14,73,12.75,28.9,19.6,61.2,21.9,8.2,8.5,1002.2,19.6,1.13,0,4.8,2.77
2002-03-15,2002,3,15,74,3.9,28.2,18.5,69.1,34.5,9.8,5.0,1004.9,21.8,1.0,0,3.56,2.9
2002-03-16,2002,3,16,75,3.15,26.5,21.2,61.0,27.2,8.4,5.4,1000.5,17.2,1.0,0,3.52,3.01
2002-03-17,2002,3,17,76,1.67,27.1,19.3,55.6,38.7,9.7,8.6,1004.3,17.6,1.0,0,3.76,3.02
2002-03-18,2002,3,18,77,0.0,29.2,20.3,64.5,16.0,11.6,6.5,1005.6,22.0,1.13,0,3.76,3.02
2002-03-19,2002,3,19,78,22.54,25.5,20.5,70.9,23.1,9.4,13.3,1005.2,19.4,1.33,0,6.98,3.77
2002-03-20,2002,3,20,79,19.91,28.3,20.1,69.0,29.6,8.8,13.3,1000.2,21.8,1.0,0,9.13,4.44
2002-03-21,2002,3,21,80,35.75,26.0,17.8,68.0,38.5,7.2,12.0,1005.3,18.8,1.0,0,12.42,5.63
2002-03-22,2002,3,22,81,0.0,29.1,19.4,58.5,23.9,7.8,5.0,1005.4,20.5,1.0,0,11.86,5.63
2002-03-23,2002,3,23,82,11.78,27.4,20.9,73.3,33.3,9.1,7.4,1000.9,21.4,1.0,0,13.09,6.02
2002-03-24,2002,3,24,83,11.11,26.4,22.3,66.3,28.3,9.1,8.8,1004.1,20.4,1.12,0,14.44,6.39
2002-03-25,2002,3,25,84,0.0,26.8,21.3,57.9,15.7,11.4,7.9,1006.2,17.5,1.52,0,14.44,6.39
2002-03-26,2002,3,26,85,17.4,27.2,21.2,69.6,26.8,10.4,13.8,1005.1,21.2,1.1,0,13.71,6.97
2002-03-27,2002,3,27,86,6.83,29.5,18.3,66.4,37.9,6.8,8.9,1004.1,23.2,1.0,0,11.84,7.2
2002-03-28,2002,3,28,87,4.2,30.2,22.0,69.2,16.3,10.5,8.1,1006.2,23.9,1.0,0,7.33,7.18
2002-03-29,2002,3,29,88,3.35,27.8,22.0,61.8,23.9,11.4,5.0,1003.4,19.7,1.0,0,7.81,7.23
2002-03-30,2002,3,30,89,9.23,27.2,21.6,66.9,35.5,7.7,10.9,1005.1,21.0,1.0,0,7.45,7.54
2002-03-31,2002,3,31,90,18.68,31.7,21.4,69.1,22.0,10.8,9.4,1003.4,24.8,1.15,0,8.53,8.16
2002-04-01,2002,4,1,91,12.71,30.0,21.7,62.3,16.8,10.7,5.0,1002.3,21.7,1.0,0,10.34,8.48
2002-04-02,2002,4,2,92,1.96,27.7,22.7,55.5,22.9,10.0,5.0,1004.1,18.2,1.25,0,8.14,8.48
2002-04-03,2002,4,3,93,32.32,29.6,21.3,72.4,39.4,8.1,10.6,1006.4,24.0,1.0,0,11.78,8.98
2002-04-04,2002,4,4,94,0.0,28.6,21.9,62.8,19.0,9.2,9.1,1003.9,20.0,1.18,0,11.18,8.47
2002-04-05,2002,4,5,95,2.14,27.4,21.2,55.0,24.4,8.4,5.0,1006.0,17.0,1.0,0,11.01,8.48
2002-04-06,2002,4,6,96,15.26,29.0,21.6,68.2,15.7,10.0,9.2,1003.8,23.5,1.0,0,11.87,8.92
2002-04-07,2002,4,7,97,8.92,27.5,21.8,63.7,19.7,9.3,5.0,1004.7,20.0,1.0,0,10.47,8.8
2002-04-08,2002,4,8,98,4.55,29.0,22.5,64.0,33.0,9.2,5.9,1007.2,21.6,1.31,0,9.31,8.83
2002-04-09,2002,4,9,99,6.78,29.3,21.3,61.3,8.4,13.0,5.6,1006.4,21.3,1.0,0,10.0,9.06
2002-04-10,2002,4,10,100,0.0,29.2,21.9,66.1,40.0,9.4,5.0,1004.1,22.9,1.0,0,5.38,9.06
2002-04-11,2002,4,11,101,0.0,31.5,22.5,64.5,21.9,9.6,9.5,1007.1,23.4,1.0,0,5.38,9.06
2002-04-12,2002,4,12,102,2.85,30.9,22.0,56.2,34.5,9.7,6.9,1004.6,21.1,1.13,0,5.48,8.99
2002-04-13,2002,4,13,103,4.78,29.5,22.5,58.7,31.6,9.7,9.8,1007.7,20.3,1.09,0,3.98,8.73
2002-04-14,2002,4,14,104,0.0,31.0,21.0,60.8,23.2,10.0,8.3,1006.5,22.8,1.32,0,2.71,8.6
2002-04-15,2002,4,15,105,0.0,32.6,23.1,58.1,23.3,11.2,8.6,1006.0,22.7,1.27,0,2.06,8.49
2002-04-16,2002,4,16,106,9.14,29.6,21.8,68.9,43.7,6.4,7.6,1007.1,23.7,1.0,0,2.4,8.74
2002-04-17,2002,4,17,107,5.59,29.0,21.0,59.2,14.6,10.2,9.2,1009.2,20.1,1.34,0,3.19,8.93
2002-04-18,2002,4,18,108,3.01,29.5,23.1,66.5,24.9,10.4,7.7,1006.2,22.6,1.06,0,3.62,8.28
2002-04-19,2002,4,19,109,0.0,31.8,23.3,55.0,17.1,10.8,6.4,1004.7,21.9,1.09,0,3.22,7.61
2002-04-20,2002,4,20,110,0.0,33.6,23.5,59.4,15.3,10.2,15.2,1004.1,24.2,1.89,0,2.53,6.42
2002-04-21,2002,4,21,111,1.71,32.8,23.6,67.5,35.6,7.6,7.3,1007.3,26.0,1.0,0,2.78,6.48
2002-04-22,2002,4,22,112,3.96,33.6,23.7,62.8,28.1,8.2,10.3,1002.2,26.0,1.0,0,3.34,6.22
2002-04-23,2002,4,23,113,7.59,28.5,25.0,64.8,30.1,9.1,8.3,1002.6,21.8,1.0,0,3.12,6.1
2002-04-24,2002,4,24,114,4.72,30.7,24.3,66.7,30.4,9.8,13.4,1006.3,24.7,1.0,0,3.0,6.26
2002-04-25,2002,4,25,115,0.9,30.4,24.6,64.1,31.6,10.2,5.2,1002.5,22.9,1.0,0,2.7,5.71
2002-04-26,2002,4,26,116,1.02,33.0,24.2,61.7,22.9,9.2,10.9,1002.7,24.9,1.06,0,2.84,5.51
2002-04-27,2002,4,27,117,5.61,32.0,24.7,69.6,38.6,8.2,5.0,1005.4,25.4,1.0,0,3.64,5.56
2002-04-28,2002,4,28,118,0.0,27.9,23.2,62.4,24.2,9.1,5.0,1006.2,20.3,1.0,0,3.4,5.45
2002-04-29,2002,4,29,119,8.33,33.7,24.6,67.8,30.4,9.6,11.6,1004.1,26.0,1.0,0,4.02,5.42
2002-04-30,2002,4,30,120,2.65,34.5,25.3,67.2,25.6,10.2,10.2,1003.3,26.0,1.0,0,3.32,4.88
2002-05-01,2002,5,1,121,2.82,35.8,23.7,55.0,24.0,9.2,5.7,1006.0,25.0,1.35,0,3.05,4.55
2002-05-02,2002,5,2,122,7.01,33.2,25.7,62.6,30.6,8.2,8.1,1004.6,25.2,1.0,0,3.92,4.72
2002-05-03,2002,5,3,123,5.79,34.0,23.8,62.8,27.8,11.0,12.3,1003.9,26.0,1.6,0,4.6,3.84
2002-05-04,2002,5,4,124,0.0,31.5,24.8,65.3,21.4,10.2,12.7,1003.4,24.3,1.0,0,3.8,3.84
2002-05-05,2002,5,5,125,10.44,30.9,23.1,74.2,34.0,9.0,11.2,1004.8,25.0,1.0,0,5.29,4.11
2002-05-06,2002,5,6,126,3.59,35.3,25.4,57.2,24.4,9.0,8.5,1004.4,25.2,1.07,0,4.61,3.73
2002-05-07,2002,5,7,127,0.0,34.4,26.0,61.5,25.6,9.7,12.0,1006.1,25.5,1.06,0,4.24,3.43
2002-05-08,2002,5,8,128,7.42,35.6,24.6,71.0,19.2,9.9,8.4,1006.6,26.0,1.0,0,4.89,3.52
2002-05-09,2002,5,9,129,0.0,33.4,23.1,56.5,32.6,8.6,7.7,1007.8,23.5,1.35,0,3.89,3.3
2002-05-10,2002,5,10,130,4.15,37.5,24.8,67.1,30.6,8.5,7.5,1006.9,26.0,1.31,0,3.66,3.44
2002-05-11,2002,5,11,131,6.83,34.5,23.8,68.7,36.5,9.6,5.9,1003.4,26.0,1.72,0,4.63,3.66
2002-05-12,2002,5,12,132,5.41,33.1,25.0,68.6,37.8,8.0,11.8,1002.4,26.0,1.0,0,3.91,3.75
2002-05-13,2002,5,13,133,6.9,33.8,26.0,62.7,22.8,10.8,10.4,1003.7,25.6,1.1,0,4.39,3.82
2002-05-14,2002,5,14,134,9.42,32.0,25.7,68.2,40.4,7.4,12.5,1004.2,26.0,1.0,0,5.73,4.13
2002-05-15,2002,5,15,135,26.72,33.1,23.3,68.5,32.7,10.3,14.7,1005.5,26.0,1.7,0,8.49,5.02
2002-05-16,2002,5,16,136,0.0,34.1,24.9,69.1,36.4,8.9,14.5,1004.9,26.0,1.05,0,8.49,4.72
2002-05-17,2002,5,17,137,9.05,37.1,25.6,64.5,20.1,10.9,14.6,1006.3,26.0,1.18,0,9.19,4.84
2002-05-18,2002,5,18,138,0.0,34.8,27.1,65.2,14.7,9.6,8.7,1005.3,26.0,1.0,0,8.21,4.73
2002-05-19,2002,5,19,139,5.68,36.6,25.3,76.2,47.5,8.2,10.5,1004.9,26.0,1.0,0,8.25,4.92
2002-05-20,2002,5,20,140,2.96,34.9,26.2,71.4,41.6,10.0,9.3,1008.0,26.0,1.0,0,7.69,5.02
2002-05-21,2002,5,21,141,7.14,33.6,25.8,61.8,32.6,9.3,10.8,1007.3,26.0,1.0,0,7.36,5.2
2002-05-22,2002,5,22,142,11.37,36.1,25.0,69.4,39.1,10.6,13.2,1001.5,26.0,1.0,0,5.17,5.45
2002-05-23,2002,5,23,143,7.18,34.1,25.2,69.5,25.9,8.4,13.3,1004.7,26.0,1.13,0,6.2,5.44
2002-05-24,2002,5,24,144,5.88,34.9,25.6,68.2,37.7,7.9,15.3,1004.4,26.0,1.0,0,5.74,5.48
2002-05-25,2002,5,25,145,4.33,38.0,27.4,70.1,39.6,8.8,15.2,1001.7,26.0,1.0,0,6.36,5.59
2002-05-26,2002,5,26,146,19.68,36.6,25.1,76.4,43.5,7.3,13.4,1004.3,26.0,1.0,0,8.36,6.21
2002-05-27,2002,5,27,147,4.1,34.6,25.8,76.2,41.3,10.1,9.2,1004.5,26.0,1.27,0,8.53,6.16
2002-05-28,2002,5,28,148,0.0,37.0,25.4,65.3,28.5,8.8,11.6,1007.0,26.0,1.0,0,7.51,6.16
2002-05-29,2002,5,29,149,7.8,34.6,27.7,73.8,31.5,9.9,10.6,1002.3,26.0,1.0,0,7.0,6.14
2002-05-30,2002,5,30,150,0.0,33.4,26.7,66.9,39.4,8.0,13.3,1006.3,26.0,1.0,0,5.97,6.06
2002-05-31,2002,5,31,151,8.42,37.8,28.0,77.8,36.5,7.2,16.2,1001.3,26.0,1.06,0,6.33,6.24
2002-06-01,2002,6,1,152,258.11,36.7,23.2,84.6,81.4,4.2,25.1,1003.3,26.0,1.0,1,42.59,14.61
2002-06-02,2002,6,2,153,184.19,36.0,27.5,83.4,80.3,4.2,24.1,1001.5,26.0,1.0,1,66.09,20.56
2002-06-03,2002,6,3,154,170.54,33.9,25.4,82.4,85.8,4.2,25.3,1001.8,26.0,1.0,1,89.87,26.24
2002-06-04,2002,6,4,155,84.78,36.0,25.8,79.4,74.6,5.7,23.1,1004.5,26.0,1.0,1,101.98,28.72
2002-06-05,2002,6,5,156,83.69,36.9,26.4,86.5,99.8,1.9,21.5,996.9,26.0,1.0,1,112.82,31.39
2002-06-06,2002,6,6,157,128.94,34.9,26.6,80.7,75.6,5.6,25.2,1004.2,26.0,1.0,1,131.24,35.69
2002-06-07,2002,6,7,158,217.44,36.8,26.7,77.0,79.7,4.6,28.0,1000.0,26.0,1.0,1,161.1,42.69
2002-06-08,2002,6,8,159,110.9,38.0,25.9,80.5,73.9,4.4,22.8,1003.2,26.0,1.0,1,140.07,46.39
2002-06-09,2002,6,9,160,185.76,37.2,26.7,85.5,90.1,2.9,23.3,999.2,26.0,1.0,1,140.29,52.44
2002-06-10,2002,6,10,161,390.14,37.8,26.7,80.3,81.0,4.4,27.0,1002.1,26.0,1.0,1,171.66,65.22
2002-06-11,2002,6,11,162,175.45,36.3,24.9,82.2,67.1,6.1,24.4,1003.1,26.0,1.0,1,184.62,70.89
2002-06-12,2002,6,12,163,57.89,35.5,27.4,75.9,59.3,6.5,21.2,1002.2,26.0,1.0,1,180.93,72.59
2002-06-13,2002,6,13,164,136.7,36.3,27.0,82.5,81.0,4.2,22.9,1004.7,26.0,1.07,1,182.04,76.83
2002-06-14,2002,6,14,165,157.3,38.0,27.3,92.9,77.9,4.1,26.5,996.8,26.0,1.0,1,173.45,81.18
2002-06-15,2002,6,15,166,32.75,37.1,26.5,78.9,65.6,6.0,17.6,1004.6,26.0,1.0,1,162.28,82.27
2002-06-16,2002,6,16,167,128.86,37.0,27.1,86.0,74.2,5.3,21.0,1004.9,26.0,1.0,1,154.16,86.27
2002-06-17,2002,6,17,168,147.3,36.6,24.6,95.8,89.2,5.1,27.1,1003.2,26.0,1.0,1,119.46,91.18
2002-06-18,2002,6,18,169,40.51,35.5,26.5,84.6,65.6,5.2,21.8,999.0,26.0,1.0,1,100.19,92.34
2002-06-19,2002,6,19,170,185.15,38.0,26.7,88.6,96.3,3.9,24.9,1001.0,26.0,1.0,1,118.37,98.41
2002-06-20,2002,6,20,171,280.02,37.2,27.2,83.9,84.7,4.6,28.5,1003.4,26.0,1.0,1,138.84,107.51
2002-06-21,2002,6,21,172,125.85,36.8,27.3,88.6,96.1,2.8,22.3,1001.4,26.0,1.0,1,134.35,111.32
2002-06-22,2002,6,22,173,86.98,37.7,28.0,94.3,92.0,4.8,23.4,1001.1,26.0,1.0,1,142.1,113.98
2002-06-23,2002,6,23,174,70.39,36.9,26.0,82.2,69.1,5.5,23.4,1004.9,26.0,1.0,1,133.74,116.13
2002-06-24,2002,6,24,175,149.32,38.0,28.0,87.9,100.0,2.7,26.5,1002.1,26.0,1.0,1,134.03,120.97
2002-06-25,2002,6,25,176,65.8,36.7,28.0,82.6,86.8,3.5,25.4,1003.2,26.0,1.0,1,137.64,122.5
2002-06-26,2002,6,26,177,380.66,37.9,26.8,95.7,87.8,4.2,25.1,999.0,26.0,1.0,1,165.57,135.05
2002-06-27,2002,6,27,178,180.12,37.7,28.0,84.7,82.0,4.3,28.7,1001.7,26.0,1.0,1,151.3,141.06
2002-06-28,2002,6,28,179,119.39,38.0,28.0,86.6,100.0,1.8,25.3,1003.3,26.0,1.0,1,150.38,144.78
2002-06-29,2002,6,29,180,185.79,38.0,28.0,85.3,99.0,2.9,19.8,1002.4,26.0,1.0,1,164.5,150.97
2002-06-30,2002,6,30,181,110.73,38.0,27.2,84.4,97.3,4.0,23.2,1004.1,26.0,1.0,1,170.26,154.38
2002-07-01,2002,7,1,182,299.49,37.8,28.0,90.9,87.9,3.2,32.2,1004.0,26.0,1.0,1,191.71,155.76
2002-07-02,2002,7,2,183,126.71,38.0,28.0,89.2,90.4,4.1,25.2,1007.3,26.0,1.0,1,200.41,153.84
2002-07-03,2002,7,3,184,58.28,38.0,28.0,90.3,94.3,2.6,22.5,1002.3,26.0,1.0,1,154.36,150.1
2002-07-04,2002,7,4,185,154.06,37.2,28.0,93.7,100.0,2.8,23.3,1001.0,26.0,1.0,1,150.64,152.41
2002-07-05,2002,7,5,186,177.82,35.5,28.0,84.8,88.8,4.0,29.5,1004.4,26.0,1.0,1,158.98,155.55
2002-07-06,2002,7,6,187,348.74,35.1,27.3,93.0,100.0,3.5,26.7,1003.8,26.0,1.0,1,182.26,162.88
2002-07-07,2002,7,7,188,526.12,37.8,27.0,88.4,100.0,1.8,27.8,1001.9,26.0,1.0,1,241.6,173.17
2002-07-08,2002,7,8,189,131.86,37.2,25.0,92.7,96.4,2.7,27.9,1003.9,26.0,1.0,1,217.66,173.86
2002-07-09,2002,7,9,190,138.34,37.2,27.1,93.8,95.9,2.4,23.3,1000.3,26.0,1.0,1,219.32,172.28
2002-07-10,2002,7,10,191,260.42,36.8,27.2,91.8,100.0,3.0,26.9,1003.0,26.0,1.0,1,248.19,167.96
2002-07-11,2002,7,11,192,239.66,36.7,25.4,98.0,100.0,3.0,32.3,1002.1,26.0,1.0,1,260.42,170.1
2002-07-12,2002,7,12,193,348.71,38.0,27.7,87.6,100.0,2.6,29.2,1001.8,26.0,1.01,1,284.84,179.79
2002-07-13,2002,7,13,194,345.08,33.4,28.0,89.1,100.0,2.4,23.3,1001.5,26.0,1.0,1,284.31,186.74
2002-07-14,2002,7,14,195,165.66,38.0,26.5,94.7,100.0,3.2,28.6,1005.3,26.0,1.0,1,232.82,187.02
2002-07-15,2002,7,15,196,212.1,37.6,28.0,98.0,100.0,1.5,27.8,1001.2,26.0,1.0,1,244.28,193.0
2002-07-16,2002,7,16,197,17.89,38.0,28.0,82.3,71.9,5.4,18.8,1002.8,26.0,1.0,1,227.07,189.3
2002-07-17,2002,7,17,198,419.33,38.0,28.0,94.3,100.0,3.3,27.7,1002.1,26.0,1.0,1,249.78,198.37
2002-07-18,2002,7,18,199,83.68,35.3,27.5,98.0,100.0,1.4,27.8,1000.7,26.0,1.0,1,227.49,199.8
2002-07-19,2002,7,19,200,65.7,35.1,26.5,97.0,97.9,2.3,27.1,1002.3,26.0,1.0,1,187.06,195.82
2002-07-20,2002,7,20,201,126.58,36.2,28.0,97.5,100.0,2.1,27.9,1004.8,26.0,1.0,1,155.85,190.71
2002-07-21,2002,7,21,202,101.32,38.0,28.0,92.2,98.1,2.3,32.5,999.3,26.0,1.0,1,146.66,189.89
2002-07-22,2002,7,22,203,278.61,35.3,27.3,95.7,100.0,3.8,28.0,1002.4,26.0,1.0,1,156.16,196.28
2002-07-23,2002,7,23,204,149.75,38.0,27.8,96.0,100.0,0.7,26.6,1005.5,26.0,1.0,1,175.0,198.92
2002-07-24,2002,7,24,205,163.39,38.0,27.4,98.0,100.0,2.1,33.8,998.4,26.0,1.0,1,138.43,199.39
2002-07-25,2002,7,25,206,220.9,37.0,26.6,96.0,100.0,2.8,29.0,1001.2,26.0,1.0,1,158.04,204.56
2002-07-26,2002,7,26,207,144.7,36.4,27.8,98.0,100.0,3.1,29.6,1003.6,26.0,1.0,1,169.32,196.7
2002-07-27,2002,7,27,208,89.2,34.4,26.5,96.0,100.0,3.3,25.3,998.0,26.0,1.0,1,163.98,193.67
2002-07-28,2002,7,28,209,137.6,38.0,28.0,97.6,100.0,1.3,25.0,999.1,26.0,1.0,1,169.16,194.27
2002-07-29,2002,7,29,210,5.81,38.0,28.0,84.5,78.0,5.6,19.8,1002.3,26.0,1.0,1,130.19,188.27
2002-07-30,2002,7,30,211,55.72,38.0,28.0,94.6,100.0,3.3,29.1,1001.1,26.0,1.0,1,116.76,186.44
2002-07-31,2002,7,31,212,98.13,37.1,27.0,97.0,100.0,1.8,35.0,1001.6,26.0,1.0,1,107.44,179.73
2002-08-01,2002,8,1,213,62.41,37.4,27.6,96.3,100.0,1.6,28.3,1003.0,26.0,1.0,1,84.8,177.59
2002-08-02,2002,8,2,214,123.53,38.0,28.0,91.6,100.0,1.4,31.6,1000.4,26.0,1.0,1,81.77,179.76
2002-08-03,2002,8,3,215,49.62,37.6,27.0,94.5,94.3,1.1,25.3,1000.5,26.0,1.0,1,76.12,176.28
2002-08-04,2002,8,4,216,71.03,32.6,27.8,98.0,100.0,4.0,32.4,1002.6,26.0,1.0,1,66.61,172.72
2002-08-05,2002,8,5,217,249.96,38.0,27.9,91.7,100.0,2.4,32.6,1004.7,26.0,1.0,1,101.49,169.43
2002-08-06,2002,8,6,218,62.54,38.0,27.3,96.3,100.0,0.9,27.2,1001.8,26.0,1.0,1,102.46,153.97
2002-08-07,2002,8,7,219,53.62,38.0,27.2,94.6,100.0,0.5,26.7,1005.4,26.0,1.0,1,96.1,151.37
2002-08-08,2002,8,8,220,258.53,37.7,28.0,98.0,100.0,1.5,28.0,1002.1,26.0,1.0,1,124.12,155.37
2002-08-09,2002,8,9,221,545.46,38.0,28.0,98.0,100.0,2.0,30.4,1002.3,26.0,1.0,1,184.39,164.87
2002-08-10,2002,8,10,222,205.06,34.8,26.7,98.0,100.0,2.9,33.2,1001.1,26.0,1.0,1,206.6,163.72
2002-08-11,2002,8,11,223,132.33,36.7,28.0,91.9,100.0,3.1,33.5,1003.2,26.0,1.0,1,215.36,156.51
2002-08-12,2002,8,12,224,66.55,35.8,24.9,90.6,100.0,2.5,28.0,1004.9,26.0,1.0,1,189.16,147.22
2002-08-13,2002,8,13,225,219.19,38.0,27.3,89.8,100.0,2.3,28.1,1003.7,26.0,1.0,1,211.53,149.01
2002-08-14,2002,8,14,226,353.08,36.9,24.0,98.0,100.0,2.5,31.9,1000.6,26.0,1.0,1,254.31,153.71
2002-08-15,2002,8,15,227,35.13,36.3,25.6,89.6,99.3,3.3,33.2,1002.7,26.0,1.0,1,222.4,154.28
2002-08-16,2002,8,16,228,54.25,34.9,25.3,89.2,88.2,3.5,30.0,1001.0,26.0,1.0,1,152.23,142.11
2002-08-17,2002,8,17,229,160.97,34.8,28.0,97.5,100.0,2.7,29.4,1002.1,26.0,1.0,1,145.93,144.69
2002-08-18,2002,8,18,230,60.75,34.6,26.1,96.7,100.0,1.3,29.1,1004.2,26.0,1.0,1,135.7,144.52
2002-08-19,2002,8,19,231,100.53,37.3,26.3,98.0,100.0,2.4,30.6,1001.5,26.0,1.0,1,140.56,143.66
2002-08-20,2002,8,20,232,44.4,37.0,26.0,98.0,88.2,3.0,28.9,1003.5,26.0,1.0,1,115.59,141.76
2002-08-21,2002,8,21,233,257.83,36.4,24.5,98.0,100.0,2.5,29.5,1004.9,26.0,1.0,1,101.98,141.07
2002-08-22,2002,8,22,234,121.0,37.1,26.5,98.0,100.0,1.9,35.0,1002.5,26.0,1.0,1,114.25,140.11
2002-08-23,2002,8,23,235,30.61,34.6,26.2,95.6,100.0,2.5,26.1,1001.3,26.0,1.0,1,110.87,135.68
2002-08-24,2002,8,24,236,169.11,33.0,25.0,98.0,100.0,1.6,33.4,1006.1,26.0,1.0,1,112.03,133.95
2002-08-25,2002,8,25,237,159.21,36.7,27.6,98.0,100.0,1.4,30.5,998.7,26.0,1.0,1,126.1,134.44
2002-08-26,2002,8,26,238,180.9,35.5,27.5,98.0,100.0,1.5,31.5,1002.9,26.0,1.0,1,137.58,137.5
2002-08-27,2002,8,27,239,173.59,36.7,24.3,98.0,100.0,1.6,27.5,1000.1,26.0,1.0,1,156.04,138.7
2002-08-28,2002,8,28,240,204.32,36.0,24.9,98.0,100.0,2.4,33.8,1002.7,26.0,1.0,1,148.39,145.31
2002-08-29,2002,8,29,241,56.26,35.1,26.2,98.0,100.0,2.8,33.4,1004.1,26.0,1.0,1,139.14,145.33
2002-08-30,2002,8,30,242,86.55,35.4,25.0,98.0,100.0,2.3,31.7,1002.7,26.0,1.0,1,147.13,144.94
2002-08-31,2002,8,31,243,39.5,37.1,25.3,98.0,98.2,2.4,27.4,1006.2,26.0,1.0,1,128.62,144.18
2002-09-01,2002,9,1,244,149.08,34.5,24.2,98.0,100.0,2.2,31.9,1005.3,26.0,1.0,1,127.17,145.03
2002-09-02,2002,9,2,245,310.76,35.9,24.2,98.0,100.0,3.0,31.7,1002.8,26.0,1.0,1,145.72,153.74
2002-09-03,2002,9,3,246,75.04,35.2,24.7,98.0,100.0,1.3,30.6,1006.9,26.0,1.0,1,131.64,153.87
2002-09-04,2002,9,4,247,98.13,32.1,25.4,97.8,100.0,2.3,35.0,1003.2,26.0,1.0,1,116.47,148.81
2002-09-05,2002,9,5,248,71.99,32.5,25.4,98.0,100.0,2.3,32.8,1001.6,26.0,1.0,1,118.72,149.12
2002-09-06,2002,9,6,249,237.01,34.3,24.1,98.0,100.0,2.8,31.2,1000.7,26.0,1.0,1,140.22,155.24
2002-09-07,2002,9,7,250,57.46,33.5,23.6,98.0,100.0,1.5,32.8,1003.4,26.0,1.0,1,142.78,148.54
2002-09-08,2002,9,8,251,201.31,32.7,23.4,98.0,100.0,3.4,31.1,1002.8,26.0,1.0,1,150.24,137.06
2002-09-09,2002,9,9,252,177.63,35.6,26.0,98.0,100.0,2.0,35.0,1002.9,26.0,1.0,1,131.22,136.15
2002-09-10,2002,9,10,253,84.01,31.6,27.3,98.0,100.0,1.1,34.0,1001.7,26.0,1.0,1,132.51,134.54
2002-09-11,2002,9,11,254,69.34,33.5,25.2,98.0,100.0,1.7,35.0,1003.0,26.0,1.0,1,128.39,134.63
2002-09-12,2002,9,12,255,391.62,32.3,21.5,98.0,100.0,2.6,35.0,1006.9,26.0,1.0,1,174.05,140.38
2002-09-13,2002,9,13,256,193.88,35.7,25.1,98.0,100.0,1.9,35.0,1002.9,26.0,1.0,1,167.89,135.07
2002-09-14,2002,9,14,257,373.23,37.2,25.8,98.0,100.0,1.5,33.6,1004.7,26.0,1.0,1,213.0,146.34
2002-09-15,2002,9,15,258,169.3,32.8,23.5,98.0,100.0,3.1,35.0,1004.6,26.0,1.0,1,208.43,150.18
2002-09-16,2002,9,16,259,56.36,34.4,25.3,98.0,100.0,2.5,30.3,999.7,26.0,1.0,1,191.11,146.69
2002-09-17,2002,9,17,260,166.26,34.9,25.4,98.0,100.0,1.8,35.0,1003.0,26.0,1.0,1,202.86,150.21
2002-09-18,2002,9,18,261,69.76,34.2,25.6,98.0,100.0,2.2,34.8,1001.6,26.0,1.0,1,202.92,149.18
2002-09-19,2002,9,19,262,204.54,34.0,23.2,98.0,100.0,2.7,35.0,1000.0,26.0,1.0,1,176.19,154.52
2002-09-20,2002,9,20,263,34.69,30.0,23.9,98.0,100.0,2.9,20.2,998.3,26.0,1.0,1,153.45,147.08
2002-09-21,2002,9,21,264,108.99,34.3,24.0,98.0,100.0,1.5,32.6,1005.4,26.0,1.0,1,115.7,146.68
2002-09-22,2002,9,22,265,13.88,32.9,25.2,91.4,100.0,2.6,20.5,1005.3,26.0,1.0,1,93.5,146.12
2002-09-23,2002,9,23,266,20.69,31.9,23.1,97.3,100.0,3.5,23.4,1000.6,26.0,1.0,1,88.4,141.18
2002-09-24,2002,9,24,267,27.06,32.0,24.6,91.6,100.0,1.5,27.7,1001.9,26.0,1.0,1,68.52,136.77
2002-09-25,2002,9,25,268,105.28,32.4,23.7,98.0,100.0,2.3,35.0,1003.0,26.0,1.0,1,73.59,134.25
2002-09-26,2002,9,26,269,111.83,31.5,24.4,98.0,100.0,2.3,35.0,1003.1,26.0,1.0,1,60.35,132.19
2002-09-27,2002,9,27,270,315.03,31.2,24.1,98.0,100.0,1.8,35.0,1002.2,26.0,1.0,1,100.39,135.88
2002-09-28,2002,9,28,271,45.64,30.1,22.3,98.0,99.8,1.2,30.5,1001.1,26.0,1.0,1,91.34,135.53
2002-09-29,2002,9,29,272,244.21,32.2,23.3,98.0,100.0,1.2,35.0,1004.7,26.0,1.0,1,124.25,140.78
2002-09-30,2002,9,30,273,72.29,31.1,22.1,98.0,100.0,1.7,32.2,999.6,26.0,1.0,1,131.62,141.88
2002-10-01,2002,10,1,274,32.59,30.0,22.8,97.7,100.0,1.2,30.8,1000.1,26.0,1.0,1,132.41,137.99
2002-10-02,2002,10,2,275,4.12,31.2,24.8,90.9,90.1,1.8,21.4,1004.5,26.0,1.0,1,117.96,127.77
2002-10-03,2002,10,3,276,19.93,31.0,22.1,98.0,100.0,0.9,21.6,1002.2,26.0,1.0,1,104.83,125.94
2002-10-04,2002,10,4,277,27.9,31.5,21.8,98.0,100.0,1.5,25.6,1001.0,26.0,1.0,1,63.81,123.59
2002-10-05,2002,10,5,278,7.62,30.6,22.2,89.6,97.0,2.0,26.7,999.9,26.0,1.0,1,58.38,121.45
2002-10-06,2002,10,6,279,34.15,31.4,23.1,94.0,100.0,1.4,26.3,1003.6,26.0,1.0,1,28.37,114.69
2002-10-07,2002,10,7,280,21.32,29.9,23.0,94.1,100.0,1.1,26.5,1000.0,26.0,1.0,1,21.09,113.48
2002-10-08,2002,10,8,281,19.85,29.9,22.6,98.0,100.0,2.6,23.7,1001.3,26.0,1.0,1,19.27,107.43
2002-10-09,2002,10,9,282,39.95,30.5,21.1,98.0,100.0,1.0,28.5,1003.9,26.0,1.0,1,24.39,102.84
2002-10-10,2002,10,10,283,33.26,30.5,21.7,96.7,100.0,1.8,31.5,1001.9,26.0,1.0,1,26.29,101.15
2002-10-11,2002,10,11,284,41.86,31.6,23.5,98.0,100.0,2.8,28.0,999.4,26.0,1.0,1,28.29,100.24
2002-10-12,2002,10,12,285,76.87,31.2,19.9,98.0,100.0,1.9,35.0,1000.6,26.0,1.0,1,38.18,89.74
2002-10-13,2002,10,13,286,18.41,29.5,22.0,89.0,97.8,3.8,21.5,1006.1,26.0,1.0,1,35.93,83.9
2002-10-14,2002,10,14,287,5.51,27.3,21.3,88.4,90.6,3.1,15.8,1003.4,24.4,1.0,1,33.67,71.64
2002-10-15,2002,10,15,288,8.17,30.3,22.0,87.0,91.2,2.5,20.2,1003.2,26.0,1.0,1,32.0,66.27
2002-10-16,2002,10,16,289,6.3,29.9,21.5,98.0,98.6,1.5,24.5,1005.3,26.0,1.0,1,27.2,64.6
2002-10-17,2002,10,17,290,11.14,29.3,19.5,93.4,100.0,2.3,23.5,1002.3,26.0,1.0,1,24.04,59.43
2002-10-18,2002,10,18,291,9.66,30.0,21.9,92.6,100.0,2.2,22.3,1008.7,26.0,1.0,1,19.44,57.42
2002-10-19,2002,10,19,292,14.38,28.1,19.9,94.0,100.0,2.2,19.6,1003.5,26.0,1.0,1,10.51,51.09
2002-10-20,2002,10,20,293,76.35,26.2,19.6,98.0,100.0,1.2,30.1,1003.5,26.0,1.0,1,18.79,52.47
2002-10-21,2002,10,21,294,4.72,27.1,21.0,93.1,90.3,2.5,20.6,1001.7,25.8,1.0,1,18.67,49.0
2002-10-22,2002,10,22,295,9.3,23.9,20.3,98.0,100.0,0.6,24.1,1002.5,23.4,1.0,1,18.84,48.85
2002-10-23,2002,10,23,296,4.74,28.8,19.8,88.4,100.0,1.6,25.4,1005.1,26.0,1.0,1,18.61,48.31
2002-10-24,2002,10,24,297,1.35,27.9,20.2,92.8,97.7,2.2,20.2,1004.7,26.0,1.0,1,17.21,47.46
2002-10-25,2002,10,25,298,38.21,29.2,19.6,98.0,100.0,1.2,25.5,1001.4,26.0,1.0,1,21.29,45.22
2002-10-26,2002,10,26,299,15.76,28.9,22.3,91.4,100.0,1.4,21.5,1004.1,26.0,1.0,1,21.49,42.02
2002-10-27,2002,10,27,300,28.81,26.9,20.7,98.0,100.0,1.5,29.7,1004.2,26.0,1.0,1,14.7,32.48
2002-10-28,2002,10,28,301,12.99,26.3,20.1,86.9,85.1,3.5,23.1,1007.1,24.8,1.0,1,15.88,31.39
2002-10-29,2002,10,29,302,80.25,26.2,21.1,96.2,100.0,0.8,34.6,1000.6,25.3,1.0,1,26.02,25.93
2002-10-30,2002,10,30,303,16.23,30.1,19.8,98.0,100.0,1.2,23.1,1007.7,26.0,1.0,1,27.66,24.06
2002-10-31,2002,10,31,304,21.92,26.9,19.7,93.8,100.0,0.6,20.3,1006.0,25.7,1.0,1,30.6,23.7
2002-11-01,2002,11,1,305,16.33,26.6,21.0,98.0,100.0,1.4,23.0,1006.6,26.0,1.0,1,27.47,24.11
2002-11-02,2002,11,2,306,34.19,27.3,19.0,97.1,100.0,1.9,28.7,1001.7,26.0,1.0,1,30.1,24.58
2002-11-03,2002,11,3,307,27.91,24.3,18.5,86.2,82.6,3.8,24.7,1003.6,21.6,1.0,1,29.97,24.58
2002-11-04,2002,11,4,308,6.77,26.0,20.4,92.8,91.1,3.0,21.5,1005.3,24.7,1.0,1,29.09,24.56
2002-11-05,2002,11,5,309,16.91,25.2,19.7,94.9,100.0,1.3,19.4,1001.5,24.5,1.0,1,20.04,23.98
2002-11-06,2002,11,6,310,13.56,24.8,19.6,89.2,98.4,2.6,27.9,1000.7,22.4,1.0,1,19.66,23.72
2002-11-07,2002,11,7,311,28.72,25.8,18.9,98.0,100.0,3.1,25.4,1001.0,25.7,1.0,1,20.63,24.02
2002-11-08,2002,11,8,312,67.13,26.2,20.0,98.0,100.0,1.4,34.6,1003.5,25.4,1.0,1,27.88,24.92
2002-11-09,2002,11,9,313,66.09,24.1,17.5,96.6,100.0,1.7,29.5,1001.7,24.1,1.0,1,32.44,26.02
2002-11-10,2002,11,10,314,17.75,25.3,16.8,97.1,100.0,1.4,25.5,1007.0,25.4,1.0,1,30.99,25.21
2002-11-11,2002,11,11,315,7.11,25.9,18.6,90.0,85.2,2.8,22.5,1004.8,23.4,1.0,1,31.04,22.89
2002-11-12,2002,11,12,316,62.75,26.3,19.7,98.0,100.0,1.1,32.0,1003.5,26.0,1.0,1,37.59,24.37
2002-11-13,2002,11,13,317,2.21,25.1,20.4,83.7,84.5,3.5,28.4,1003.2,22.0,1.0,1,35.97,24.26
2002-11-14,2002,11,14,318,13.09,25.9,19.4,87.0,86.7,3.8,22.9,1004.0,23.3,1.0,1,33.73,24.42
2002-11-15,2002,11,15,319,14.94,24.8,17.6,96.8,100.0,0.5,22.0,1002.5,24.2,1.0,1,26.28,24.71
2002-11-16,2002,11,16,320,8.84,27.1,17.5,90.4,91.2,2.9,23.6,1001.8,25.5,1.0,1,18.1,24.63
2002-11-17,2002,11,17,321,19.57,25.9,20.0,95.8,100.0,0.9,20.7,1002.5,24.3,1.0,1,18.36,24.96
2002-11-18,2002,11,18,322,27.27,24.0,19.6,91.7,85.4,3.3,21.8,1006.1,21.6,1.0,1,21.24,25.39
2002-11-19,2002,11,19,323,45.49,24.1,19.1,98.0,100.0,1.8,26.8,1000.4,24.5,1.0,1,18.77,24.36
2002-11-20,2002,11,20,324,24.45,25.3,19.4,91.2,95.9,2.4,23.7,1000.2,23.7,1.0,1,21.95,25.02
2002-11-21,2002,11,21,325,4.29,23.9,18.5,88.7,87.9,3.0,26.3,1000.4,21.9,1.0,1,20.69,24.85
2002-11-22,2002,11,22,326,6.76,22.0,17.9,81.2,82.3,3.1,17.3,998.9,18.2,1.0,1,19.52,24.92
2002-11-23,2002,11,23,327,3.45,24.9,17.9,79.7,64.2,5.0,20.3,1007.1,21.0,1.0,1,18.75,24.99
2002-11-24,2002,11,24,328,12.71,23.8,18.8,84.2,67.0,5.9,21.9,1005.4,20.4,1.0,1,17.77,24.14
2002-11-25,2002,11,25,329,34.68,25.3,18.3,93.4,84.9,3.1,21.3,1006.2,24.0,1.0,1,18.83,24.77
2002-11-26,2002,11,26,330,3.62,24.2,16.0,75.8,78.9,4.1,21.3,1004.8,19.5,1.0,1,12.85,23.93
2002-11-27,2002,11,27,331,36.29,25.0,18.9,95.1,78.7,3.4,26.6,1001.2,24.0,1.0,1,14.54,24.71
2002-11-28,2002,11,28,332,10.79,27.8,18.5,89.5,88.3,2.7,21.2,1002.6,25.9,1.0,1,15.47,22.39
2002-11-29,2002,11,29,333,19.14,25.8,18.1,82.4,79.1,4.5,24.2,1002.5,22.5,1.0,1,17.24,22.49
2002-11-30,2002,11,30,334,41.09,23.3,19.4,91.6,89.6,1.8,20.3,1003.8,22.2,1.0,1,22.62,23.13
2002-12-01,2002,12,1,335,0.72,24.3,16.6,89.6,94.2,2.1,21.6,1007.3,23.0,1.0,0,20.9,22.61
2002-12-02,2002,12,2,336,2.35,23.8,16.3,81.0,88.7,2.5,16.1,1008.0,20.4,1.0,0,16.29,21.55
2002-12-03,2002,12,3,337,0.0,24.0,18.1,77.3,66.0,5.9,13.2,1005.7,19.4,1.0,0,15.77,20.62
2002-12-04,2002,12,4,338,0.0,22.0,16.5,79.6,78.3,5.0,18.6,1003.8,18.4,1.0,0,10.58,20.39
2002-12-05,2002,12,5,339,0.0,25.0,19.4,85.6,74.9,4.6,11.5,1005.7,22.2,1.0,0,9.04,19.83
2002-12-06,2002,12,6,340,0.53,22.0,16.5,76.3,76.5,5.0,18.3,1003.2,17.9,1.0,0,6.38,19.39
2002-12-07,2002,12,7,341,4.8,23.2,16.4,84.9,71.6,3.6,20.3,1002.9,19.6,1.0,0,1.2,18.6
2002-12-08,2002,12,8,342,4.55,22.0,16.7,84.0,63.1,3.0,14.0,1005.8,19.1,1.0,0,1.75,16.51
2002-12-09,2002,12,9,343,0.0,22.0,16.8,79.9,69.5,4.9,14.8,1003.1,18.9,1.0,0,1.41,14.31
2002-12-10,2002,12,10,344,0.0,23.3,16.7,78.2,75.0,4.6,18.6,1003.9,19.4,1.0,0,1.41,13.72
2002-12-11,2002,12,11,345,0.72,24.3,16.8,83.5,69.8,4.2,14.8,1001.7,22.1,1.0,0,1.51,13.5
2002-12-12,2002,12,12,346,2.89,24.4,16.6,76.0,73.9,3.7,13.9,1004.2,19.0,1.0,0,1.93,11.51
2002-12-13,2002,12,13,347,0.0,22.5,16.0,80.6,78.4,3.9,15.9,1008.0,18.6,1.0,0,1.85,11.43
2002-12-14,2002,12,14,348,0.0,24.3,17.5,72.5,73.1,5.3,20.0,1006.4,18.8,1.0,0,1.17,11.0
2002-12-15,2002,12,15,349,0.0,22.6,16.4,82.3,71.8,4.6,21.1,1005.8,19.5,1.0,0,0.52,10.5
2002-12-16,2002,12,16,350,0.3,22.0,16.7,81.4,56.6,6.6,13.7,1003.4,19.1,1.0,0,0.56,10.22
2002-12-17,2002,12,17,351,3.34,23.2,16.0,77.9,50.1,7.2,19.9,1003.7,18.9,1.0,0,1.04,9.67
2002-12-18,2002,12,18,352,0.0,22.0,16.0,76.8,68.5,5.1,19.5,1000.7,17.2,1.0,0,0.93,8.77
2002-12-19,2002,12,19,353,2.26,22.3,16.6,80.4,72.0,5.3,22.2,1006.1,18.4,1.0,0,0.84,7.32
2002-12-20,2002,12,20,354,0.37,22.0,18.6,71.9,60.5,5.0,15.4,1006.5,16.8,1.0,0,0.9,6.52
2002-12-21,2002,12,21,355,0.97,22.0,18.5,76.2,64.4,4.6,19.2,1006.3,17.3,1.0,0,1.03,6.41
2002-12-22,2002,12,22,356,1.59,22.9,16.0,77.4,61.8,4.9,16.7,1007.5,18.6,1.0,0,1.26,6.24
2002-12-23,2002,12,23,357,0.0,22.5,16.0,69.6,58.2,5.9,13.6,1005.8,16.0,1.0,0,1.22,6.12
2002-12-24,2002,12,24,358,3.54,24.0,16.8,81.4,67.1,5.8,17.5,1001.9,21.3,1.0,0,1.25,5.82
2002-12-25,2002,12,25,359,0.0,22.0,16.0,84.2,71.1,4.9,9.8,1005.0,19.4,1.0,0,1.25,4.66
2002-12-26,2002,12,26,360,0.24,22.0,16.0,85.4,65.0,3.0,18.4,1007.1,19.5,1.0,0,0.96,4.55
2002-12-27,2002,12,27,361,0.0,23.9,16.8,67.6,54.7,8.5,19.9,1005.8,16.9,1.0,0,0.91,3.34
2002-12-28,2002,12,28,362,0.0,23.0,16.2,79.8,59.0,6.0,16.8,1005.2,19.8,1.0,0,0.77,2.98
2002-12-29,2002,12,29,363,0.0,23.2,16.0,72.3,57.7,6.8,13.8,1004.6,17.8,1.0,0,0.54,2.34
2002-12-30,2002,12,30,364,0.0,24.3,16.0,74.2,40.3,7.9,13.8,1007.4,20.3,1.0,0,0.54,0.97
2002-12-31,2002,12,31,365,0.0,22.0,16.0,70.4,61.2,4.4,18.7,1003.0,16.2,1.0,0,0.03,0.95
2003-01-01,2003,1,1,1,0.0,22.0,16.4,76.5,54.9,6.5,10.5,1002.7,17.7,1.0,0,0.03,0.87
2003-01-02,2003,1,2,2,0.0,23.3,16.0,63.8,43.3,6.3,17.4,1006.6,15.6,1.0,0,0.0,0.87
2003-01-03,2003,1,3,3,0.58,23.0,18.3,69.1,62.9,5.6,19.1,1006.2,16.5,1.0,0,0.08,0.89
2003-01-04,2003,1,4,4,0.0,22.0,16.0,64.3,46.6,7.3,15.5,1007.7,15.5,1.0,0,0.08,0.89
2003-01-05,2003,1,5,5,0.44,22.0,17.9,71.0,43.4,8.0,16.1,1002.0,16.4,1.2,0,0.15,0.89
2003-01-06,2003,1,6,6,0.0,22.0,16.0,71.6,57.4,5.5,5.0,1006.3,17.3,1.0,0,0.15,0.73
2003-01-07,2003,1,7,7,1.44,24.4,19.4,67.0,45.2,5.1,16.8,1005.8,17.4,1.0,0,0.35,0.62
2003-01-08,2003,1,8,8,0.0,25.0,17.2,74.4,48.8,6.5,14.4,1006.9,19.5,1.0,0,0.35,0.62
2003-01-09,2003,1,9,9,0.0,23.7,16.0,73.8,57.9,6.3,14.0,1005.7,18.5,1.0,0,0.35,0.62
2003-01-10,2003,1,10,10,0.0,23.0,17.9,75.3,59.1,5.7,13.3,1006.9,17.6,1.0,0,0.27,0.6
2003-01-11,2003,1,11,11,5.28,22.9,16.0,79.6,43.7,7.2,17.5,1002.2,19.1,1.0,0,1.02,0.68
2003-01-12,2003,1,12,12,0.0,22.5,17.5,70.2,47.0,6.6,17.2,1006.4,17.2,1.0,0,0.96,0.68
2003-01-13,2003,1,13,13,0.0,22.0,16.4,71.9,36.4,8.6,14.0,1004.7,17.2,1.0,0,0.96,0.68
2003-01-14,2003,1,14,14,0.83,22.0,16.0,67.1,41.9,8.6,8.6,1006.3,14.8,1.0,0,0.87,0.71
2003-01-15,2003,1,15,15,0.0,23.3,16.1,70.8,40.2,7.5,13.9,1003.7,16.8,1.0,0,0.87,0.7
2003-01-16,2003,1,16,16,0.0,22.0,16.0,70.8,54.4,6.8,12.4,1005.4,16.1,1.0,0,0.87,0.58
2003-01-17,2003,1,17,17,0.57,22.3,16.0,76.4,39.7,8.4,15.5,1005.8,17.1,1.0,0,0.95,0.6
2003-01-18,2003,1,18,18,0.0,23.8,16.0,72.0,50.0,6.0,12.4,1005.6,18.9,1.0,0,0.2,0.53
2003-01-19,2003,1,19,19,0.0,23.9,16.0,71.8,42.7,6.7,13.1,1005.5,18.4,1.0,0,0.2,0.52
2003-01-20,2003,1,20,20,0.0,23.6,16.7,68.1,29.9,9.5,8.1,1003.5,17.1,1.0,0,0.2,0.48
2003-01-21,2003,1,21,21,0.0,22.6,17.8,56.0,31.6,7.9,10.3,1004.2,13.8,1.0,0,0.08,0.43
2003-01-22,2003,1,22,22,0.0,23.4,18.3,69.0,31.8,8.2,8.2,1001.0,17.4,1.0,0,0.08,0.43
2003-01-23,2003,1,23,23,4.71,22.0,16.6,68.9,36.6,8.3,10.4,1004.2,15.6,1.03,0,0.75,0.47
2003-01-24,2003,1,24,24,0.12,24.8,16.0,64.0,30.8,7.8,12.0,1005.5,17.0,1.0,0,0.69,0.47
2003-01-25,2003,1,25,25,0.0,22.0,16.6,71.1,39.2,7.6,13.6,1005.1,16.0,1.06,0,0.69,0.47
2003-01-26,2003,1,26,26,0.0,22.5,16.5,71.9,49.5,7.0,9.7,1002.9,17.3,1.0,0,0.69,0.47
2003-01-27,2003,1,27,27,0.0,22.0,18.3,63.7,30.4,7.1,12.8,1006.9,15.1,1.0,0,0.69,0.47
2003-01-28,2003,1,28,28,0.0,23.5,17.8,67.6,29.7,8.8,10.6,1005.8,18.0,1.01,0,0.69,0.47
2003-01-29,2003,1,29,29,0.0,22.0,17.0,66.8,33.1,7.3,8.9,1005.2,14.9,1.2,0,0.69,0.47
2003-01-30,2003,1,30,30,0.0,26.2,18.6,71.6,37.5,7.5,12.3,1003.8,20.9,1.0,0,0.02,0.47
2003-01-31,2003,1,31,31,5.46,24.0,16.2,71.1,34.6,8.1,9.2,1002.8,17.9,1.0,0,0.78,0.65
2003-02-01,2003,2,1,32,0.0,22.0,17.6,69.5,27.6,7.2,12.7,1006.4,16.2,1.0,0,0.78,0.65
2003-02-02,2003,2,2,33,0.0,22.0,16.3,64.9,41.3,7.2,7.8,1006.7,14.8,1.0,0,0.78,0.63
2003-02-03,2003,2,3,34,0.0,22.0,16.4,67.8,40.9,6.4,17.6,1003.8,15.9,1.0,0,0.78,0.63
2003-02-04,2003,2,4,35,0.0,23.6,16.0,69.5,35.9,6.9,15.2,1001.6,18.2,1.0,0,0.78,0.61
2003-02-05,2003,2,5,36,0.0,22.5,17.1,75.0,51.1,6.5,6.8,1005.7,18.2,1.0,0,0.78,0.61
2003-02-06,2003,2,6,37,0.0,22.1,17.2,63.4,52.6,7.2,9.1,1009.3,13.8,1.0,0,0.78,0.57
2003-02-07,2003,2,7,38,0.0,22.0,16.9,63.9,43.3,8.0,8.1,1003.1,14.2,1.0,0,0.0,0.57
2003-02-08,2003,2,8,39,0.87,24.3,17.7,62.6,15.1,9.6,8.3,1004.7,16.2,1.0,0,0.12,0.59
2003-02-09,2003,2,9,40,0.3,22.6,18.4,63.3,34.2,7.4,12.1,1005.3,15.9,1.0,0,0.17,0.6
2003-02-10,2003,2,10,41,0.0,22.5,17.2,70.3,28.5,8.7,11.0,1005.0,17.6,1.0,0,0.17,0.43
2003-02-11,2003,2,11,42,0.0,24.8,18.0,61.3,27.0,9.6,7.5,1007.6,17.2,1.0,0,0.17,0.43
2003-02-12,2003,2,12,43,0.0,25.7,17.8,66.0,19.0,10.2,7.8,1002.9,18.5,1.04,0,0.17,0.43
2003-02-13,2003,2,13,44,0.14,22.0,18.7,68.3,34.8,7.4,11.3,1007.9,16.6,1.0,0,0.19,0.41
2003-02-14,2003,2,14,45,0.0,25.3,18.1,68.9,46.4,6.7,6.1,1005.1,19.0,1.0,0,0.19,0.41
2003-02-15,2003,2,15,46,0.0,23.4,19.7,69.7,32.1,7.9,10.1,1005.9,17.3,1.0,0,0.06,0.41
2003-02-16,2003,2,16,47,0.0,25.0,17.9,65.6,38.3,5.7,6.6,1005.3,17.0,1.0,0,0.02,0.39
2003-02-17,2003,2,17,48,0.0,24.7,16.5,65.0,32.3,9.4,10.8,1004.8,18.4,1.36,0,0.02,0.39
2003-02-18,2003,2,18,49,0.0,23.9,19.2,61.1,33.4,8.9,7.3,1004.0,16.1,1.0,0,0.02,0.39
2003-02-19,2003,2,19,50,0.0,24.0,18.5,55.3,8.3,12.1,8.7,1004.5,14.3,1.0,0,0.02,0.39
2003-02-20,2003,2,20,51,0.4,25.0,18.4,60.9,30.1,9.9,7.4,1009.0,17.2,1.1,0,0.06,0.4
2003-02-21,2003,2,21,52,0.0,22.5,16.0,63.5,34.3,8.5,12.2,1007.3,15.1,1.0,0,0.06,0.4
2003-02-22,2003,2,22,53,0.0,22.5,19.7,66.8,42.5,8.3,10.9,1004.9,16.3,1.0,0,0.06,0.24
2003-02-23,2003,2,23,54,0.0,27.4,19.2,68.6,18.0,9.8,9.1,1006.5,21.2,1.0,0,0.06,0.24
2003-02-24,2003,2,24,55,0.0,26.2,18.5,62.5,39.3,8.1,10.7,1006.3,18.1,1.0,0,0.06,0.24
2003-02-25,2003,2,25,56,0.01,26.0,16.0,66.8,25.4,8.8,9.4,1000.9,18.7,1.13,0,0.06,0.24
2003-02-26,2003,2,26,57,0.0,24.4,17.8,62.9,27.3,9.1,6.2,1004.0,17.4,1.0,0,0.06,0.24
2003-02-27,2003,2,27,58,1.61,22.2,20.2,63.7,34.0,8.9,5.5,1002.0,13.9,1.0,0,0.23,0.29
2003-02-28,2003,2,28,59,0.0,24.0,18.9,60.7,31.6,9.2,8.2,1005.1,15.3,1.0,0,0.23,0.29
2003-03-01,2003,3,1,60,0.0,25.5,17.0,59.9,9.8,9.0,8.6,1007.4,16.7,1.23,0,0.23,0.29
2003-03-02,2003,3,2,61,11.7,26.7,17.8,64.2,29.9,9.5,8.9,1005.0,19.0,1.0,0,1.9,0.5
2003-03-03,2003,3,3,62,5.59,25.8,18.1,61.9,17.3,9.2,5.1,1004.8,18.0,1.0,0,2.7,0.69
2003-03-04,2003,3,4,63,5.25,25.9,20.0,61.2,25.5,8.9,9.2,1003.1,17.8,1.0,0,3.45,0.86
2003-03-05,2003,3,5,64,6.01,25.1,16.9,67.5,23.4,8.1,9.8,1001.2,18.0,1.0,0,4.31,1.06
2003-03-06,2003,3,6,65,0.0,26.4,20.1,66.3,12.3,10.1,11.8,1006.0,19.3,1.32,0,4.08,1.06
2003-03-07,2003,3,7,66,15.93,24.2,19.9,64.3,21.1,10.9,9.4,1003.4,17.5,1.0,0,6.35,1.59
2003-03-08,2003,3,8,67,6.02,25.9,21.7,60.2,28.5,9.3,5.0,1004.8,17.6,1.0,0,7.21,1.79
2003-03-09,2003,3,9,68,13.0,25.5,19.7,65.5,31.3,8.9,9.7,1003.5,18.8,1.0,0,7.4,2.23
2003-03-10,2003,3,10,69,0.0,28.1,17.7,57.4,12.9,12.2,7.8,1005.3,18.2,1.14,0,6.6,2.2
2003-03-11,2003,3,11,70,0.88,22.0,19.2,57.1,17.2,9.6,5.7,1004.4,13.0,1.1,0,5.98,2.22
2003-03-12,2003,3,12,71,4.02,25.9,18.1,61.2,25.2,9.6,6.3,1004.9,18.2,1.0,0,5.69,2.35
2003-03-13,2003,3,13,72,2.67,26.7,19.9,62.9,25.8,10.3,10.4,1004.1,19.1,1.0,0,6.07,2.44
2003-03-14,2003,3,14,73,0.0,23.6,21.6,61.5,27.3,9.9,6.4,1007.6,15.2,1.0,0,3.8,2.44
2003-03-15,2003,3,15,74,32.52,27.6,18.5,69.2,37.2,8.8,11.7,1002.2,21.6,1.0,0,7.58,3.52
2003-03-16,2003,3,16,75,5.11,26.5,20.8,60.7,27.4,10.1,5.0,1008.9,18.3,1.0,0,6.46,3.69
2003-03-17,2003,3,17,76,0.56,25.4,19.0,63.1,21.9,10.5,7.6,1006.2,17.7,1.0,0,6.54,3.71
2003-03-18,2003,3,18,77,18.12,28.4,18.0,68.7,34.4,9.1,7.7,1000.4,22.3,1.23,0,9.0,4.31
2003-03-19,2003,3,19,78,15.78,25.9,21.8,67.1,41.6,6.9,7.1,1008.2,18.9,1.0,0,10.68,4.84
2003-03-20,2003,3,20,79,13.39,28.4,20.3,63.4,38.7,8.2,5.0,1007.4,20.6,1.18,0,12.21,5.29
2003-03-21,2003,3,21,80,0.0,27.6,20.7,65.5,23.4,10.5,8.5,1000.5,20.4,1.17,0,12.21,5.29
2003-03-22,2003,3,22,81,0.0,26.8,21.2,55.0,10.9,10.4,5.1,1005.0,17.4,1.05,0,7.57,5.27
2003-03-23,2003,3,23,82,6.91,26.0,18.3,61.0,33.5,8.1,5.4,1000.5,17.9,1.0,0,7.82,5.5
2003-03-24,2003,3,24,83,10.21,26.6,20.1,60.5,4.7,11.6,7.7,1001.4,18.1,1.24,0,9.2,5.84
2003-03-25,2003,3,25,84,0.0,29.1,18.5,60.1,24.3,10.5,9.1,1003.3,20.2,1.0,0,6.61,5.84
2003-03-26,2003,3,26,85,11.03,29.7,19.9,62.0,28.3,8.6,9.9,1005.0,20.9,1.0,0,5.93,6.21
2003-03-27,2003,3,27,86,0.0,29.1,22.0,60.4,20.6,9.4,7.4,1004.9,20.2,1.27,0,4.02,6.21
2003-03-28,2003,3,28,87,10.9,28.2,21.3,66.7,29.8,7.6,11.5,1005.3,21.4,1.0,0,5.58,6.57
2003-03-29,2003,3,29,88,0.0,29.4,20.1,65.1,12.0,10.2,9.6,1007.6,21.2,1.0,0,5.58,6.52
2003-03-30,2003,3,30,89,1.92,29.0,21.0,61.8,13.1,11.4,7.7,1001.9,20.9,1.66,0,4.87,6.58
2003-03-31,2003,3,31,90,8.04,27.7,20.9,64.3,14.3,10.0,9.4,1005.5,19.8,1.0,0,4.56,6.85
2003-04-01,2003,4,1,91,0.0,27.4,21.5,61.7,11.6,10.1,9.0,1006.7,19.8,1.35,0,4.56,6.46
2003-04-02,2003,4,2,92,33.15,28.4,20.5,60.9,24.8,9.3,13.7,999.6,20.0,1.14,0,7.72,7.38
2003-04-03,2003,4,3,93,0.41,28.1,21.2,60.5,19.0,9.9,9.3,1008.8,19.7,1.03,0,7.77,7.22
2003-04-04,2003,4,4,94,0.0,29.4,21.6,55.6,28.1,10.0,5.0,1006.1,19.0,1.0,0,6.22,7.02
2003-04-05,2003,4,5,95,0.0,31.7,22.0,57.5,35.8,7.6,6.0,1005.1,22.0,1.0,0,6.22,7.02
2003-04-06,2003,4,6,96,5.12,29.9,21.9,62.0,16.1,9.3,9.4,1003.8,21.7,1.42,0,6.67,6.66
2003-04-07,2003,4,7,97,3.5,31.8,19.7,65.6,23.6,10.7,8.4,1009.0,24.7,1.72,0,6.03,6.57
2003-04-08,2003,4,8,98,5.75,29.7,20.3,55.7,22.9,10.3,11.9,1002.4,19.8,1.42,0,6.85,6.33
2003-04-09,2003,4,9,99,21.05,29.6,22.7,68.8,24.1,8.8,14.9,1008.3,23.0,1.0,0,5.12,7.03
2003-04-10,2003,4,10,100,15.78,27.7,21.7,66.8,25.0,10.6,12.0,998.1,20.6,1.0,0,7.31,7.53
2003-04-11,2003,4,11,101,0.0,31.1,21.6,62.1,35.3,7.1,5.0,1003.3,23.1,1.0,0,7.31,7.4
2003-04-12,2003,4,12,102,4.29,29.3,21.9,71.3,37.3,9.2,10.2,1004.4,23.4,1.0,0,7.93,7.45
2003-04-13,2003,4,13,103,8.05,29.1,22.0,70.2,39.0,9.2,8.2,1006.1,22.5,1.0,0,8.35,7.72
2003-04-14,2003,4,14,104,0.0,29.0,20.3,61.7,26.3,10.8,5.0,1003.6,21.0,1.12,0,7.85,6.64
2003-04-15,2003,4,15,105,8.17,31.2,24.6,66.4,33.6,7.9,6.9,1002.7,25.1,1.0,0,8.19,6.74
2003-04-16,2003,4,16,106,3.61,30.0,22.4,62.2,26.4,9.6,5.0,1005.0,21.7,1.0,0,5.7,6.84
2003-04-17,2003,4,17,107,0.0,33.4,22.7,63.8,36.2,7.4,10.3,1002.9,25.7,1.0,0,3.45,6.24
2003-04-18,2003,4,18,108,0.0,32.8,22.9,61.0,0.0,13.0,9.1,1006.6,24.2,1.45,0,3.45,5.71
2003-04-19,2003,4,19,109,17.49,30.4,24.0,69.2,22.9,10.5,5.0,999.7,24.1,1.0,0,5.33,5.85
2003-04-20,2003,4,20,110,0.0,27.8,23.8,58.3,10.2,11.3,7.9,1003.0,19.7,1.0,0,4.18,5.85
2003-04-21,2003,4,21,111,4.16,31.7,23.0,64.0,20.0,9.6,5.0,1003.2,23.4,1.25,0,4.78,5.98
2003-04-22,2003,4,22,112,0.0,31.2,22.1,66.6,26.1,9.5,10.3,1004.9,24.3,1.5,0,3.61,5.75
2003-04-23,2003,4,23,113,41.32,33.1,24.7,74.8,41.2,8.2,10.5,1002.9,26.0,1.01,0,9.0,6.79
2003-04-24,2003,4,24,114,0.0,31.9,23.4,61.9,16.9,11.5,5.0,1010.0,23.0,1.0,0,9.0,6.79
2003-04-25,2003,4,25,115,0.0,33.8,24.1,55.0,24.4,10.4,8.8,1005.3,23.7,1.39,0,9.0,6.42
2003-04-26,2003,4,26,116,1.8,32.9,22.2,64.0,28.5,9.2,10.1,1004.3,24.2,1.0,0,6.75,6.48
2003-04-27,2003,4,27,117,13.11,30.4,24.4,66.7,35.0,8.2,12.3,1002.9,23.8,1.37,0,8.63,6.56
2003-04-28,2003,4,28,118,17.14,31.3,22.0,64.1,37.0,9.0,9.9,1004.3,23.5,1.48,0,10.48,7.13
2003-04-29,2003,4,29,119,13.93,31.9,23.3,67.3,26.8,10.3,10.1,1000.3,25.1,1.0,0,12.47,7.53
2003-04-30,2003,4,30,120,14.02,32.4,24.0,67.5,40.2,9.2,11.9,1000.5,25.8,1.0,0,8.57,7.73
2003-05-01,2003,5,1,121,0.0,32.4,26.1,62.3,25.1,9.1,11.3,999.6,23.4,1.17,0,8.57,7.73
2003-05-02,2003,5,2,122,8.36,34.0,24.9,69.0,37.8,8.3,8.9,1002.3,26.0,1.03,0,9.77,6.9
2003-05-03,2003,5,3,123,0.47,33.8,25.9,61.9,21.1,10.8,7.3,1008.4,25.7,1.24,0,9.58,6.9
2003-05-04,2003,5,4,124,0.0,32.6,24.8,61.7,39.9,7.9,5.0,1003.9,24.2,1.03,0,7.7,6.9
2003-05-05,2003,5,5,125,15.17,34.3,23.0,67.4,37.9,8.8,11.0,1000.5,26.0,1.0,0,7.42,7.41
2003-05-06,2003,5,6,126,0.0,31.7,23.1,64.0,28.9,9.6,12.6,1005.5,24.9,1.0,0,5.43,7.24
2003-05-07,2003,5,7,127,7.28,34.6,25.4,68.5,23.0,9.6,11.9,1006.8,26.0,1.29,0,4.47,7.36
2003-05-08,2003,5,8,128,20.77,35.0,23.4,75.9,49.5,8.5,15.0,1004.0,26.0,1.23,0,7.44,7.87
2003-05-09,2003,5,9,129,2.42,34.2,22.8,66.7,22.3,10.1,10.6,1005.9,26.0,1.0,0,6.59,7.24
2003-05-10,2003,5,10,130,5.68,34.7,23.6,70.5,51.9,6.6,10.7,1007.2,26.0,1.0,0,7.33,6.91
2003-05-11,2003,5,11,131,0.0,35.1,25.2,67.2,37.1,9.4,6.2,1004.5,26.0,1.51,0,7.33,6.91
2003-05-12,2003,5,12,132,21.62,35.8,24.0,72.3,30.1,10.7,10.5,1000.5,26.0,1.15,0,8.25,7.49
2003-05-13,2003,5,13,133,5.26,35.4,26.5,63.7,33.4,9.1,6.3,1005.7,26.0,1.09,0,9.0,7.39
2003-05-14,2003,5,14,134,14.05,36.2,25.6,71.6,54.4,6.3,13.4,1003.6,26.0,1.0,0,9.97,7.86
2003-05-15,2003,5,15,135,18.77,32.2,25.4,77.7,43.4,7.0,15.7,1001.2,26.0,1.0,0,9.69,8.21
2003-05-16,2003,5,16,136,0.0,34.8,25.7,69.0,31.0,9.3,13.0,1001.4,26.0,1.06,0,9.34,8.09
2003-05-17,2003,5,17,137,0.0,34.7,26.1,70.0,37.3,10.7,6.4,1007.0,26.0,1.01,0,8.53,8.09
2003-05-18,2003,5,18,138,0.0,35.1,26.1,57.7,24.1,10.4,8.8,1003.0,25.5,1.21,0,8.53,8.09
2003-05-19,2003,5,19,139,3.09,36.3,24.5,58.9,42.1,7.7,5.6,1005.4,26.0,1.0,0,5.88,7.61
2003-05-20,2003,5,20,140,0.0,35.3,27.1,63.5,25.8,9.7,6.5,1004.2,26.0,1.0,0,5.13,7.61
2003-05-21,2003,5,21,141,0.0,35.3,26.4,67.6,38.6,7.9,6.6,1007.5,26.0,1.0,0,3.12,7.48
2003-05-22,2003,5,22,142,5.18,36.0,25.2,66.8,46.7,8.0,15.1,1005.9,26.0,1.0,0,1.18,7.65
2003-05-23,2003,5,23,143,7.06,33.1,26.7,68.4,38.9,7.3,10.3,1005.2,26.0,1.0,0,2.19,6.51
2003-05-24,2003,5,24,144,9.45,37.8,24.2,64.4,47.9,8.0,7.9,1004.6,26.0,1.0,0,3.54,6.82
2003-05-25,2003,5,25,145,6.25,35.4,26.9,66.9,36.8,8.8,9.1,1001.2,26.0,1.0,0,4.43,7.03
2003-05-26,2003,5,26,146,0.0,37.9,26.3,63.2,26.0,11.1,13.8,1005.2,26.0,1.29,0,3.99,6.97
2003-05-27,2003,5,27,147,16.63,34.5,23.5,69.9,49.7,7.9,13.6,1002.3,26.0,1.04,0,6.37,7.09
2003-05-28,2003,5,28,148,4.49,34.5,28.0,66.3,41.5,9.1,8.4,1004.8,26.0,1.0,0,7.01,6.66
2003-05-29,2003,5,29,149,5.26,35.6,24.6,65.4,31.4,9.9,15.6,1004.0,26.0,1.24,0,7.02,6.38
2003-05-30,2003,5,30,150,0.0,36.1,26.9,58.0,34.5,9.2,12.3,1002.1,26.0,1.21,0,6.01,5.91
2003-05-31,2003,5,31,151,0.0,35.4,28.0,73.5,34.6,9.5,8.8,1004.9,26.0,1.0,0,4.66,5.91
2003-06-01,2003,6,1,152,66.87,35.0,23.2,81.0,66.6,6.0,21.1,999.5,26.0,1.05,1,13.32,7.86
2003-06-02,2003,6,2,153,36.39,36.9,26.7,76.1,73.8,4.2,19.6,1005.0,26.0,1.18,1,18.52,9.06
2003-06-03,2003,6,3,154,52.98,38.0,27.6,80.4,70.8,5.8,17.4,1003.8,26.0,1.0,1,23.71,10.82
2003-06-04,2003,6,4,155,114.94,38.0,27.9,84.7,84.9,3.8,25.1,1001.4,26.0,1.0,1,39.49,14.15
2003-06-05,2003,6,5,156,92.78,36.1,28.0,83.8,79.0,5.9,24.6,1001.5,26.0,1.0,1,51.99,17.24
2003-06-06,2003,6,6,157,216.72,35.0,27.8,81.3,87.5,3.1,21.4,998.2,26.0,1.0,1,82.95,24.22
2003-06-07,2003,6,7,158,175.3,36.3,26.3,88.4,83.7,3.0,21.2,1002.7,26.0,1.0,1,108.0,29.37
2003-06-08,2003,6,8,159,92.02,38.0,27.3,81.6,63.5,6.8,17.3,1001.7,26.0,1.0,1,111.59,32.36
2003-06-09,2003,6,9,160,52.11,38.0,28.0,81.4,55.5,5.0,18.8,1006.1,26.0,1.0,1,113.84,33.91
2003-06-10,2003,6,10,161,76.87,37.5,28.0,90.9,74.5,5.8,18.3,1002.7,26.0,1.0,1,117.25,36.47
2003-06-11,2003,6,11,162,5.6,36.3,26.1,81.2,49.8,8.3,8.0,1006.7,26.0,1.0,1,101.63,35.94
2003-06-12,2003,6,12,163,81.79,38.0,28.0,89.3,80.7,4.2,18.3,1002.4,26.0,1.0,1,100.06,38.49
2003-06-13,2003,6,13,164,192.14,38.0,28.0,83.2,92.9,3.0,23.7,1005.3,26.0,1.0,1,96.55,44.42
2003-06-14,2003,6,14,165,125.11,37.0,26.0,84.2,87.6,2.9,27.4,1001.2,26.0,1.0,1,89.38,47.97
2003-06-15,2003,6,15,166,241.7,34.3,27.1,83.3,85.9,3.3,21.5,1003.9,26.0,1.0,1,110.76,56.02
2003-06-16,2003,6,16,167,517.93,35.8,26.8,85.7,77.4,4.9,28.4,1001.9,26.0,1.0,1,177.31,73.29
2003-06-17,2003,6,17,168,150.92,37.5,28.0,89.0,87.1,4.3,28.7,1005.2,26.0,1.0,1,187.88,78.32
2003-06-18,2003,6,18,169,35.75,37.2,26.7,75.1,57.7,6.4,15.8,1001.4,26.0,1.0,1,192.19,79.41
2003-06-19,2003,6,19,170,39.64,38.0,26.5,79.3,58.2,6.3,13.5,1001.9,26.0,1.0,1,186.17,80.73
2003-06-20,2003,6,20,171,290.78,36.6,28.0,88.1,64.9,6.2,28.7,1003.4,26.0,1.0,1,200.26,90.42
2003-06-21,2003,6,21,172,88.56,37.3,25.8,86.8,76.4,5.5,29.6,1001.4,26.0,1.0,1,195.04,93.2
2003-06-22,2003,6,22,173,162.14,36.6,27.5,86.3,100.0,2.6,25.9,1004.5,26.0,1.0,1,183.67,98.37
2003-06-23,2003,6,23,174,310.52,38.0,26.5,82.9,97.7,3.1,26.4,1003.9,26.0,1.0,1,154.04,108.41
2003-06-24,2003,6,24,175,167.74,36.4,28.0,86.3,83.7,4.0,26.4,1007.6,26.0,1.0,1,156.45,113.79
2003-06-25,2003,6,25,176,143.92,37.4,26.7,86.9,87.5,2.3,27.5,1005.4,26.0,1.0,1,171.9,118.59
2003-06-26,2003,6,26,177,219.01,35.5,27.5,83.9,100.0,3.2,29.0,1003.5,26.0,1.0,1,197.52,125.33
2003-06-27,2003,6,27,178,173.59,37.0,24.6,86.1,100.0,0.6,25.2,1001.6,26.0,1.0,1,180.78,130.97
2003-06-28,2003,6,28,179,117.03,38.0,27.5,88.7,95.6,2.1,23.4,1004.0,26.0,1.0,1,184.85,134.7
2003-06-29,2003,6,29,180,22.94,38.0,27.3,84.9,75.3,5.1,16.9,1002.3,26.0,1.0,1,164.96,135.46
2003-06-30,2003,6,30,181,142.66,38.0,27.6,93.8,99.8,2.0,27.3,1006.2,26.0,1.0,1,140.98,140.22
2003-07-01,2003,7,1,182,312.63,38.0,28.0,86.3,91.7,3.4,28.9,1002.5,26.0,1.0,1,161.68,148.41
2003-07-02,2003,7,2,183,117.07,37.0,28.0,89.1,98.3,3.7,30.2,1000.2,26.0,1.0,1,157.85,151.1
2003-07-03,2003,7,3,184,216.48,38.0,28.0,90.0,100.0,1.2,29.6,1002.6,26.0,1.0,1,157.49,156.55
2003-07-04,2003,7,4,185,44.26,38.0,26.7,87.1,87.8,3.9,23.2,1003.3,26.0,1.0,1,139.01,154.19
2003-07-05,2003,7,5,186,318.84,38.0,28.0,90.5,100.0,1.2,26.3,1002.8,26.0,1.0,1,167.84,161.73
2003-07-06,2003,7,6,187,66.9,38.0,25.4,85.5,88.9,3.4,20.4,1004.5,26.0,1.0,1,174.12,156.73
2003-07-07,2003,7,7,188,71.35,36.6,26.2,92.6,81.7,3.7,29.3,1000.2,26.0,1.0,1,163.93,153.27
2003-07-08,2003,7,8,189,104.68,38.0,26.7,90.6,93.3,1.9,33.8,1002.8,26.0,1.0,1,134.23,153.69
2003-07-09,2003,7,9,190,172.23,38.0,27.8,92.7,87.0,4.8,27.2,1000.4,26.0,1.0,1,142.11,157.69
2003-07-10,2003,7,10,191,107.28,36.8,27.7,92.7,100.0,2.7,31.6,996.6,26.0,1.0,1,126.51,158.71
2003-07-11,2003,7,11,192,189.61,38.0,26.7,90.6,96.9,3.9,24.1,1001.7,26.0,1.0,1,147.27,164.84
2003-07-12,2003,7,12,193,329.33,37.1,27.8,96.4,100.0,1.8,27.3,1000.6,26.0,1.0,1,148.77,173.09
2003-07-13,2003,7,13,194,98.12,38.0,28.0,91.2,100.0,3.3,25.1,1005.5,26.0,1.0,1,153.23,169.96
2003-07-14,2003,7,14,195,263.11,37.8,27.7,94.5,100.0,2.8,33.8,1002.7,26.0,1.0,1,180.62,174.56
2003-07-15,2003,7,15,196,205.18,35.2,26.1,94.4,90.1,2.4,27.1,1002.6,26.0,1.0,1,194.98,173.34
2003-07-16,2003,7,16,197,23.62,36.6,27.4,88.5,83.1,3.3,21.1,1003.0,26.0,1.0,1,173.75,156.86
2003-07-17,2003,7,17,198,477.03,38.0,26.6,98.0,100.0,1.6,30.3,1002.9,26.0,1.0,1,226.57,167.73
2003-07-18,2003,7,18,199,166.8,37.6,25.9,91.9,100.0,2.7,35.0,1006.0,26.0,1.0,1,223.31,172.1
2003-07-19,2003,7,19,200,22.94,37.6,27.6,88.0,78.4,4.8,18.5,1000.6,26.0,1.0,1,179.54,171.54
2003-07-20,2003,7,20,201,210.86,38.0,26.4,95.1,100.0,3.6,32.3,998.3,26.0,1.0,1,195.65,168.88
2003-07-21,2003,7,21,202,245.23,38.0,27.1,94.4,100.0,1.7,27.3,1001.7,26.0,1.0,1,193.09,174.1
2003-07-22,2003,7,22,203,200.73,37.7,28.0,97.7,100.0,2.8,29.7,1001.9,26.0,1.0,1,192.46,175.39
2003-07-23,2003,7,23,204,117.37,34.6,27.9,91.1,100.0,2.6,35.0,1003.0,26.0,1.0,1,205.85,168.95
2003-07-24,2003,7,24,205,35.42,36.6,28.0,97.2,84.3,3.4,24.0,1005.7,26.0,1.0,1,142.76,164.54
2003-07-25,2003,7,25,206,281.57,34.5,25.4,98.0,100.0,3.0,33.1,1003.3,26.0,1.0,1,159.16,169.13
2003-07-26,2003,7,26,207,16.25,35.6,27.2,85.5,94.5,2.7,21.7,1003.4,26.0,1.0,1,158.2,162.37
2003-07-27,2003,7,27,208,195.92,37.8,28.0,96.5,100.0,2.5,31.3,1004.0,26.0,1.0,1,156.07,163.11
2003-07-28,2003,7,28,209,100.8,37.7,25.3,89.5,100.0,2.5,33.0,1001.3,26.0,1.0,1,135.44,162.57
2003-07-29,2003,7,29,210,165.73,38.0,27.1,94.7,100.0,1.9,28.3,999.0,26.0,1.0,1,130.44,167.33
2003-07-30,2003,7,30,211,196.39,37.5,27.5,98.0,100.0,2.7,32.1,1000.7,26.0,1.0,1,141.73,169.12
2003-07-31,2003,7,31,212,73.95,36.2,25.9,98.0,100.0,2.8,25.4,1002.7,26.0,1.0,1,147.23,161.17
2003-08-01,2003,8,1,213,271.95,38.0,26.4,98.0,100.0,3.3,28.3,1007.0,26.0,1.0,1,145.86,166.33
2003-08-02,2003,8,2,214,216.67,38.0,25.7,96.3,100.0,2.1,35.0,1002.3,26.0,1.0,1,174.49,166.34
2003-08-03,2003,8,3,215,145.04,38.0,27.5,98.0,100.0,2.2,28.9,1003.9,26.0,1.0,1,167.22,169.7
2003-08-04,2003,8,4,216,218.45,37.2,24.1,98.0,100.0,1.4,34.1,1005.6,26.0,1.0,1,184.03,166.35
2003-08-05,2003,8,5,217,67.35,36.8,26.1,91.7,100.0,1.9,18.6,1004.5,26.0,1.0,1,169.97,166.37
2003-08-06,2003,8,6,218,141.26,35.4,26.2,98.0,100.0,1.7,29.8,1003.9,26.0,1.0,1,162.1,168.7
2003-08-07,2003,8,7,219,95.66,35.9,28.0,98.0,100.0,2.5,30.4,1003.4,26.0,1.0,1,165.2,168.4
2003-08-08,2003,8,8,220,250.9,36.4,25.1,98.0,100.0,2.9,30.2,1000.5,26.0,1.0,1,162.19,171.02
2003-08-09,2003,8,9,221,185.75,35.0,28.0,98.0,100.0,3.1,31.8,1004.0,26.0,1.0,1,157.77,173.63
2003-08-10,2003,8,10,222,27.33,36.4,27.7,93.4,92.6,4.0,25.5,1004.3,26.0,1.0,1,140.96,168.22
2003-08-11,2003,8,11,223,76.04,36.4,28.0,98.0,100.0,2.8,30.6,997.4,26.0,1.0,1,120.61,159.78
2003-08-12,2003,8,12,224,110.48,38.0,26.2,98.0,100.0,2.3,33.7,1002.9,26.0,1.0,1,126.77,160.19
2003-08-13,2003,8,13,225,195.18,34.3,26.2,98.0,100.0,1.1,32.4,1001.8,26.0,1.0,1,134.48,157.93
2003-08-14,2003,8,14,226,24.29,36.9,25.7,98.0,93.4,3.3,28.0,1000.6,26.0,1.0,1,124.28,151.9
2003-08-15,2003,8,15,227,165.95,34.5,27.3,92.3,100.0,1.5,35.0,1002.9,26.0,1.0,1,112.15,156.64
2003-08-16,2003,8,16,228,284.74,33.5,26.1,98.0,100.0,2.1,34.1,1001.7,26.0,1.0,1,126.29,150.23
2003-08-17,2003,8,17,229,275.13,35.6,25.5,96.4,100.0,2.2,35.0,1005.8,26.0,1.0,1,161.69,153.84
2003-08-18,2003,8,18,230,34.8,36.3,26.0,92.7,100.0,1.5,26.5,1002.9,26.0,1.0,1,155.8,154.24
2003-08-19,2003,8,19,231,265.22,38.0,26.8,98.0,100.0,1.6,35.0,999.9,26.0,1.0,1,177.9,156.05
2003-08-20,2003,8,20,232,91.71,35.7,24.8,98.0,100.0,2.3,33.7,1005.4,26.0,1.0,1,163.12,150.93
2003-08-21,2003,8,21,233,185.31,35.2,25.1,96.6,100.0,2.1,32.8,999.9,26.0,1.0,1,186.12,150.42
2003-08-22,2003,8,22,234,152.42,34.9,27.8,98.0,100.0,2.1,27.4,1007.2,26.0,1.0,1,184.19,151.59
2003-08-23,2003,8,23,235,220.75,35.1,25.0,98.0,100.0,1.6,34.5,1002.8,26.0,1.0,1,175.05,157.77
2003-08-24,2003,8,24,236,87.46,30.5,27.8,98.0,100.0,3.0,34.6,1000.9,26.0,1.0,1,148.24,151.3
2003-08-25,2003,8,25,237,47.73,34.4,25.3,98.0,100.0,1.0,25.4,1003.8,26.0,1.0,1,150.09,152.35
2003-08-26,2003,8,26,238,114.54,36.7,24.3,98.0,100.0,3.8,32.0,1002.8,26.0,1.0,1,128.56,149.63
2003-08-27,2003,8,27,239,128.5,31.8,27.5,98.0,100.0,2.2,29.1,1000.2,26.0,1.0,1,133.82,150.56
2003-08-28,2003,8,28,240,137.97,34.7,27.8,98.0,100.0,1.7,35.0,1001.3,26.0,1.0,1,127.05,149.63
2003-08-29,2003,8,29,241,173.59,34.8,25.0,98.0,100.0,0.9,31.9,1005.4,26.0,1.0,1,130.08,148.87
2003-08-30,2003,8,30,242,49.21,36.2,26.9,97.1,100.0,1.2,31.6,1003.4,26.0,1.0,1,105.57,148.05
2003-08-31,2003,8,31,243,20.39,35.2,25.6,93.3,87.0,3.6,23.7,1000.2,26.0,1.0,1,95.99,139.66
2003-09-01,2003,9,1,244,92.24,35.6,25.6,97.2,100.0,1.8,31.4,1004.5,26.0,1.0,1,102.35,135.51
2003-09-02,2003,9,2,245,147.06,33.7,25.7,98.0,100.0,1.1,35.0,1003.6,26.0,1.0,1,106.99,135.58
2003-09-03,2003,9,3,246,63.68,32.1,25.3,98.0,100.0,1.1,29.9,998.7,26.0,1.0,1,97.73,130.42
2003-09-04,2003,9,4,247,93.02,33.8,25.3,98.0,100.0,1.6,35.0,1004.6,26.0,1.0,1,91.31,131.28
2003-09-05,2003,9,5,248,133.66,34.3,25.1,98.0,100.0,1.8,32.1,1005.1,26.0,1.0,1,85.61,131.02
2003-09-06,2003,9,6,249,43.06,36.1,24.4,98.0,100.0,2.7,28.4,1001.3,26.0,1.0,1,84.73,129.27
2003-09-07,2003,9,7,250,270.62,32.1,24.1,98.0,100.0,1.7,35.0,1003.4,26.0,1.0,1,120.48,129.93
2003-09-08,2003,9,8,251,104.99,37.3,23.5,98.0,100.0,4.1,35.0,1006.4,26.0,1.0,1,122.3,127.24
2003-09-09,2003,9,9,252,234.28,34.3,22.5,98.0,100.0,2.3,35.0,1000.8,26.0,1.0,1,134.76,134.13
2003-09-10,2003,9,10,253,151.36,32.7,24.6,98.0,100.0,2.6,35.0,1005.3,26.0,1.0,1,147.28,136.64
2003-09-11,2003,9,11,254,109.81,32.5,23.6,98.0,100.0,3.0,34.2,1005.0,26.0,1.0,1,149.68,136.62
2003-09-12,2003,9,12,255,15.12,33.4,22.6,91.7,91.4,1.8,27.7,1001.0,26.0,1.0,1,132.75,130.62
2003-09-13,2003,9,13,256,95.0,33.4,23.5,98.0,100.0,1.6,34.7,999.3,26.0,1.0,1,140.17,132.98
2003-09-14,2003,9,14,257,84.62,33.4,23.7,98.0,100.0,1.8,35.0,1001.2,26.0,1.0,1,113.6,130.27
2003-09-15,2003,9,15,258,157.13,34.2,23.6,98.0,100.0,3.0,33.5,1000.3,26.0,1.0,1,121.05,126.01
2003-09-16,2003,9,16,259,35.58,32.2,25.9,98.0,100.0,2.0,28.6,1000.9,26.0,1.0,1,92.66,118.03
2003-09-17,2003,9,17,260,40.7,33.2,23.4,98.0,100.0,2.1,25.8,1004.0,26.0,1.0,1,76.85,118.22
2003-09-18,2003,9,18,261,129.28,32.4,25.8,98.0,100.0,2.7,35.0,1003.7,26.0,1.0,1,79.63,113.69
2003-09-19,2003,9,19,262,49.25,35.2,23.0,95.3,100.0,2.7,35.0,1003.8,26.0,1.0,1,84.51,112.28
2003-09-20,2003,9,20,263,169.65,29.9,24.4,98.0,100.0,3.2,35.0,1001.7,26.0,1.05,1,95.17,111.76
2003-09-21,2003,9,21,264,49.71,35.7,22.6,98.0,100.0,0.8,29.0,1007.9,26.0,1.0,1,90.19,108.33
2003-09-22,2003,9,22,265,191.26,31.0,25.7,98.0,100.0,1.5,35.0,1005.7,26.0,1.0,1,95.06,107.35
2003-09-23,2003,9,23,266,106.41,30.6,25.0,98.0,100.0,1.7,34.0,1002.9,26.0,1.0,1,105.18,107.98
2003-09-24,2003,9,24,267,84.75,31.7,24.4,98.0,100.0,1.3,33.7,1003.7,26.0,1.0,1,111.47,109.21
2003-09-25,2003,9,25,268,115.85,32.3,25.8,98.0,100.0,2.3,35.0,1002.9,26.0,1.0,1,109.55,109.26
2003-09-26,2003,9,26,269,83.23,31.3,24.3,96.7,100.0,2.5,33.8,1002.9,26.0,1.0,1,114.41,107.75
2003-09-27,2003,9,27,270,36.34,32.6,23.7,98.0,100.0,0.5,32.2,1004.1,26.0,1.0,1,95.36,104.36
2003-09-28,2003,9,28,271,100.39,30.9,21.5,98.0,100.0,2.4,30.1,1002.3,26.0,1.0,1,102.6,101.92
2003-09-29,2003,9,29,272,89.4,30.5,20.2,98.0,100.0,1.4,35.0,1001.2,26.0,1.0,1,88.05,103.26
2003-09-30,2003,9,30,273,33.9,29.9,21.4,98.0,94.0,2.5,32.7,1003.0,26.0,1.0,1,77.69,103.71
2003-10-01,2003,10,1,274,18.43,33.1,20.8,98.0,100.0,1.2,18.5,1001.6,26.0,1.0,1,68.22,101.25
2003-10-02,2003,10,2,275,1.8,31.6,21.8,89.9,89.5,3.6,28.1,1003.8,26.0,1.0,1,51.93,96.41
2003-10-03,2003,10,3,276,52.49,29.2,23.9,98.0,100.0,1.2,31.7,999.5,26.0,1.0,1,47.54,96.04
2003-10-04,2003,10,4,277,0.22,30.1,21.2,93.7,95.1,2.3,28.7,1005.3,26.0,1.0,1,42.38,92.94
2003-10-05,2003,10,5,278,50.17,28.6,21.9,98.0,100.0,2.3,35.0,1003.0,26.0,1.0,1,35.2,90.16
2003-10-06,2003,10,6,279,37.42,34.6,22.4,98.0,100.0,2.1,24.4,1002.8,26.0,1.0,1,27.78,89.97
2003-10-07,2003,10,7,280,23.81,30.6,22.4,98.0,100.0,1.2,32.9,1001.6,26.0,1.0,1,26.33,81.74
2003-10-08,2003,10,8,281,29.2,27.2,21.4,95.3,100.0,1.8,24.1,1003.1,26.0,1.0,1,27.87,79.22
2003-10-09,2003,10,9,282,5.47,28.0,23.5,83.3,97.4,2.0,25.0,1004.7,24.3,1.0,1,28.4,71.59
2003-10-10,2003,10,10,283,60.72,28.1,22.0,98.0,100.0,2.4,24.7,1001.2,26.0,1.0,1,29.57,68.57
2003-10-11,2003,10,11,284,14.48,30.2,22.1,94.5,100.0,1.7,27.2,1005.3,26.0,1.0,1,31.61,65.39
2003-10-12,2003,10,12,285,25.68,27.1,24.7,91.7,100.0,1.6,28.1,999.5,26.0,1.0,1,28.11,65.74
2003-10-13,2003,10,13,286,6.57,27.5,23.7,91.6,97.6,1.8,28.8,1005.8,25.5,1.0,1,23.7,62.8
2003-10-14,2003,10,14,287,5.55,29.0,21.6,91.4,100.0,0.7,25.5,1004.7,26.0,1.0,1,21.1,60.16
2003-10-15,2003,10,15,288,14.56,29.1,22.1,96.3,98.4,2.7,21.2,1004.3,26.0,1.0,1,19.0,55.41
2003-10-16,2003,10,16,289,26.65,28.3,20.3,98.0,100.0,2.7,29.0,1001.7,26.0,1.0,1,22.03,55.11
2003-10-17,2003,10,17,290,4.93,28.3,18.8,88.3,100.0,3.0,21.8,1003.1,25.5,1.0,1,14.06,53.92
2003-10-18,2003,10,18,291,4.26,26.7,22.0,82.9,86.6,3.5,29.4,1003.5,23.3,1.0,1,12.6,49.75
2003-10-19,2003,10,19,292,47.79,29.4,19.8,98.0,100.0,0.8,31.1,1003.9,26.0,1.0,1,15.76,49.7
2003-10-20,2003,10,20,293,7.83,25.6,21.7,95.7,90.4,1.2,22.7,1004.1,24.7,1.0,1,15.94,44.31
2003-10-21,2003,10,21,294,29.64,28.2,23.5,98.0,100.0,2.0,30.2,1000.6,26.0,1.0,1,19.38,43.64
2003-10-22,2003,10,22,295,7.59,31.0,18.6,89.7,89.4,2.2,23.8,1003.7,26.0,1.0,1,18.38,37.52
2003-10-23,2003,10,23,296,26.54,27.6,18.0,98.0,100.0,1.4,31.8,1002.3,26.0,1.0,1,18.37,34.86
2003-10-24,2003,10,24,297,21.09,25.9,19.5,91.7,100.0,1.6,22.0,1004.7,24.6,1.0,1,20.68,32.73
2003-10-25,2003,10,25,298,36.44,27.7,21.5,98.0,100.0,1.9,26.0,999.3,26.0,1.0,1,25.27,30.09
2003-10-26,2003,10,26,299,3.65,27.3,21.9,78.6,68.4,4.5,25.7,1004.6,24.2,1.0,1,18.97,27.43
2003-10-27,2003,10,27,300,20.29,27.9,21.3,94.3,92.7,3.0,23.9,1003.3,26.0,1.0,1,20.75,26.9
2003-10-28,2003,10,28,301,22.3,27.7,20.6,97.2,100.0,1.1,28.1,999.8,26.0,1.0,1,19.7,24.3
2003-10-29,2003,10,29,302,17.83,28.8,20.2,92.8,97.6,1.7,26.5,1000.4,26.0,1.0,1,21.16,21.91
2003-10-30,2003,10,30,303,21.22,26.5,20.2,89.8,96.6,2.6,22.6,1002.1,24.3,1.0,1,20.4,21.49
2003-10-31,2003,10,31,304,44.52,25.9,21.4,98.0,100.0,1.4,29.5,999.6,25.6,1.0,1,23.75,22.36
2003-11-01,2003,11,1,305,14.93,25.8,19.1,98.0,79.0,4.9,23.5,1001.8,26.0,1.0,1,20.68,22.79
2003-11-02,2003,11,2,306,16.51,25.9,19.8,90.4,87.0,2.4,22.3,1001.7,24.3,1.0,1,22.51,21.6
2003-11-03,2003,11,3,307,11.73,27.2,18.3,89.2,100.0,2.5,25.3,1004.9,25.7,1.0,1,21.29,21.98
2003-11-04,2003,11,4,308,17.19,24.5,20.1,92.7,82.3,2.4,21.7,1003.0,23.1,1.0,1,20.56,20.88
2003-11-05,2003,11,5,309,29.13,25.1,19.6,98.0,100.0,1.3,26.1,1005.0,24.1,1.0,1,22.18,20.6
2003-11-06,2003,11,6,310,21.77,26.4,22.6,89.2,78.2,4.4,30.4,1003.5,23.9,1.0,1,22.25,20.54
2003-11-07,2003,11,7,311,23.37,28.0,17.6,91.7,91.8,3.8,25.4,1005.0,26.0,1.0,1,19.23,20.34
2003-11-08,2003,11,8,312,16.74,24.8,20.4,95.6,100.0,2.0,22.0,1002.2,24.5,1.0,1,19.49,20.72
2003-11-09,2003,11,9,313,17.45,26.5,18.6,88.0,76.9,4.5,19.2,1006.1,24.6,1.0,1,19.63,19.27
2003-11-10,2003,11,10,314,14.84,25.6,20.1,88.5,88.4,3.2,18.5,1000.5,23.9,1.0,1,20.07,19.29
2003-11-11,2003,11,11,315,15.15,26.5,19.9,98.0,100.0,1.5,20.0,998.3,25.8,1.0,1,19.78,18.94
2003-11-12,2003,11,12,316,24.72,25.7,18.6,98.0,91.0,0.6,23.7,1001.5,25.1,1.0,1,19.15,19.54
2003-11-13,2003,11,13,317,21.73,25.6,17.6,95.7,98.2,1.1,16.6,1005.6,24.4,1.0,1,19.14,20.08
2003-11-14,2003,11,14,318,23.88,29.2,17.5,94.9,100.0,1.1,23.6,1004.2,26.0,1.0,1,19.22,20.39
2003-11-15,2003,11,15,319,29.07,29.7,18.8,92.2,100.0,0.8,20.6,1001.3,26.0,1.0,1,20.98,20.47
2003-11-16,2003,11,16,320,19.5,24.8,17.8,92.2,93.7,1.0,22.9,999.9,23.7,1.0,1,21.27,20.96
2003-11-17,2003,11,17,321,38.44,23.7,18.3,92.6,100.0,2.9,25.8,998.2,22.2,1.0,1,24.64,22.1
2003-11-18,2003,11,18,322,22.87,25.3,17.0,98.0,96.3,1.4,24.7,1001.9,24.5,1.0,1,25.74,21.27
2003-11-19,2003,11,19,323,16.99,25.8,19.0,91.5,88.6,1.6,22.6,1001.4,23.9,1.0,1,24.64,21.57
2003-11-20,2003,11,20,324,13.98,26.7,17.3,89.2,78.8,6.0,19.8,1004.2,24.6,1.0,1,23.53,21.05
2003-11-21,2003,11,21,325,17.61,22.0,17.8,90.9,95.6,2.8,19.5,1004.8,20.9,1.0,1,22.64,21.38
2003-11-22,2003,11,22,326,1.82,23.9,19.8,82.2,95.6,1.2,15.9,1004.4,20.1,1.0,1,18.74,20.56
2003-11-23,2003,11,23,327,16.31,23.7,18.3,92.0,71.0,3.8,26.0,1000.7,23.0,1.0,1,18.29,20.4
2003-11-24,2003,11,24,328,2.49,23.1,19.0,83.7,72.7,3.2,22.9,1005.0,21.0,1.0,1,13.15,19.27
2003-11-25,2003,11,25,329,12.11,22.0,16.8,98.0,88.3,1.5,20.0,1005.6,21.8,1.0,1,11.62,19.55
2003-11-26,2003,11,26,330,9.39,23.8,18.2,85.2,74.3,3.5,20.7,1004.2,21.3,1.0,1,10.53,19.19
2003-11-27,2003,11,27,331,18.17,25.1,18.4,92.9,93.8,2.6,21.6,1002.5,24.2,1.0,1,11.13,19.05
2003-11-28,2003,11,28,332,17.06,22.1,16.6,96.4,93.3,3.3,25.3,1000.8,20.8,1.0,1,11.05,19.02
2003-11-29,2003,11,29,333,11.71,24.0,17.8,76.0,79.3,4.5,19.5,1006.1,18.7,1.0,1,12.46,18.71
2003-11-30,2003,11,30,334,27.48,24.4,17.2,89.3,100.0,2.5,16.4,1003.1,22.6,1.0,1,14.06,18.14
2003-12-01,2003,12,1,335,0.0,26.2,17.9,88.0,80.3,3.4,20.2,1004.2,23.5,1.0,0,13.7,17.64
2003-12-02,2003,12,2,336,0.0,24.6,16.0,72.6,65.2,5.5,14.1,1004.1,19.0,1.0,0,11.97,17.09
2003-12-03,2003,12,3,337,0.0,23.4,16.2,86.2,66.7,5.2,21.6,1004.8,21.0,1.0,0,10.63,16.7
2003-12-04,2003,12,4,338,0.0,23.9,16.0,82.5,77.4,3.8,15.3,1001.6,19.9,1.0,0,8.04,16.13
2003-12-05,2003,12,5,339,0.0,24.5,16.0,87.1,66.4,5.8,19.2,1000.5,22.5,1.0,0,5.6,15.16
2003-12-06,2003,12,6,340,0.0,23.5,16.6,79.5,77.0,4.4,17.2,1003.4,19.8,1.0,0,3.93,14.43
2003-12-07,2003,12,7,341,0.0,24.4,17.9,81.5,67.8,4.9,17.2,1006.3,21.7,1.0,0,0.0,13.65
2003-12-08,2003,12,8,342,0.0,22.7,17.3,75.5,51.8,5.7,19.6,1003.4,17.4,1.0,0,0.0,13.09
2003-12-09,2003,12,9,343,0.0,24.9,17.3,79.0,77.5,4.8,18.0,1004.7,20.9,1.0,0,0.0,12.51
2003-12-10,2003,12,10,344,0.0,22.3,16.0,76.6,72.2,3.3,16.3,1005.5,17.6,1.0,0,0.0,12.02
2003-12-11,2003,12,11,345,0.0,22.0,17.0,77.1,73.8,3.0,16.4,1004.3,18.3,1.0,0,0.0,11.51
2003-12-12,2003,12,12,346,0.0,22.2,18.5,79.8,55.9,4.1,13.3,1000.1,18.9,1.0,0,0.0,10.69
2003-12-13,2003,12,13,347,0.0,22.0,17.3,75.8,76.5,3.8,17.5,1006.0,18.0,1.0,0,0.0,9.96
2003-12-14,2003,12,14,348,0.0,23.9,17.9,69.8,77.2,4.1,18.0,1010.0,18.2,1.0,0,0.0,9.17
2003-12-15,2003,12,15,349,0.0,22.0,16.3,79.4,58.8,4.6,26.2,1002.4,18.1,1.0,0,0.0,8.2
2003-12-16,2003,12,16,350,0.0,22.0,16.3,79.1,69.1,4.6,17.2,1006.8,18.4,1.0,0,0.0,7.55
2003-12-17,2003,12,17,351,0.0,23.1,17.4,80.9,63.2,6.1,16.2,1000.7,19.4,1.0,0,0.0,6.27
2003-12-18,2003,12,18,352,0.0,22.6,16.0,77.7,61.0,5.9,13.2,1007.1,19.1,1.0,0,0.0,5.5
2003-12-19,2003,12,19,353,0.0,22.4,16.6,73.1,63.6,4.7,15.2,1000.7,16.9,1.0,0,0.0,4.94
2003-12-20,2003,12,20,354,0.0,22.2,16.9,83.3,61.3,6.0,16.2,1005.0,19.3,1.0,0,0.0,4.47
2003-12-21,2003,12,21,355,0.0,22.7,16.2,75.6,60.3,6.3,13.1,1005.1,18.3,1.0,0,0.0,3.88
2003-12-22,2003,12,22,356,0.0,22.0,16.0,72.8,75.6,4.8,17.9,1006.8,16.8,1.0,0,0.0,3.82
2003-12-23,2003,12,23,357,0.0,22.0,16.0,82.2,53.6,6.7,15.1,1006.9,18.8,1.0,0,0.0,3.28
2003-12-24,2003,12,24,358,0.0,22.0,16.0,83.0,66.5,3.6,17.6,1004.2,19.2,1.0,0,0.0,3.2
2003-12-25,2003,12,25,359,2.1,22.9,16.9,65.9,73.8,5.4,13.2,1003.5,16.0,1.0,0,0.3,2.86
2003-12-26,2003,12,26,360,0.6,23.6,17.6,72.2,58.0,5.9,16.2,1003.9,18.6,1.0,0,0.39,2.57
2003-12-27,2003,12,27,361,0.0,22.0,16.0,74.7,63.9,4.7,14.6,1004.4,16.9,1.0,0,0.39,1.96
2003-12-28,2003,12,28,362,0.0,23.3,19.8,76.2,52.3,7.1,18.9,1005.4,18.3,1.0,0,0.39,1.4
2003-12-29,2003,12,29,363,0.0,22.3,16.0,77.5,51.5,6.2,15.1,1005.4,17.4,1.0,0,0.39,1.01
2003-12-30,2003,12,30,364,0.0,22.0,16.0,84.7,50.9,4.2,11.0,1003.6,18.7,1.0,0,0.39,0.09
2003-12-31,2003,12,31,365,0.0,23.3,17.4,70.0,54.4,7.0,13.9,1006.0,17.7,1.0,0,0.39,0.09
2004-01-01,2004,1,1,1,0.0,22.0,17.2,74.7,70.2,4.0,9.3,1006.3,17.2,1.0,0,0.09,0.09
2004-01-02,2004,1,2,2,0.0,22.7,17.2,67.9,56.7,5.7,15.3,1009.8,16.6,1.0,0,0.0,0.09
2004-01-03,2004,1,3,3,0.0,22.0,17.7,74.5,55.8,5.9,18.4,1007.6,17.2,1.0,0,0.0,0.09
2004-01-04,2004,1,4,4,0.0,23.6,16.0,80.0,53.3,5.9,14.8,1005.9,19.1,1.0,0,0.0,0.09
2004-01-05,2004,1,5,5,4.49,22.0,16.9,64.0,45.5,7.1,15.5,1004.1,15.1,1.0,0,0.64,0.24
2004-01-06,2004,1,6,6,2.83,22.0,16.0,68.4,44.0,7.8,15.4,1001.1,15.6,1.0,0,1.05,0.33
2004-01-07,2004,1,7,7,0.0,22.0,17.7,75.7,47.2,7.2,11.0,1001.6,17.4,1.0,0,1.05,0.33
2004-01-08,2004,1,8,8,0.0,22.6,17.6,75.5,56.4,5.1,11.3,1006.5,19.0,1.0,0,1.05,0.33
2004-01-09,2004,1,9,9,0.0,22.0,17.7,68.7,67.9,3.7,15.0,1005.0,15.4,1.0,0,1.05,0.33
2004-01-10,2004,1,10,10,0.0,22.0,16.3,75.1,58.1,5.4,12.6,1003.0,17.5,1.0,0,1.05,0.33
2004-01-11,2004,1,11,11,0.49,22.0,17.6,77.0,47.6,6.1,19.6,1004.6,18.5,1.0,0,1.12,0.35
2004-01-12,2004,1,12,12,3.7,22.0,16.6,75.2,45.2,6.4,17.9,1003.5,17.6,1.02,0,1.0,0.47
2004-01-13,2004,1,13,13,0.2,22.0,18.1,77.0,44.0,6.5,10.7,1004.7,17.7,1.0,0,0.63,0.48
2004-01-14,2004,1,14,14,0.14,22.0,16.1,72.2,66.1,6.0,10.6,1003.0,17.3,1.0,0,0.65,0.49
2004-01-15,2004,1,15,15,0.0,24.2,16.0,69.5,53.2,6.6,8.5,1006.3,18.6,1.0,0,0.65,0.49
2004-01-16,2004,1,16,16,0.43,22.3,17.0,71.7,49.9,6.3,10.3,1004.3,18.1,1.0,0,0.71,0.5
2004-01-17,2004,1,17,17,0.0,22.7,16.0,73.4,56.0,6.0,11.6,1006.9,16.6,1.0,0,0.71,0.5
2004-01-18,2004,1,18,18,0.0,22.2,16.2,63.4,47.0,7.2,13.1,1004.5,15.3,1.0,0,0.64,0.5
2004-01-19,2004,1,19,19,0.0,27.2,16.4,70.7,27.1,8.3,11.7,1005.2,21.1,1.0,0,0.11,0.5
2004-01-20,2004,1,20,20,0.0,23.5,16.0,68.8,34.8,8.2,18.1,1004.7,18.0,1.12,0,0.08,0.5
2004-01-21,2004,1,21,21,0.0,22.0,16.6,67.0,50.9,4.7,14.6,1003.8,15.0,1.0,0,0.06,0.5
2004-01-22,2004,1,22,22,0.0,22.5,17.1,64.3,57.3,5.9,13.2,1001.0,16.5,1.0,0,0.06,0.5
2004-01-23,2004,1,23,23,0.0,23.9,17.6,61.1,48.5,7.2,13.2,1007.4,15.3,1.0,0,0.0,0.5
2004-01-24,2004,1,24,24,0.96,22.0,16.0,66.8,40.1,8.0,5.5,1006.4,14.8,1.0,0,0.14,0.46
2004-01-25,2004,1,25,25,0.0,22.5,17.8,65.8,43.4,7.3,5.0,1003.5,14.8,1.0,0,0.14,0.44
2004-01-26,2004,1,26,26,0.0,22.0,16.0,71.7,34.2,7.2,11.2,1006.5,15.9,1.0,0,0.14,0.44
2004-01-27,2004,1,27,27,0.0,22.0,16.0,72.2,45.0,7.4,13.8,1000.7,17.0,1.0,0,0.14,0.44
2004-01-28,2004,1,28,28,1.72,24.4,19.2,64.9,40.0,8.4,9.7,1005.1,18.2,1.0,0,0.38,0.5
2004-01-29,2004,1,29,29,0.0,22.0,16.9,63.8,36.5,8.7,12.0,1005.0,14.2,1.0,0,0.38,0.5
2004-01-30,2004,1,30,30,0.0,22.0,16.0,64.8,41.9,7.4,13.0,1007.2,15.1,1.0,0,0.38,0.5
2004-01-31,2004,1,31,31,0.0,22.0,16.0,71.3,40.6,7.8,13.7,1006.2,15.7,1.0,0,0.25,0.5
2004-02-01,2004,2,1,32,0.0,22.0,16.0,63.9,12.5,10.2,9.0,1002.6,13.4,1.0,0,0.25,0.5
2004-02-02,2004,2,2,33,1.54,22.0,16.0,75.0,35.9,8.5,10.0,1006.1,17.1,1.0,0,0.47,0.55
2004-02-03,2004,2,3,34,0.0,22.0,18.1,66.7,30.3,8.3,9.2,1006.5,16.4,1.0,0,0.47,0.55
2004-02-04,2004,2,4,35,0.0,22.0,17.6,67.7,34.6,7.8,8.1,1006.8,14.5,1.0,0,0.22,0.4
2004-02-05,2004,2,5,36,0.0,22.8,18.3,63.9,36.0,8.0,10.5,1004.1,15.8,1.05,0,0.22,0.31
2004-02-06,2004,2,6,37,0.0,22.0,16.0,72.0,40.5,7.5,6.6,1009.5,16.0,1.0,0,0.22,0.31
2004-02-07,2004,2,7,38,0.0,23.1,16.0,67.1,32.6,7.2,13.9,1004.9,16.1,1.09,0,0.22,0.31
2004-02-08,2004,2,8,39,0.0,24.5,17.9,63.3,31.1,8.5,9.5,1005.3,16.9,1.0,0,0.22,0.31
2004-02-09,2004,2,9,40,2.24,22.3,17.1,60.8,12.2,9.5,9.4,1003.1,14.5,1.19,0,0.32,0.38
2004-02-10,2004,2,10,41,0.0,23.7,16.3,67.5,41.9,7.5,5.0,1009.4,16.5,1.0,0,0.32,0.36
2004-02-11,2004,2,11,42,0.0,22.9,18.5,62.0,31.6,10.4,5.7,1002.5,15.4,1.0,0,0.32,0.24
2004-02-12,2004,2,12,43,0.0,26.9,18.9,63.7,29.3,9.3,12.5,1003.7,19.6,1.0,0,0.32,0.23
2004-02-13,2004,2,13,44,0.0,24.9,19.5,60.5,26.3,8.2,20.6,1008.0,16.2,1.0,0,0.32,0.23
2004-02-14,2004,2,14,45,0.47,22.2,16.2,60.6,16.7,10.1,11.5,1003.9,13.8,1.27,0,0.39,0.25
2004-02-15,2004,2,15,46,4.41,25.5,19.0,63.5,46.6,7.5,8.9,1004.0,17.5,1.0,0,1.02,0.38
2004-02-16,2004,2,16,47,0.0,27.3,18.0,63.5,24.0,8.4,7.0,1004.3,20.4,1.0,0,0.7,0.38
2004-02-17,2004,2,17,48,0.0,23.4,16.9,58.8,14.4,10.6,5.4,1006.7,15.1,1.0,0,0.7,0.38
2004-02-18,2004,2,18,49,0.66,24.6,19.1,62.7,26.9,9.0,5.0,1006.0,16.8,1.0,0,0.79,0.4
2004-02-19,2004,2,19,50,2.36,25.5,16.7,61.5,28.2,8.9,10.1,1006.0,17.5,1.0,0,1.13,0.48
2004-02-20,2004,2,20,51,0.0,22.3,17.1,62.6,36.4,7.6,8.9,1008.4,15.5,1.0,0,1.13,0.48
2004-02-21,2004,2,21,52,2.31,22.0,19.0,67.7,29.2,8.8,6.6,1006.1,16.3,1.0,0,1.39,0.56
2004-02-22,2004,2,22,53,0.0,24.5,17.2,63.6,25.3,10.3,8.3,1005.9,17.9,1.0,0,0.76,0.56
2004-02-23,2004,2,23,54,0.0,23.1,18.5,60.2,19.2,9.5,9.0,1006.0,15.1,1.0,0,0.76,0.52
2004-02-24,2004,2,24,55,0.0,24.1,17.5,62.3,14.1,11.2,5.0,1006.9,16.5,1.13,0,0.76,0.52
2004-02-25,2004,2,25,56,0.0,26.0,18.4,64.7,16.4,10.2,11.3,1002.9,18.1,1.0,0,0.67,0.52
2004-02-26,2004,2,26,57,0.0,25.5,18.5,65.0,31.3,8.9,12.5,1005.1,18.8,1.0,0,0.33,0.52
2004-02-27,2004,2,27,58,1.25,25.5,17.1,63.5,29.9,10.0,8.3,1007.6,18.9,1.06,0,0.51,0.51
2004-02-28,2004,2,28,59,0.0,24.6,18.6,69.1,36.1,8.1,13.9,999.1,18.3,1.0,0,0.18,0.51
2004-02-29,2004,2,29,60,0.0,23.9,17.8,58.3,22.2,9.7,9.8,1005.1,15.9,1.0,0,0.18,0.51
2004-03-01,2004,3,1,61,25.45,24.0,17.4,72.4,49.3,7.4,16.7,1004.0,18.5,1.05,0,3.81,1.36
2004-03-02,2004,3,2,62,0.98,27.7,17.3,61.8,16.9,9.4,7.4,1004.0,20.1,1.0,0,3.95,1.39
2004-03-03,2004,3,3,63,8.61,28.6,17.3,69.3,26.6,10.0,12.1,1001.9,22.6,1.0,0,5.18,1.62
2004-03-04,2004,3,4,64,4.42,27.0,18.0,63.4,24.9,9.1,9.2,1004.6,19.2,1.0,0,5.82,1.77
2004-03-05,2004,3,5,65,13.58,25.0,19.5,75.0,33.1,8.2,7.3,1006.5,20.1,1.0,0,7.58,2.22
2004-03-06,2004,3,6,66,4.37,23.9,17.3,63.5,18.7,9.0,10.5,1003.8,16.2,1.0,0,8.2,2.37
2004-03-07,2004,3,7,67,0.0,29.8,19.1,64.0,16.1,9.5,10.8,1003.3,21.7,1.0,0,8.2,2.37
2004-03-08,2004,3,8,68,5.83,26.5,19.5,62.8,6.2,11.6,8.6,1004.9,19.0,1.0,0,5.4,2.56
2004-03-09,2004,3,9,69,17.57,26.6,20.4,68.9,44.0,8.4,9.9,998.5,20.1,1.0,0,7.77,3.15
2004-03-10,2004,3,10,70,13.42,25.2,18.6,63.7,27.6,8.5,12.9,1002.3,18.0,1.0,0,8.46,3.52
2004-03-11,2004,3,11,71,2.64,27.2,19.5,63.7,21.1,10.3,5.0,1003.0,20.3,1.0,0,8.2,3.61
2004-03-12,2004,3,12,72,7.85,26.0,18.0,56.2,17.2,10.0,6.5,1006.4,16.6,1.0,0,7.38,3.87
2004-03-13,2004,3,13,73,19.99,24.8,17.9,65.7,30.7,7.8,9.1,1003.9,17.7,1.46,0,9.61,4.54
2004-03-14,2004,3,14,74,0.0,26.0,20.0,57.7,19.7,9.6,6.3,1006.0,17.5,1.0,0,9.61,4.54
2004-03-15,2004,3,15,75,0.45,27.3,22.1,68.3,39.0,8.6,5.0,1004.0,20.6,1.0,0,8.85,4.54
2004-03-16,2004,3,16,76,0.0,29.1,20.5,57.5,16.8,9.5,5.0,1005.2,20.0,1.14,0,6.34,4.39
2004-03-17,2004,3,17,77,9.3,24.6,18.4,62.4,22.1,8.7,10.8,1006.0,15.4,1.0,0,5.75,4.7
2004-03-18,2004,3,18,78,10.4,25.2,18.6,61.6,30.5,8.4,7.5,1005.5,17.7,1.6,0,6.86,5.05
2004-03-19,2004,3,19,79,2.6,26.5,20.8,63.1,28.1,8.6,5.0,1002.9,19.3,1.0,0,6.11,5.11
2004-03-20,2004,3,20,80,5.31,25.9,21.0,61.3,12.9,12.1,8.2,1002.9,16.7,1.0,0,4.01,5.21
2004-03-21,2004,3,21,81,16.51,27.4,20.3,64.7,31.8,9.0,11.5,1004.7,19.7,1.0,0,6.37,5.76
2004-03-22,2004,3,22,82,2.38,26.8,20.0,69.8,35.5,9.4,9.7,1004.5,20.3,1.22,0,6.64,5.76
2004-03-23,2004,3,23,83,6.84,27.9,21.0,63.7,35.6,8.4,13.9,1005.2,20.3,1.0,0,7.62,5.99
2004-03-24,2004,3,24,84,0.0,28.1,19.2,62.8,11.7,11.1,6.0,1005.5,19.6,1.15,0,6.29,5.99
2004-03-25,2004,3,25,85,0.0,25.9,21.8,61.7,20.7,10.7,5.9,1004.7,18.0,1.0,0,4.81,5.99
2004-03-26,2004,3,26,86,11.85,27.8,21.1,61.6,15.7,9.4,10.8,1005.4,20.7,1.0,0,6.13,6.39
2004-03-27,2004,3,27,87,2.5,27.0,19.8,58.9,27.6,8.5,7.5,1002.0,18.2,1.0,0,5.73,6.47
2004-03-28,2004,3,28,88,0.0,30.1,20.8,55.5,21.2,10.4,6.5,1004.7,20.8,1.18,0,3.37,6.43
2004-03-29,2004,3,29,89,0.0,27.5,25.1,55.1,29.6,9.2,7.2,1002.6,17.7,1.4,0,3.03,6.43
2004-03-30,2004,3,30,90,0.0,27.9,20.7,60.1,24.3,10.1,8.5,1004.6,18.7,1.0,0,2.05,6.43
2004-03-31,2004,3,31,91,11.58,27.4,21.8,65.2,18.8,9.5,10.7,1003.6,20.2,1.0,0,3.7,5.97
2004-04-01,2004,4,1,92,12.29,28.9,22.2,64.6,26.7,9.3,9.4,1003.8,20.4,1.05,0,5.46,6.34
2004-04-02,2004,4,2,93,9.89,28.8,21.6,65.8,20.0,11.2,5.0,1004.6,21.8,1.0,0,5.18,6.39
2004-04-03,2004,4,3,94,0.0,31.4,20.9,59.4,11.5,10.5,8.3,1004.9,22.4,1.36,0,4.82,6.24
2004-04-04,2004,4,4,95,0.0,29.3,20.6,65.0,18.6,11.0,5.0,1003.1,22.9,1.27,0,4.82,5.79
2004-04-05,2004,4,5,96,10.48,31.5,21.4,62.5,26.2,9.8,7.0,1002.7,23.8,1.28,0,6.32,5.99
2004-04-06,2004,4,6,97,0.0,31.9,21.5,64.1,14.6,10.1,5.7,1004.8,24.2,1.0,0,6.32,5.99
2004-04-07,2004,4,7,98,47.09,29.2,23.3,75.1,43.0,8.8,12.5,1002.0,24.0,1.0,0,11.39,7.36
2004-04-08,2004,4,8,99,0.0,29.6,23.8,55.0,9.7,12.2,9.7,1003.4,19.8,1.45,0,9.64,6.78
2004-04-09,2004,4,9,100,10.19,29.1,24.2,58.6,8.4,10.3,6.3,1003.8,18.4,1.0,0,9.68,6.67
2004-04-10,2004,4,10,101,4.24,28.3,21.7,55.4,36.2,9.2,12.1,1005.3,18.5,1.2,0,10.29,6.72
2004-04-11,2004,4,11,102,0.45,33.8,23.5,61.8,18.6,10.0,5.0,1006.7,25.2,1.15,0,10.35,6.48
2004-04-12,2004,4,12,103,7.88,29.6,22.6,59.6,21.6,9.9,11.4,1006.2,20.8,1.64,0,9.98,6.07
2004-04-13,2004,4,13,104,3.27,29.2,21.1,66.2,22.2,8.3,14.2,1004.0,21.9,1.07,0,10.45,6.18
2004-04-14,2004,4,14,105,0.0,29.1,20.7,56.2,25.2,9.4,5.0,1007.2,20.3,1.0,0,3.72,6.17
2004-04-15,2004,4,15,106,3.12,29.9,22.2,62.8,24.9,9.0,6.6,1004.1,22.0,1.46,0,4.16,6.27
2004-04-16,2004,4,16,107,1.47,30.5,22.5,57.4,29.0,9.2,7.6,1009.4,21.7,1.0,0,2.92,6.01
2004-04-17,2004,4,17,108,7.69,33.0,21.7,66.5,29.4,8.5,9.9,1004.1,25.7,1.0,0,3.41,5.92
2004-04-18,2004,4,18,109,14.64,34.0,24.3,65.4,28.7,8.6,9.5,1002.9,26.0,1.0,0,5.44,6.32
2004-04-19,2004,4,19,110,10.88,28.2,24.7,63.7,35.2,8.0,9.5,1002.9,21.4,1.0,0,5.87,6.51
2004-04-20,2004,4,20,111,3.6,33.9,22.8,60.0,20.3,11.1,9.0,1002.6,25.4,1.02,0,5.91,6.08
2004-04-21,2004,4,21,112,0.0,34.2,25.0,56.8,21.9,9.9,5.2,1008.5,24.1,1.0,0,5.91,6.0
2004-04-22,2004,4,22,113,0.0,30.8,23.8,62.7,21.9,10.4,9.0,1007.0,23.3,1.0,0,5.47,5.77
2004-04-23,2004,4,23,114,0.0,30.5,21.0,58.7,33.7,9.2,10.5,1007.3,20.9,1.0,0,5.26,5.77
2004-04-24,2004,4,24,115,11.39,32.8,21.0,75.8,37.0,8.0,11.5,1005.8,26.0,1.0,0,5.79,6.15
2004-04-25,2004,4,25,116,5.61,31.2,23.9,70.5,30.7,9.5,13.1,1006.4,25.5,1.0,0,4.5,5.94
2004-04-26,2004,4,26,117,0.0,34.6,23.4,60.7,6.4,11.7,5.6,1007.9,25.8,1.41,0,2.94,5.86
2004-04-27,2004,4,27,118,2.24,33.2,22.6,61.3,27.9,8.9,12.1,1004.1,24.9,1.0,0,2.75,5.93
2004-04-28,2004,4,28,119,1.3,31.4,24.3,61.8,30.9,9.1,12.2,1003.4,22.6,1.35,0,2.93,5.98
2004-04-29,2004,4,29,120,0.49,33.1,26.5,68.4,35.9,10.1,6.6,1006.0,26.0,1.81,0,3.0,5.99
2004-04-30,2004,4,30,121,20.26,32.9,24.1,78.0,38.0,7.5,11.4,1004.0,26.0,1.0,0,5.9,6.28
2004-05-01,2004,5,1,122,5.46,30.1,23.6,57.0,31.6,8.8,5.0,1005.3,21.2,1.16,0,5.05,6.05
2004-05-02,2004,5,2,123,16.05,31.6,23.3,74.1,40.6,8.6,9.2,1003.5,25.9,1.0,0,6.54,6.26
2004-05-03,2004,5,3,124,13.21,32.2,22.8,66.9,16.5,9.5,8.9,1002.6,25.4,1.0,0,8.43,6.7
2004-05-04,2004,5,4,125,3.89,33.9,25.3,61.4,36.5,8.5,9.7,1005.1,24.6,1.0,0,8.67,6.83
2004-05-05,2004,5,5,126,0.0,34.3,23.9,67.5,28.4,10.4,5.4,1003.7,26.0,1.1,0,8.48,6.48
2004-05-06,2004,5,6,127,0.16,35.4,24.3,63.5,30.0,9.0,6.0,1003.3,26.0,1.25,0,8.43,6.49
2004-05-07,2004,5,7,128,25.63,32.7,24.1,77.4,38.0,9.4,10.9,1003.6,26.0,1.0,0,9.2,5.77
2004-05-08,2004,5,8,129,0.0,31.6,26.6,67.3,36.2,8.0,5.1,1003.4,23.6,1.0,0,8.42,5.77
2004-05-09,2004,5,9,130,23.39,32.7,23.1,73.1,43.7,9.1,10.1,1004.8,26.0,1.01,0,9.47,6.21
2004-05-10,2004,5,10,131,5.27,33.0,25.7,72.7,22.2,11.9,15.2,1002.3,26.0,1.73,0,8.33,6.25
2004-05-11,2004,5,11,132,3.67,33.0,26.0,65.1,26.1,8.3,7.8,1006.3,25.4,1.25,0,8.3,6.35
2004-05-12,2004,5,12,133,0.0,34.3,24.1,59.8,39.6,9.6,13.0,1001.8,25.5,1.0,0,8.3,6.09
2004-05-13,2004,5,13,134,0.0,35.5,25.8,72.0,41.0,8.1,10.2,1003.0,26.0,1.0,0,8.28,5.98
2004-05-14,2004,5,14,135,0.0,33.9,25.0,63.6,28.2,9.3,10.9,1008.2,25.7,1.0,0,4.62,5.98
2004-05-15,2004,5,15,136,3.47,35.4,26.2,67.0,31.4,8.5,9.1,1007.4,26.0,1.0,0,5.11,5.99
2004-05-16,2004,5,16,137,0.0,36.2,24.2,62.6,24.0,9.1,5.8,1002.6,26.0,1.0,0,1.77,5.94
2004-05-17,2004,5,17,138,6.67,34.9,25.7,68.5,29.8,10.0,15.9,1004.5,26.0,1.04,0,1.97,5.91
2004-05-18,2004,5,18,139,0.0,33.3,25.6,66.5,35.4,8.5,6.9,1002.5,26.0,1.0,0,1.45,5.42
2004-05-19,2004,5,19,140,14.75,34.7,26.2,66.8,51.9,5.7,12.9,1004.9,26.0,1.0,0,3.56,5.55
2004-05-20,2004,5,20,141,7.23,36.7,22.8,64.5,33.2,9.8,12.3,1004.8,26.0,1.11,0,4.59,5.67
2004-05-21,2004,5,21,142,13.35,36.2,24.8,67.7,39.8,8.6,6.4,1003.6,26.0,1.0,0,6.5,6.12
2004-05-22,2004,5,22,143,10.95,33.8,26.5,70.2,34.7,8.5,8.2,1002.9,26.0,1.0,0,7.56,6.48
2004-05-23,2004,5,23,144,4.04,37.3,27.9,69.9,38.0,9.6,12.8,1006.1,26.0,1.0,0,8.14,6.62
2004-05-24,2004,5,24,145,0.0,35.1,27.2,71.7,41.6,8.8,11.7,1005.7,26.0,1.0,0,7.19,6.24
2004-05-25,2004,5,25,146,6.55,34.1,26.5,79.5,60.3,6.8,11.8,1001.3,26.0,1.0,0,8.12,6.27
2004-05-26,2004,5,26,147,0.0,35.7,25.0,67.6,47.1,6.2,12.7,1004.9,26.0,1.0,0,6.02,6.27
2004-05-27,2004,5,27,148,2.69,33.6,26.5,66.6,47.8,7.8,11.3,1003.0,26.0,1.25,0,5.37,6.28
2004-05-28,2004,5,28,149,0.11,37.0,26.9,57.9,31.1,9.9,8.6,1005.3,26.0,1.26,0,3.48,6.24
2004-05-29,2004,5,29,150,1.3,37.8,28.0,69.3,32.9,8.6,13.4,1004.8,26.0,1.09,0,2.1,6.27
2004-05-30,2004,5,30,151,0.0,34.7,25.2,67.1,39.2,8.1,6.6,1005.4,26.0,1.0,0,1.52,5.59
2004-05-31,2004,5,31,152,156.94,36.0,25.9,81.5,72.0,3.6,21.5,1003.9,26.0,1.0,1,23.94,10.64
2004-06-01,2004,6,1,153,76.31,37.6,28.0,79.5,65.7,4.2,25.7,1000.6,26.0,1.0,1,33.91,12.65
2004-06-02,2004,6,2,154,181.37,34.4,26.2,81.0,79.7,5.2,25.9,1003.1,26.0,1.01,1,59.82,18.26
2004-06-03,2004,6,3,155,84.15,34.7,27.1,84.1,79.9,4.2,25.1,1005.0,26.0,1.0,1,71.45,20.93
2004-06-04,2004,6,4,156,81.18,36.2,25.3,85.5,84.7,3.3,29.5,1004.4,26.0,1.0,1,83.04,23.64
2004-06-05,2004,6,5,157,199.68,36.2,26.2,84.1,84.6,3.6,24.6,1001.7,26.0,1.0,1,111.38,30.29
2004-06-06,2004,6,6,158,64.55,36.8,27.1,85.9,72.4,6.1,21.6,1003.1,26.0,1.0,1,120.6,31.59
2004-06-07,2004,6,7,159,125.04,36.6,26.3,89.6,77.7,6.1,28.5,1001.2,26.0,1.0,1,116.04,35.76
2004-06-08,2004,6,8,160,136.06,34.9,27.0,84.4,91.8,4.0,26.0,1004.1,26.0,1.0,1,124.58,39.51
2004-06-09,2004,6,9,161,124.37,34.5,27.2,89.8,91.5,3.3,24.4,1001.2,26.0,1.0,1,116.43,43.48
2004-06-10,2004,6,10,162,39.03,35.0,27.0,77.5,57.9,8.1,20.2,1000.0,26.0,1.29,1,109.99,44.66
2004-06-11,2004,6,11,163,207.66,37.8,26.1,86.8,91.5,2.7,26.6,1004.2,26.0,1.0,1,128.06,51.58
2004-06-12,2004,6,12,164,180.48,38.0,28.0,84.4,84.9,3.0,23.6,1006.5,26.0,1.0,1,125.31,57.6
2004-06-13,2004,6,13,165,59.19,37.1,27.3,86.0,82.2,4.9,18.7,1004.7,26.0,1.0,1,124.55,59.57
2004-06-14,2004,6,14,166,109.96,38.0,26.3,77.4,79.6,5.1,24.6,1005.5,26.0,1.0,1,122.39,63.12
2004-06-15,2004,6,15,167,31.8,36.4,26.2,86.2,64.4,6.3,25.4,1000.5,26.0,1.0,1,107.5,64.18
2004-06-16,2004,6,16,168,43.86,36.8,25.9,83.3,56.0,7.2,26.4,1004.9,26.0,1.0,1,96.0,65.42
2004-06-17,2004,6,17,169,183.64,38.0,28.0,88.9,85.1,3.0,23.9,1004.6,26.0,1.0,1,116.66,71.54
2004-06-18,2004,6,18,170,81.96,38.0,26.4,83.3,94.4,3.1,24.4,1004.0,26.0,1.0,1,98.7,73.78
2004-06-19,2004,6,19,171,145.39,37.8,26.2,94.2,100.0,1.4,26.5,999.7,26.0,1.0,1,93.69,78.39
2004-06-20,2004,6,20,172,442.72,37.3,26.1,89.3,94.1,3.3,25.1,1004.8,26.0,1.0,1,148.48,92.7
2004-06-21,2004,6,21,173,330.99,35.9,24.9,86.7,85.8,4.9,31.2,1004.3,26.0,1.0,1,180.05,103.37
2004-06-22,2004,6,22,174,134.72,37.8,28.0,79.9,84.7,4.3,26.2,1002.8,26.0,1.0,1,194.75,107.72
2004-06-23,2004,6,23,175,22.39,38.0,27.5,80.2,63.9,5.5,16.9,1002.1,26.0,1.02,1,191.69,108.47
2004-06-24,2004,6,24,176,253.2,38.0,26.3,79.7,85.1,4.0,23.0,1004.8,26.0,1.0,1,201.62,116.69
2004-06-25,2004,6,25,177,147.29,37.6,27.0,89.6,99.6,2.3,32.3,1000.0,26.0,1.0,1,210.96,121.6
2004-06-26,2004,6,26,178,183.68,37.2,25.9,91.8,83.9,3.8,26.6,1001.5,26.0,1.0,1,216.43,127.63
2004-06-27,2004,6,27,179,9.75,38.0,27.7,81.7,63.5,5.9,17.5,1007.5,26.0,1.0,1,154.57,127.96
2004-06-28,2004,6,28,180,202.41,38.0,27.3,86.6,100.0,1.5,29.2,1000.8,26.0,1.0,1,136.21,134.66
2004-06-29,2004,6,29,181,133.34,38.0,28.0,87.6,100.0,2.7,27.4,1006.1,26.0,1.0,1,136.01,139.1
2004-06-30,2004,6,30,182,51.53,37.6,26.7,87.5,96.6,2.7,22.0,1001.9,26.0,1.0,1,140.17,135.59
2004-07-01,2004,7,1,183,372.62,36.7,28.0,88.6,94.8,4.0,27.1,1001.4,26.0,1.0,1,157.23,145.47
2004-07-02,2004,7,2,184,90.06,36.7,27.6,83.6,85.8,4.3,29.7,1004.8,26.0,1.0,1,149.06,142.42
2004-07-03,2004,7,3,185,392.86,38.0,26.5,88.8,99.5,3.8,30.2,1003.7,26.0,1.0,1,178.94,152.71
2004-07-04,2004,7,4,186,242.13,37.5,28.0,93.1,93.5,4.3,20.3,1006.5,26.0,1.0,1,212.14,158.08
2004-07-05,2004,7,5,187,99.61,38.0,27.5,89.4,94.1,2.0,28.2,1002.0,26.0,1.0,1,197.45,154.74
2004-07-06,2004,7,6,188,78.42,38.0,28.0,90.0,91.0,2.9,29.2,1001.4,26.0,1.0,1,189.6,155.21
2004-07-07,2004,7,7,189,422.69,38.0,28.0,90.2,100.0,1.4,31.8,1003.0,26.0,1.0,1,242.63,165.13
2004-07-08,2004,7,8,190,124.73,37.2,27.0,98.0,100.0,1.7,31.4,1001.8,26.0,1.0,1,207.21,164.75
2004-07-09,2004,7,9,191,97.52,36.8,28.0,92.7,100.0,1.9,30.8,1004.4,26.0,1.0,1,208.28,163.85
2004-07-10,2004,7,10,192,105.85,38.0,27.9,93.5,100.0,3.9,30.5,1003.7,26.0,1.0,1,167.28,166.08
2004-07-11,2004,7,11,193,156.07,38.0,27.0,91.0,100.0,3.7,34.1,1003.1,26.0,1.0,1,154.98,164.36
2004-07-12,2004,7,12,194,127.41,36.5,28.0,95.3,100.0,2.7,35.0,1006.8,26.0,1.0,1,158.96,162.59
2004-07-13,2004,7,13,195,210.2,36.9,28.0,94.2,97.4,2.3,27.5,998.3,26.0,1.0,1,177.78,167.63
2004-07-14,2004,7,14,196,171.76,37.0,26.5,87.1,100.0,1.2,31.8,1002.0,26.0,1.0,1,141.93,169.69
2004-07-15,2004,7,15,197,246.7,38.0,26.7,98.0,100.0,1.9,25.4,1002.1,26.0,1.0,1,159.36,176.85
2004-07-16,2004,7,16,198,101.42,38.0,27.7,93.6,100.0,2.5,32.8,1004.6,26.0,1.0,1,159.92,178.77
2004-07-17,2004,7,17,199,334.89,37.8,27.1,97.0,100.0,1.8,28.4,1003.7,26.0,1.0,1,192.64,183.81
2004-07-18,2004,7,18,200,394.88,36.7,27.1,92.5,100.0,3.3,34.3,1000.9,26.0,1.0,1,226.75,194.24
2004-07-19,2004,7,19,201,293.69,38.0,26.6,97.1,100.0,3.9,29.3,1000.0,26.0,1.0,1,250.51,199.18
2004-07-20,2004,7,20,202,31.95,38.0,27.7,93.0,89.3,2.9,20.9,1001.1,26.0,1.0,1,225.04,185.49
2004-07-21,2004,7,21,203,168.73,34.8,27.8,89.9,100.0,2.3,27.9,1002.0,26.0,1.0,1,224.61,180.08
2004-07-22,2004,7,22,204,487.28,38.0,25.7,98.0,94.2,2.7,32.9,1005.2,26.0,1.0,1,258.98,191.84
2004-07-23,2004,7,23,205,118.89,37.3,27.0,95.5,100.0,2.1,30.6,1003.6,26.0,1.0,1,261.47,195.05
2004-07-24,2004,7,24,206,113.0,36.8,26.7,92.0,100.0,1.8,31.9,1000.4,26.0,1.0,1,229.77,190.38
2004-07-25,2004,7,25,207,147.25,38.0,27.7,98.0,100.0,1.9,28.0,1001.5,26.0,1.0,1,194.4,190.38
2004-07-26,2004,7,26,208,250.73,38.0,28.0,93.2,100.0,1.4,31.3,1004.9,26.0,1.0,1,188.26,192.61
2004-07-27,2004,7,27,209,133.63,37.8,28.0,97.9,100.0,2.8,32.7,1002.0,26.0,1.0,1,202.79,196.74
2004-07-28,2004,7,28,210,47.64,36.2,26.9,89.4,90.0,3.8,33.2,1004.7,26.0,1.0,1,185.49,191.58
2004-07-29,2004,7,29,211,188.34,38.0,27.9,93.2,100.0,3.5,27.0,1003.1,26.0,1.0,1,142.78,193.42
2004-07-30,2004,7,30,212,315.5,35.6,25.4,98.0,100.0,1.4,31.7,1003.6,26.0,1.0,1,170.87,202.22
2004-07-31,2004,7,31,213,46.84,38.0,28.0,93.5,100.0,1.3,24.0,1006.3,26.0,1.0,1,161.42,191.36
2004-08-01,2004,8,1,214,213.1,37.5,26.3,98.0,100.0,1.1,31.7,1002.2,26.0,1.0,1,170.83,195.46
2004-08-02,2004,8,2,215,128.53,37.3,25.5,96.6,100.0,1.5,32.8,1000.4,26.0,1.0,1,153.37,186.65
2004-08-03,2004,8,3,216,173.69,36.5,26.3,96.8,100.0,3.6,35.0,1001.1,26.0,1.0,1,159.09,184.36
2004-08-04,2004,8,4,217,149.89,37.5,28.0,95.8,100.0,1.6,31.0,1002.4,26.0,1.0,1,173.7,186.04
2004-08-05,2004,8,5,218,74.43,35.1,27.8,95.9,100.0,2.4,33.6,1002.4,26.0,1.0,1,157.43,185.91
2004-08-06,2004,8,6,219,133.32,38.0,28.0,98.0,100.0,3.7,35.0,1001.1,26.0,1.03,1,131.4,176.26
2004-08-07,2004,8,7,220,136.99,36.4,27.3,98.0,100.0,2.5,29.1,1005.0,26.0,1.0,1,144.28,176.67
2004-08-08,2004,8,8,221,301.92,35.9,28.0,98.0,100.0,2.0,27.0,1002.6,26.0,1.0,1,156.97,183.48
2004-08-09,2004,8,9,222,185.92,36.6,26.4,98.0,100.0,0.3,28.2,1003.6,26.0,1.0,1,165.17,186.15
2004-08-10,2004,8,10,223,235.06,36.3,25.2,98.0,100.0,2.1,29.4,999.5,26.0,1.0,1,173.93,188.79
2004-08-11,2004,8,11,224,313.01,38.0,27.2,98.0,100.0,2.6,32.2,999.4,26.0,1.0,1,197.24,194.97
2004-08-12,2004,8,12,225,110.07,34.1,26.8,98.0,100.0,2.1,33.9,1001.0,26.0,1.0,1,202.33,191.63
2004-08-13,2004,8,13,226,24.26,36.5,27.2,87.8,84.4,3.7,20.5,1004.2,26.0,1.0,1,186.75,186.72
2004-08-14,2004,8,14,227,344.77,38.0,27.6,98.0,100.0,1.3,35.0,999.2,26.0,1.0,1,216.43,189.99
2004-08-15,2004,8,15,228,27.47,36.6,27.0,94.5,100.0,3.8,30.2,1000.3,26.0,1.0,1,177.22,187.52
2004-08-16,2004,8,16,229,101.67,36.7,26.3,98.0,100.0,1.9,32.1,998.6,26.0,1.0,1,165.19,179.75
2004-08-17,2004,8,17,230,157.08,36.2,26.3,98.0,100.0,2.9,29.0,998.0,26.0,1.0,1,154.05,171.82
2004-08-18,2004,8,18,231,32.38,35.2,26.9,97.5,100.0,2.2,28.7,1003.2,26.0,1.0,1,113.96,163.11
2004-08-19,2004,8,19,232,71.09,36.9,24.5,93.1,100.0,1.9,32.3,1005.5,26.0,1.0,1,108.39,164.42
2004-08-20,2004,8,20,233,130.99,35.7,25.4,98.0,100.0,2.0,30.7,1003.6,26.0,1.0,1,123.64,163.16
2004-08-21,2004,8,21,234,206.36,36.1,28.0,98.0,100.0,3.1,35.0,1002.9,26.0,1.0,1,103.86,153.79
2004-08-22,2004,8,22,235,35.85,36.7,25.5,95.2,93.5,2.4,24.7,1001.8,26.0,1.0,1,105.06,151.03
2004-08-23,2004,8,23,236,106.41,36.4,26.8,98.0,100.0,2.5,35.0,1003.0,26.0,1.0,1,105.74,150.81
2004-08-24,2004,8,24,237,79.21,35.8,25.5,98.0,100.0,2.4,32.3,1002.0,26.0,1.0,1,94.61,148.54
2004-08-25,2004,8,25,238,92.59,36.9,25.6,98.0,100.0,1.6,35.0,1003.5,26.0,1.0,1,103.21,143.27
2004-08-26,2004,8,26,239,50.0,37.0,23.2,97.6,100.0,1.5,27.3,1001.5,26.0,1.0,1,100.2,140.48
2004-08-27,2004,8,27,240,135.88,36.5,26.5,98.0,100.0,2.5,35.0,1003.3,26.0,1.0,1,100.9,143.42
2004-08-28,2004,8,28,241,75.99,36.8,25.0,98.0,100.0,3.6,31.3,998.6,26.0,1.0,1,82.28,139.68
2004-08-29,2004,8,29,242,95.36,37.2,23.2,98.0,100.0,1.1,35.0,998.1,26.0,1.0,1,90.78,132.34
2004-08-30,2004,8,30,243,17.46,33.2,23.8,92.7,94.8,2.3,25.5,1005.2,26.0,1.0,1,78.07,131.36
2004-08-31,2004,8,31,244,145.41,38.0,25.6,98.0,100.0,2.2,30.0,1000.7,26.0,1.0,1,87.53,129.1
2004-09-01,2004,9,1,245,24.04,35.0,24.5,98.0,100.0,2.2,25.1,1004.9,26.0,1.0,1,77.73,125.62
2004-09-02,2004,9,2,246,99.98,34.3,24.3,98.0,100.0,2.0,33.8,1003.4,26.0,1.0,1,84.87,123.16
2004-09-03,2004,9,3,247,92.54,34.8,24.7,98.0,100.0,4.1,29.9,1001.0,26.0,1.0,1,78.68,121.25
2004-09-04,2004,9,4,248,69.05,32.3,21.4,98.0,100.0,1.9,35.0,1002.4,26.0,1.0,1,77.69,121.07
2004-09-05,2004,9,5,249,26.72,34.7,23.1,98.0,100.0,0.9,28.5,1002.0,26.0,1.0,1,67.89,117.52
2004-09-06,2004,9,6,250,80.4,33.1,25.7,98.0,100.0,3.3,29.7,1004.4,26.0,1.0,1,76.88,115.63
2004-09-07,2004,9,7,251,87.0,34.2,25.5,98.0,100.0,1.2,35.0,1000.5,26.0,1.0,1,68.53,108.47
2004-09-08,2004,9,8,252,81.38,34.2,25.5,98.0,100.0,2.0,31.2,1004.0,26.0,1.0,1,76.72,104.98
2004-09-09,2004,9,9,253,237.22,33.0,25.5,98.0,100.0,1.5,33.8,1000.8,26.0,1.0,1,96.33,105.05
2004-09-10,2004,9,10,254,44.9,31.1,25.2,98.0,100.0,1.4,27.5,999.6,26.0,1.0,1,89.52,96.12
2004-09-11,2004,9,11,255,115.61,34.1,26.3,98.0,100.0,1.0,33.6,999.7,26.0,1.0,1,96.18,96.3
2004-09-12,2004,9,12,256,37.39,33.5,25.2,98.0,85.2,4.1,26.4,1000.5,26.0,1.0,1,97.7,96.74
2004-09-13,2004,9,13,257,11.59,33.7,24.4,94.2,82.6,4.6,27.8,1001.6,26.0,1.0,1,87.87,85.63
2004-09-14,2004,9,14,258,24.1,32.6,26.1,95.4,100.0,2.5,28.7,1001.6,26.0,1.0,1,78.88,85.52
2004-09-15,2004,9,15,259,172.95,32.2,24.8,98.0,100.0,3.2,35.0,1001.9,26.0,1.0,1,91.97,87.9
2004-09-16,2004,9,16,260,17.21,32.7,24.8,97.3,92.8,2.1,23.5,1001.4,26.0,1.0,1,60.54,83.24
2004-09-17,2004,9,17,261,59.59,33.1,23.4,98.0,100.0,1.8,33.3,1001.5,26.0,1.0,1,62.63,84.14
2004-09-18,2004,9,18,262,32.24,33.8,24.0,98.0,100.0,1.4,27.7,1005.1,26.0,1.0,1,50.72,82.85
2004-09-19,2004,9,19,263,83.66,31.4,22.5,98.0,100.0,2.4,34.9,1001.3,26.0,1.0,1,57.33,81.27
2004-09-20,2004,9,20,264,29.4,33.7,21.9,94.1,81.2,4.0,28.7,1001.6,26.0,1.0,1,59.88,75.37
2004-09-21,2004,9,21,265,13.25,33.4,21.6,89.9,100.0,0.7,25.7,1002.2,26.0,1.0,1,58.33,74.62
2004-09-22,2004,9,22,266,172.22,33.0,23.3,98.0,100.0,3.0,35.0,1003.9,26.0,1.0,1,58.22,76.81
2004-09-23,2004,9,23,267,218.19,34.9,25.1,98.0,100.0,1.2,35.0,997.9,26.0,1.0,1,86.94,81.44
2004-09-24,2004,9,24,268,71.57,29.3,23.9,98.0,100.0,0.7,35.0,1001.5,26.0,1.0,1,88.65,80.74
2004-09-25,2004,9,25,269,72.77,34.8,24.3,98.0,100.0,0.9,32.3,1002.1,26.0,1.0,1,94.44,81.5
2004-09-26,2004,9,26,270,37.62,30.7,22.2,98.0,100.0,2.9,34.0,999.5,26.0,1.0,1,87.86,78.23
2004-09-27,2004,9,27,271,127.95,31.9,23.5,98.0,100.0,3.2,34.4,1001.2,26.0,1.0,1,101.94,79.96
2004-09-28,2004,9,28,272,100.25,31.5,25.4,98.0,100.0,1.8,35.0,1000.9,26.0,1.0,1,114.37,80.12
2004-09-29,2004,9,29,273,38.89,29.3,23.9,98.0,100.0,2.5,31.0,1002.2,26.0,1.0,1,95.32,80.84
2004-09-30,2004,9,30,274,23.76,32.0,22.4,98.0,100.0,1.1,27.7,1001.1,26.0,1.0,1,67.54,76.78
2004-10-01,2004,10,1,275,0.38,32.3,20.7,98.0,87.4,3.6,23.4,1000.7,26.0,1.0,1,57.37,75.99
2004-10-02,2004,10,2,276,11.46,31.5,21.0,98.0,100.0,2.2,31.2,1004.9,26.0,1.0,1,48.62,73.04
2004-10-03,2004,10,3,277,14.37,28.5,23.3,91.2,100.0,0.9,30.6,1003.3,26.0,1.0,1,45.29,70.44
2004-10-04,2004,10,4,278,7.87,28.8,22.7,91.0,94.9,2.3,24.9,1004.0,26.0,1.0,1,28.14,68.4
2004-10-05,2004,10,5,279,21.55,29.4,24.5,98.0,94.7,2.4,26.9,1005.2,26.0,1.0,1,16.9,68.22
2004-10-06,2004,10,6,280,23.82,32.3,22.3,95.7,100.0,1.2,24.3,1001.3,26.0,1.0,1,14.74,66.34
2004-10-07,2004,10,7,281,46.33,30.4,20.4,98.0,98.0,2.6,26.9,1005.0,26.0,1.0,1,17.97,64.98
2004-10-08,2004,10,8,282,5.91,27.1,21.8,90.7,94.1,1.5,22.8,1004.2,25.2,1.0,1,18.76,62.47
2004-10-09,2004,10,9,283,35.98,33.0,22.0,98.0,100.0,2.5,28.2,1000.3,26.0,1.0,1,22.26,55.76
2004-10-10,2004,10,10,284,36.69,32.0,21.4,96.6,100.0,3.2,30.9,1002.3,26.0,1.0,1,25.45,55.49
2004-10-11,2004,10,11,285,21.32,28.0,21.8,94.2,84.9,3.7,32.1,1004.4,26.0,1.0,1,27.37,52.34
2004-10-12,2004,10,12,286,0.48,28.9,22.1,89.0,93.6,3.1,16.6,1001.6,26.0,1.0,1,24.36,51.11
2004-10-13,2004,10,13,287,4.32,29.0,19.1,92.2,91.2,3.4,19.8,1004.4,26.0,1.0,1,21.58,50.87
2004-10-14,2004,10,14,288,10.2,30.0,20.7,92.1,92.7,3.2,25.6,1005.9,26.0,1.0,1,16.41,50.41
2004-10-15,2004,10,15,289,13.85,29.4,22.9,97.7,100.0,1.5,20.3,1005.4,26.0,1.0,1,17.55,45.1
2004-10-16,2004,10,16,290,6.76,27.9,23.2,90.7,88.0,3.3,27.4,1002.5,26.0,1.0,1,13.37,44.76
2004-10-17,2004,10,17,291,24.23,30.8,19.7,89.2,90.1,3.1,29.0,1000.9,26.0,1.0,1,11.59,43.58
2004-10-18,2004,10,18,292,5.55,31.3,19.6,90.8,85.8,2.0,25.6,1002.0,26.0,1.0,1,9.34,42.69
2004-10-19,2004,10,19,293,9.54,28.5,21.9,91.2,97.7,1.6,19.8,1004.3,25.7,1.0,1,10.64,40.22
2004-10-20,2004,10,20,294,12.19,27.6,23.3,98.0,100.0,1.1,21.2,1001.8,26.0,1.0,1,11.76,39.64
2004-10-21,2004,10,21,295,15.66,30.7,21.1,98.0,99.1,1.4,28.1,1004.5,26.0,1.0,1,12.54,39.72
2004-10-22,2004,10,22,296,13.41,24.9,20.8,98.0,96.1,2.9,18.6,1000.1,24.9,1.0,1,12.48,34.43
2004-10-23,2004,10,23,297,13.25,26.7,19.8,96.7,100.0,1.3,25.3,1003.5,26.0,1.0,1,13.4,27.6
2004-10-24,2004,10,24,298,20.62,29.4,21.7,97.7,86.2,2.7,23.2,1002.3,26.0,1.0,1,12.89,25.9
2004-10-25,2004,10,25,299,8.04,29.8,20.1,93.6,100.0,1.7,19.7,1003.4,26.0,1.0,1,13.24,23.74
2004-10-26,2004,10,26,300,10.02,27.1,22.2,96.2,86.3,2.8,23.0,1004.5,26.0,1.0,1,13.31,22.82
2004-10-27,2004,10,27,301,24.35,30.9,20.7,98.0,100.0,1.0,33.8,1001.5,26.0,1.0,1,15.05,19.37
2004-10-28,2004,10,28,302,3.41,23.7,20.5,87.5,97.1,2.1,23.5,1006.9,20.5,1.0,1,13.3,16.14
2004-10-29,2004,10,29,303,30.47,28.9,19.1,91.7,100.0,1.7,28.6,1000.5,26.0,1.0,1,15.74,15.86
2004-10-30,2004,10,30,304,6.55,27.2,19.0,83.1,88.1,2.3,21.9,1006.1,23.5,1.0,1,14.78,15.29
2004-10-31,2004,10,31,305,3.25,26.2,19.1,85.7,85.5,3.3,25.3,1001.8,23.9,1.0,1,12.3,15.38
2004-11-01,2004,11,1,306,9.46,28.2,19.7,88.5,93.4,2.0,26.8,1003.5,26.0,1.0,1,12.5,15.32
2004-11-02,2004,11,2,307,9.06,26.1,21.0,90.8,100.0,2.3,22.9,1001.6,24.2,1.0,1,12.36,15.14
2004-11-03,2004,11,3,308,28.52,25.0,20.6,95.8,98.1,0.4,23.7,1000.7,24.5,1.0,1,12.96,15.83
2004-11-04,2004,11,4,309,63.52,26.6,19.0,98.0,100.0,1.2,32.2,1001.4,26.0,1.0,1,21.55,17.23
2004-11-05,2004,11,5,310,15.51,26.3,16.9,95.1,95.4,2.2,26.3,1002.3,25.0,1.0,1,19.41,16.95
2004-11-06,2004,11,6,311,17.29,25.1,18.5,90.2,91.5,2.2,25.4,1005.6,24.1,1.0,1,20.94,15.98
2004-11-07,2004,11,7,312,2.7,25.3,19.5,93.2,89.0,1.6,20.3,1004.3,24.2,1.0,1,20.87,15.87
2004-11-08,2004,11,8,313,7.93,25.4,19.5,88.9,100.0,3.2,24.3,1005.5,23.2,1.0,1,20.65,14.94
2004-11-09,2004,11,9,314,9.58,23.4,21.3,92.5,85.2,3.1,21.7,1001.3,21.6,1.0,1,20.72,14.03
2004-11-10,2004,11,10,315,35.24,23.2,20.7,98.0,100.0,0.6,30.6,1002.8,22.6,1.0,1,21.68,14.5
2004-11-11,2004,11,11,316,4.1,27.0,19.9,87.8,94.1,2.8,21.5,1005.9,25.5,1.0,1,13.19,14.62
2004-11-12,2004,11,12,317,55.53,23.4,18.1,98.0,95.3,1.8,24.4,1001.1,22.5,1.0,1,18.91,16.33
2004-11-13,2004,11,13,318,22.49,25.4,19.1,91.0,87.3,3.7,26.4,1003.1,24.1,1.0,1,19.65,16.74
2004-11-14,2004,11,14,319,0.94,22.5,19.3,86.2,83.4,2.9,21.5,1004.0,19.6,1.0,1,19.4,16.31
2004-11-15,2004,11,15,320,100.3,27.4,20.2,95.9,100.0,2.2,31.7,1002.2,26.0,1.0,1,32.6,19.42
2004-11-16,2004,11,16,321,7.24,24.7,17.4,89.4,82.3,3.4,21.2,1002.8,23.0,1.0,1,32.26,18.86
2004-11-17,2004,11,17,322,55.24,26.6,19.5,98.0,100.0,1.6,24.6,1000.6,26.0,1.0,1,35.12,20.51
2004-11-18,2004,11,18,323,26.68,28.0,19.1,93.6,95.3,1.5,21.3,1005.5,26.0,1.0,1,38.35,21.08
2004-11-19,2004,11,19,324,4.47,22.8,17.7,86.6,83.7,2.8,18.8,1003.7,20.4,1.0,1,31.05,20.83
2004-11-20,2004,11,20,325,29.08,23.6,19.8,92.6,100.0,1.8,26.4,1007.8,21.8,1.0,1,31.99,21.28
2004-11-21,2004,11,21,326,23.68,25.9,16.0,93.5,85.7,2.8,25.1,1002.9,25.0,1.0,1,35.24,21.62
2004-11-22,2004,11,22,327,7.15,23.5,20.7,89.3,79.4,2.8,16.8,1004.2,21.9,1.0,1,21.93,21.41
2004-11-23,2004,11,23,328,15.4,24.8,19.6,84.6,80.6,2.9,21.2,1004.3,21.5,1.0,1,23.1,21.24
2004-11-24,2004,11,24,329,50.63,24.4,17.7,94.3,87.5,3.2,27.4,1001.7,21.9,1.0,1,22.44,22.66
2004-11-25,2004,11,25,330,61.34,22.0,17.4,94.6,100.0,2.1,31.0,1005.1,20.5,1.0,1,27.39,24.37
2004-11-26,2004,11,26,331,19.86,25.5,17.8,92.6,92.7,3.0,14.6,1002.7,23.0,1.0,1,29.59,24.22
2004-11-27,2004,11,27,332,8.51,23.8,16.9,91.1,73.0,4.0,16.1,1004.7,21.8,1.0,1,26.65,24.39
2004-11-28,2004,11,28,333,6.88,22.1,17.5,87.1,71.8,5.8,17.9,1003.7,19.2,1.0,1,24.25,23.6
2004-11-29,2004,11,29,334,2.45,26.1,18.6,83.8,77.1,4.6,11.8,1004.8,23.2,1.0,1,23.58,23.47
2004-11-30,2004,11,30,335,2.21,22.7,16.8,79.8,77.0,3.8,22.9,1002.5,18.8,1.0,0,21.7,23.43
2004-12-01,2004,12,1,336,0.0,22.5,18.7,89.1,75.8,4.0,19.3,1008.9,20.5,1.0,0,14.46,23.12
2004-12-02,2004,12,2,337,0.0,22.0,17.2,77.7,68.5,5.2,20.5,1005.1,17.8,1.0,0,5.7,22.82
2004-12-03,2004,12,3,338,0.0,24.4,18.7,76.1,81.1,2.8,16.4,1004.2,19.9,1.0,0,2.86,21.86
2004-12-04,2004,12,4,339,0.0,23.5,19.0,83.8,69.1,3.5,19.0,1003.6,20.5,1.0,0,1.65,19.75
2004-12-05,2004,12,5,340,0.0,22.0,16.1,78.6,82.7,3.4,18.8,1005.1,18.1,1.0,0,0.67,19.23
2004-12-06,2004,12,6,341,0.0,23.6,16.0,83.5,68.1,4.8,16.8,1003.4,20.4,1.0,0,0.32,18.65
2004-12-07,2004,12,7,342,0.15,24.4,17.4,86.0,77.6,3.1,20.9,1002.8,21.8,1.0,0,0.02,18.57
2004-12-08,2004,12,8,343,0.0,23.8,17.5,78.9,64.6,4.5,19.1,1006.0,19.1,1.0,0,0.02,18.31
2004-12-09,2004,12,9,344,0.0,25.0,16.0,81.5,66.7,5.6,18.1,1002.6,20.7,1.0,0,0.02,17.99
2004-12-10,2004,12,10,345,0.0,22.1,19.1,77.7,62.7,5.3,16.6,1000.5,18.2,1.0,0,0.02,16.81
2004-12-11,2004,12,11,346,0.0,25.5,16.6,79.5,74.0,2.8,15.1,1005.9,21.5,1.0,0,0.02,16.67
2004-12-12,2004,12,12,347,2.27,22.8,17.8,79.5,81.4,1.3,17.6,1005.6,19.4,1.0,0,0.35,14.9
2004-12-13,2004,12,13,348,0.0,24.0,16.1,82.5,69.5,2.8,18.3,1004.6,21.1,1.0,0,0.35,14.15
2004-12-14,2004,12,14,349,0.0,24.6,16.0,76.3,56.7,7.1,16.6,1004.8,20.0,1.0,0,0.32,14.12
2004-12-15,2004,12,15,350,0.0,26.6,18.3,75.5,69.2,4.1,21.1,1004.8,21.9,1.0,0,0.32,10.77
2004-12-16,2004,12,16,351,0.07,22.0,16.0,77.2,76.3,3.7,15.5,1005.7,18.3,1.0,0,0.33,10.54
2004-12-17,2004,12,17,352,0.0,22.0,17.7,80.3,72.5,6.2,18.6,1004.9,18.5,1.0,0,0.33,8.69
2004-12-18,2004,12,18,353,0.0,22.8,16.0,74.2,50.9,5.6,12.7,1006.5,18.0,1.0,0,0.33,7.81
2004-12-19,2004,12,19,354,0.0,22.0,16.5,72.5,55.7,6.6,14.4,1006.1,16.0,1.0,0,0.01,7.66
2004-12-20,2004,12,20,355,1.56,22.0,16.5,82.4,59.0,5.4,12.0,1003.9,18.9,1.0,0,0.23,6.74
2004-12-21,2004,12,21,356,0.0,22.0,16.6,67.8,57.7,6.4,14.3,1005.4,16.8,1.0,0,0.23,5.95
2004-12-22,2004,12,22,357,0.0,22.5,16.0,71.2,63.0,5.6,19.6,1005.7,17.1,1.0,0,0.23,5.71
2004-12-23,2004,12,23,358,0.0,23.5,17.5,84.8,73.6,2.6,12.4,1001.1,21.4,1.0,0,0.22,5.2
2004-12-24,2004,12,24,359,0.0,22.8,17.7,68.9,59.5,4.8,19.9,1004.7,17.0,1.0,0,0.22,3.51
2004-12-25,2004,12,25,360,0.0,22.0,18.0,73.9,70.4,3.7,14.2,1003.7,16.9,1.0,0,0.22,1.47
2004-12-26,2004,12,26,361,0.0,22.0,16.0,72.8,72.0,4.5,11.8,1006.2,16.9,1.0,0,0.22,0.8
2004-12-27,2004,12,27,362,0.0,22.3,16.0,66.0,64.7,4.5,14.9,1002.7,16.6,1.0,0,0.0,0.52
2004-12-28,2004,12,28,363,0.61,22.0,16.8,71.2,50.1,6.7,14.6,1005.2,17.5,1.0,0,0.09,0.31
2004-12-29,2004,12,29,364,0.44,22.0,16.9,75.9,62.9,5.7,15.1,1004.5,17.5,1.0,0,0.15,0.24
2004-12-30,2004,12,30,365,2.15,22.0,16.9,78.4,63.0,6.6,10.8,1000.8,17.5,1.0,0,0.46,0.24
2004-12-31,2004,12,31,366,0.0,22.0,18.3,78.5,72.6,4.7,14.3,1007.1,18.5,1.0,0,0.46,0.24
2005-01-01,2005,1,1,1,0.0,22.3,16.6,72.6,79.6,3.5,10.0,1005.8,17.4,1.0,0,0.46,0.24
2005-01-02,2005,1,2,2,0.0,23.7,19.0,66.4,47.9,6.9,13.0,1003.3,17.3,1.02,0,0.46,0.24
2005-01-03,2005,1,3,3,1.46,22.0,17.5,74.5,56.8,4.5,12.2,1005.3,17.1,1.0,0,0.67,0.29
2005-01-04,2005,1,4,4,0.0,22.7,17.5,78.8,57.2,5.4,11.5,1005.4,18.0,1.0,0,0.58,0.29
2005-01-05,2005,1,5,5,0.05,22.1,16.5,79.2,65.7,4.2,16.2,1002.6,17.9,1.0,0,0.52,0.29
2005-01-06,2005,1,6,6,0.0,22.0,16.0,76.7,53.4,7.1,17.9,1003.4,17.4,1.0,0,0.22,0.29
2005-01-07,2005,1,7,7,0.0,22.0,16.0,67.1,54.6,6.7,14.6,1002.8,15.9,1.0,0,0.22,0.29
2005-01-08,2005,1,8,8,0.0,22.0,16.6,71.5,51.1,4.9,10.5,1001.2,16.0,1.0,0,0.22,0.29
2005-01-09,2005,1,9,9,0.0,25.2,17.5,73.0,39.0,8.2,12.9,1007.6,20.1,1.0,0,0.22,0.29
2005-01-10,2005,1,10,10,0.59,22.0,16.2,73.7,51.0,7.1,16.9,1009.3,15.6,1.0,0,0.09,0.31
2005-01-11,2005,1,11,11,0.0,22.0,16.0,64.4,47.5,6.2,15.1,1003.9,16.1,1.0,0,0.09,0.23
2005-01-12,2005,1,12,12,0.0,22.6,16.0,79.5,55.1,6.7,20.0,1003.3,19.2,1.0,0,0.08,0.23
2005-01-13,2005,1,13,13,0.0,22.0,17.0,76.3,59.1,5.8,8.8,1003.3,17.4,1.0,0,0.08,0.23
2005-01-14,2005,1,14,14,0.0,22.0,16.0,70.8,44.3,6.1,9.8,1006.4,16.7,1.0,0,0.08,0.23
2005-01-15,2005,1,15,15,0.82,22.0,16.9,71.5,39.4,6.5,15.2,1007.0,16.3,1.0,0,0.2,0.26
2005-01-16,2005,1,16,16,0.0,22.0,16.8,68.3,56.9,7.9,13.2,1006.6,15.7,1.0,0,0.2,0.26
2005-01-17,2005,1,17,17,0.34,23.4,16.3,75.2,44.9,6.9,9.4,1006.6,18.2,1.0,0,0.17,0.27
2005-01-18,2005,1,18,18,0.0,22.0,17.9,65.2,44.5,7.4,10.1,1006.7,15.7,1.0,0,0.17,0.27
2005-01-19,2005,1,19,19,0.0,25.7,18.4,70.0,45.4,5.8,12.7,1004.0,20.1,1.0,0,0.17,0.22
2005-01-20,2005,1,20,20,0.0,22.0,16.0,66.0,30.3,9.9,12.8,1001.9,15.8,1.0,0,0.17,0.22
2005-01-21,2005,1,21,21,1.36,23.3,16.0,69.7,55.9,6.6,13.6,1006.2,18.2,1.0,0,0.36,0.26
2005-01-22,2005,1,22,22,0.0,22.0,17.2,73.5,47.6,6.9,17.1,1004.9,17.4,1.0,0,0.24,0.26
2005-01-23,2005,1,23,23,0.0,22.5,18.6,66.1,46.1,8.3,17.3,1005.9,15.2,1.0,0,0.24,0.26
2005-01-24,2005,1,24,24,0.0,24.4,16.0,69.1,52.3,5.2,8.4,1004.6,18.1,1.0,0,0.19,0.26
2005-01-25,2005,1,25,25,0.0,22.0,17.1,67.7,39.9,7.1,13.2,1005.7,15.5,1.04,0,0.19,0.26
2005-01-26,2005,1,26,26,0.0,22.0,16.0,65.0,44.0,7.2,9.6,1006.0,14.8,1.0,0,0.19,0.26
2005-01-27,2005,1,27,27,0.43,22.0,16.0,65.4,40.5,7.1,15.7,1004.9,15.0,1.0,0,0.26,0.25
2005-01-28,2005,1,28,28,0.0,22.1,19.2,65.1,44.8,7.8,9.5,1009.0,14.8,1.0,0,0.06,0.24
2005-01-29,2005,1,29,29,0.0,22.0,17.2,60.0,32.5,8.8,7.3,1004.9,14.9,1.0,0,0.06,0.17
2005-01-30,2005,1,30,30,0.0,25.0,16.0,66.4,50.8,7.5,13.9,1002.9,18.2,1.0,0,0.06,0.17
2005-01-31,2005,1,31,31,0.0,22.6,16.5,67.1,29.1,8.9,14.6,1005.0,16.4,1.0,0,0.06,0.17
2005-02-01,2005,2,1,32,0.0,24.6,16.0,60.5,45.5,6.3,8.1,1004.1,16.8,1.0,0,0.06,0.17
2005-02-02,2005,2,2,33,0.0,24.3,16.4,64.6,47.7,6.6,13.5,1002.5,17.8,1.0,0,0.06,0.12
2005-02-03,2005,2,3,34,0.0,25.3,16.5,65.3,38.5,8.3,7.2,1008.4,18.6,1.0,0,0.0,0.12
2005-02-04,2005,2,4,35,0.0,22.0,17.2,69.2,37.0,7.7,8.2,1005.8,16.0,1.0,0,0.0,0.12
2005-02-05,2005,2,5,36,1.35,23.8,17.5,73.3,50.5,6.7,5.0,1003.4,18.9,1.0,0,0.19,0.16
2005-02-06,2005,2,6,37,0.0,22.2,16.2,67.1,43.2,7.0,12.7,1005.8,15.6,1.0,0,0.19,0.16
2005-02-07,2005,2,7,38,0.09,22.8,16.2,59.9,25.1,9.6,11.0,1007.0,14.6,1.15,0,0.21,0.17
2005-02-08,2005,2,8,39,0.0,22.0,17.6,61.5,36.5,8.5,8.4,1001.6,14.9,1.0,0,0.21,0.17
2005-02-09,2005,2,9,40,1.07,26.6,16.4,65.8,32.1,10.4,8.8,1008.4,18.9,1.0,0,0.36,0.18
2005-02-10,2005,2,10,41,0.0,22.1,16.5,63.0,35.4,6.8,10.1,1002.6,15.3,1.05,0,0.36,0.18
2005-02-11,2005,2,11,42,0.0,24.3,17.4,64.4,37.2,8.2,9.9,1007.2,17.2,1.0,0,0.36,0.18
2005-02-12,2005,2,12,43,0.0,22.0,17.4,67.7,27.2,10.6,10.7,1001.4,15.2,1.13,0,0.17,0.18
2005-02-13,2005,2,13,44,0.0,23.0,16.9,63.5,19.9,10.7,6.1,1006.7,15.7,1.0,0,0.17,0.18
2005-02-14,2005,2,14,45,0.0,25.1,18.7,73.8,31.3,10.1,11.1,1003.7,19.6,1.02,0,0.15,0.15
2005-02-15,2005,2,15,46,1.82,24.1,18.1,58.5,39.2,7.0,9.5,1009.4,15.4,1.0,0,0.41,0.22
2005-02-16,2005,2,16,47,0.0,22.3,20.0,65.9,32.3,8.5,5.0,1003.5,15.4,1.0,0,0.26,0.2
2005-02-17,2005,2,17,48,0.0,22.7,17.3,56.9,38.2,6.8,14.6,1003.2,13.9,1.0,0,0.26,0.2
2005-02-18,2005,2,18,49,0.36,24.1,18.5,60.1,42.0,6.9,5.9,1003.4,15.5,1.0,0,0.31,0.22
2005-02-19,2005,2,19,50,0.0,23.9,19.5,66.6,31.7,9.7,5.8,1006.1,17.2,1.0,0,0.31,0.22
2005-02-20,2005,2,20,51,0.0,22.1,16.7,55.0,31.0,7.7,6.1,1007.0,12.8,1.0,0,0.31,0.17
2005-02-21,2005,2,21,52,0.0,23.5,17.5,64.1,35.5,8.0,6.5,1003.1,16.3,1.0,0,0.31,0.17
2005-02-22,2005,2,22,53,0.33,24.0,19.4,57.9,10.3,10.0,5.9,1006.1,15.2,1.0,0,0.1,0.18
2005-02-23,2005,2,23,54,0.76,25.2,18.8,62.7,22.6,9.8,7.1,1004.7,17.9,1.0,0,0.21,0.21
2005-02-24,2005,2,24,55,0.0,25.9,18.1,59.9,25.5,8.1,10.3,1003.2,16.8,1.0,0,0.21,0.21
2005-02-25,2005,2,25,56,0.0,25.5,16.5,62.4,35.5,8.3,8.7,1005.3,18.4,1.0,0,0.16,0.21
2005-02-26,2005,2,26,57,1.45,25.1,16.7,64.5,16.3,10.9,5.5,1009.6,17.6,1.3,0,0.36,0.24
2005-02-27,2005,2,27,58,2.83,25.3,17.8,67.6,35.7,8.0,10.3,1005.2,18.4,1.0,0,0.77,0.34
2005-02-28,2005,2,28,59,0.0,25.5,17.4,62.5,21.8,10.7,11.7,1002.8,17.7,1.03,0,0.77,0.34
2005-03-01,2005,3,1,60,6.31,26.4,17.5,67.1,34.3,8.8,7.9,1005.9,19.4,1.0,0,1.62,0.55
2005-03-02,2005,3,2,61,17.35,27.6,16.3,68.0,30.5,8.5,10.1,1004.7,21.0,1.0,0,3.99,1.12
2005-03-03,2005,3,3,62,3.53,23.7,17.0,57.9,23.0,9.0,7.2,1003.7,14.6,1.0,0,4.5,1.24
2005-03-04,2005,3,4,63,0.0,24.6,17.6,56.9,19.9,10.7,5.0,1005.8,15.3,1.0,0,4.5,1.24
2005-03-05,2005,3,5,64,0.0,26.9,18.9,67.3,24.3,9.2,5.0,1000.7,20.8,1.0,0,4.29,1.24
2005-03-06,2005,3,6,65,4.37,24.0,18.4,58.4,34.4,8.3,7.4,1002.0,15.9,1.0,0,4.51,1.39
2005-03-07,2005,3,7,66,18.02,23.6,19.0,68.7,24.7,11.1,19.0,1002.8,16.2,1.0,0,7.08,1.94
2005-03-08,2005,3,8,67,26.27,24.7,19.0,70.5,25.0,10.2,10.6,1002.0,18.7,1.33,0,9.93,2.82
2005-03-09,2005,3,9,68,5.78,25.9,17.0,64.0,17.0,9.6,5.0,1004.2,18.4,1.05,0,8.28,3.01
2005-03-10,2005,3,10,69,7.98,25.2,20.4,68.5,25.0,9.5,10.5,1004.7,18.6,1.0,0,8.92,3.27
2005-03-11,2005,3,11,70,2.1,26.6,20.1,59.2,22.1,10.5,7.2,1004.2,18.4,1.06,0,9.22,3.31
2005-03-12,2005,3,12,71,8.74,25.7,19.4,63.6,28.1,8.6,10.5,1005.0,17.4,1.11,0,10.47,3.6
2005-03-13,2005,3,13,72,0.0,25.8,18.8,59.3,21.2,11.0,8.5,1004.6,17.8,1.55,0,9.84,3.6
2005-03-14,2005,3,14,73,0.0,23.9,21.1,55.0,16.9,10.6,6.5,1005.6,14.8,1.11,0,7.27,3.6
2005-03-15,2005,3,15,74,0.85,27.4,18.4,57.9,37.8,10.0,7.7,1003.9,18.4,1.04,0,3.64,3.63
2005-03-16,2005,3,16,75,7.4,27.6,20.8,68.0,32.8,8.5,12.9,1005.8,21.0,1.0,0,3.87,3.88
2005-03-17,2005,3,17,76,2.36,26.5,18.7,69.6,21.0,10.3,7.1,1005.5,20.7,1.0,0,3.06,3.89
2005-03-18,2005,3,18,77,1.3,27.1,21.4,64.7,24.1,9.0,11.7,1001.5,19.7,1.22,0,2.95,3.94
2005-03-19,2005,3,19,78,0.0,27.3,20.5,61.8,30.9,8.8,8.7,1005.6,18.9,1.0,0,1.7,3.94
2005-03-20,2005,3,20,79,5.36,28.7,21.1,57.2,18.5,9.7,10.7,1005.0,19.4,1.42,0,2.47,4.1
2005-03-21,2005,3,21,80,0.0,27.6,20.4,60.9,19.9,10.8,9.2,1003.1,19.6,1.0,0,2.47,4.1
2005-03-22,2005,3,22,81,19.62,25.4,20.7,67.7,27.4,8.0,9.2,1005.7,18.5,1.0,0,5.15,4.76
2005-03-23,2005,3,23,82,0.97,30.4,20.3,69.9,35.5,6.2,11.2,1004.0,24.7,1.0,0,4.23,4.79
2005-03-24,2005,3,24,83,4.9,29.6,19.2,55.3,25.9,9.7,9.2,1002.2,20.1,1.0,0,4.59,4.94
2005-03-25,2005,3,25,84,9.53,27.9,21.8,59.1,18.6,10.2,6.9,1001.3,19.2,1.18,0,5.77,5.23
2005-03-26,2005,3,26,85,3.97,28.2,20.3,66.7,42.6,7.2,5.0,1005.8,21.3,1.0,0,6.34,5.37
2005-03-27,2005,3,27,86,6.9,28.5,20.8,69.3,19.7,10.2,10.4,1004.6,22.1,1.0,0,6.56,5.6
2005-03-28,2005,3,28,87,2.48,27.1,18.9,62.5,22.7,8.2,5.0,1001.9,19.1,1.0,0,6.91,5.63
2005-03-29,2005,3,29,88,7.83,30.0,20.6,62.0,33.9,9.9,5.7,1005.2,21.8,1.21,0,5.23,5.8
2005-03-30,2005,3,30,89,1.59,30.0,21.4,63.1,22.0,9.2,5.0,1006.3,21.5,1.0,0,5.31,5.85
2005-03-31,2005,3,31,90,2.18,28.5,23.1,69.8,23.8,10.5,9.9,1004.4,21.6,1.0,0,4.93,5.71
2005-04-01,2005,4,1,91,12.04,29.8,21.1,62.4,29.2,8.3,10.2,1005.0,21.9,1.0,0,5.28,5.54
2005-04-02,2005,4,2,92,0.0,30.5,20.8,61.9,23.2,8.7,7.9,1002.1,21.3,1.0,0,4.72,5.42
2005-04-03,2005,4,3,93,0.0,29.4,20.5,59.2,14.4,9.9,7.8,1003.9,20.5,1.0,0,3.73,5.42
2005-04-04,2005,4,4,94,0.0,27.6,20.7,61.5,27.4,9.4,7.5,1005.7,19.9,1.0,0,3.38,5.42
2005-04-05,2005,4,5,95,0.0,30.3,23.7,63.2,16.1,11.2,12.0,1010.6,22.7,1.01,0,2.26,5.27
2005-04-06,2005,4,6,96,23.41,29.5,20.3,65.9,20.0,11.4,6.5,1004.3,22.1,1.0,0,5.38,5.45
2005-04-07,2005,4,7,97,1.55,27.9,21.2,64.8,25.7,10.4,11.2,1004.5,20.3,1.47,0,5.29,4.63
2005-04-08,2005,4,8,98,0.0,31.3,23.5,58.2,14.5,9.6,6.8,1003.0,21.7,1.52,0,3.57,4.44
2005-04-09,2005,4,9,99,0.04,30.2,23.3,62.5,23.1,9.7,12.3,1004.2,22.9,1.41,0,3.57,4.17
2005-04-10,2005,4,10,100,0.0,29.7,24.8,55.0,24.7,9.3,8.7,1007.7,19.4,1.2,0,3.57,4.1
2005-04-11,2005,4,11,101,11.32,33.2,23.4,68.1,30.7,9.0,11.8,1006.0,26.0,1.03,0,5.19,4.19
2005-04-12,2005,4,12,102,6.58,29.5,22.5,59.8,48.9,7.6,9.2,1007.0,21.0,1.0,0,6.13,4.41
2005-04-13,2005,4,13,103,0.0,29.0,23.0,58.4,33.8,8.2,5.0,1004.5,20.9,1.0,0,2.78,4.41
2005-04-14,2005,4,14,104,0.0,30.8,21.2,55.0,26.7,11.1,7.5,1004.4,20.9,1.09,0,2.56,4.38
2005-04-15,2005,4,15,105,4.68,30.5,22.4,61.9,28.7,9.0,8.2,1002.1,22.3,1.56,0,3.23,4.29
2005-04-16,2005,4,16,106,5.39,30.0,21.4,68.4,34.9,9.3,10.0,1005.9,23.2,1.0,0,4.0,4.39
2005-04-17,2005,4,17,107,2.62,33.1,24.4,55.7,23.5,8.7,9.8,1007.3,22.5,1.1,0,4.37,4.43
2005-04-18,2005,4,18,108,0.0,29.4,21.0,61.6,23.0,11.5,10.6,1004.5,21.8,1.0,0,2.75,4.43
2005-04-19,2005,4,19,109,11.04,31.7,22.6,57.4,26.0,10.2,10.9,1002.1,22.5,1.32,0,3.39,4.62
2005-04-20,2005,4,20,110,0.0,31.5,21.7,60.4,19.7,10.0,7.3,1002.5,22.1,1.0,0,3.39,4.62
2005-04-21,2005,4,21,111,9.66,31.5,24.3,68.6,46.9,7.8,6.4,1006.2,25.0,1.0,0,4.77,4.29
2005-04-22,2005,4,22,112,0.0,33.4,23.4,60.8,16.1,11.0,9.9,1003.3,24.0,1.49,0,4.1,4.26
2005-04-23,2005,4,23,113,3.52,34.9,23.2,66.1,35.8,8.8,5.0,1002.6,26.0,1.0,0,3.83,4.21
2005-04-24,2005,4,24,114,0.0,31.9,21.9,59.4,30.7,9.0,9.1,1001.9,23.0,1.0,0,3.46,3.89
2005-04-25,2005,4,25,115,0.03,33.4,25.1,71.9,35.9,7.7,10.9,1006.1,26.0,1.0,0,3.46,3.76
2005-04-26,2005,4,26,116,0.28,32.2,22.4,66.2,28.3,10.7,9.2,1010.8,24.2,1.2,0,1.93,3.54
2005-04-27,2005,4,27,117,2.77,32.4,23.1,63.9,20.6,10.4,5.8,1006.2,25.3,1.04,0,2.32,3.55
2005-04-28,2005,4,28,118,0.0,33.1,23.7,68.7,33.2,8.4,7.5,1002.0,26.0,1.08,0,0.94,3.29
2005-04-29,2005,4,29,119,0.0,32.8,24.4,67.6,32.9,8.8,8.2,1003.8,25.6,1.0,0,0.94,3.24
2005-04-30,2005,4,30,120,1.46,31.3,23.5,60.7,45.4,8.7,8.3,1000.7,21.8,1.29,0,0.65,3.21
2005-05-01,2005,5,1,121,3.01,34.8,25.7,65.7,35.0,9.8,9.6,1007.2,26.0,1.0,0,1.08,2.91
2005-05-02,2005,5,2,122,9.4,33.6,24.1,65.2,34.1,8.7,12.1,1003.0,26.0,1.49,0,2.42,3.23
2005-05-03,2005,5,3,123,5.43,33.0,26.2,68.7,32.7,8.6,8.3,1005.0,25.3,1.0,0,3.15,3.41
2005-05-04,2005,5,4,124,1.92,32.3,23.1,69.9,29.3,9.0,10.7,1004.9,26.0,1.49,0,3.03,3.47
2005-05-05,2005,5,5,125,7.58,33.8,25.0,60.3,31.7,10.0,11.2,1006.2,25.1,1.0,0,4.11,3.72
2005-05-06,2005,5,6,126,15.75,33.1,23.5,69.6,42.0,9.2,13.7,1003.4,26.0,1.0,0,6.36,3.47
2005-05-07,2005,5,7,127,0.0,33.9,24.3,69.0,26.3,9.5,7.5,1006.9,26.0,1.47,0,6.16,3.42
2005-05-08,2005,5,8,128,4.58,33.4,23.0,68.5,30.0,9.9,10.1,1004.9,26.0,1.0,0,6.38,3.57
2005-05-09,2005,5,9,129,20.84,32.6,26.3,72.7,34.0,8.7,10.7,1001.4,26.0,1.0,0,8.01,4.26
2005-05-10,2005,5,10,130,4.56,36.4,26.4,70.0,39.0,7.4,9.2,1005.2,26.0,1.0,0,7.89,4.41
2005-05-11,2005,5,11,131,6.64,32.7,26.3,61.4,40.8,8.8,8.6,1004.7,23.9,1.08,0,8.56,4.26
2005-05-12,2005,5,12,132,7.03,33.0,26.1,69.4,14.6,10.8,8.0,1003.7,26.0,1.23,0,8.49,4.27
2005-05-13,2005,5,13,133,10.08,35.3,28.0,73.4,36.9,8.6,15.1,1003.0,26.0,1.04,0,7.68,4.61
2005-05-14,2005,5,14,134,4.19,34.9,25.3,68.6,50.1,8.0,11.4,1008.4,26.0,1.0,0,8.27,4.75
2005-05-15,2005,5,15,135,0.0,35.5,27.2,59.6,36.5,7.7,6.5,1008.7,26.0,1.03,0,7.62,4.59
2005-05-16,2005,5,16,136,0.0,35.4,25.2,63.2,35.6,7.1,9.1,1003.4,26.0,1.0,0,4.64,4.41
2005-05-17,2005,5,17,137,0.0,33.6,26.1,64.9,24.2,10.3,6.7,1002.2,26.0,1.36,0,3.99,4.33
2005-05-18,2005,5,18,138,0.0,35.9,26.4,61.8,39.6,9.8,10.0,1005.5,26.0,1.28,0,3.04,4.33
2005-05-19,2005,5,19,139,2.75,34.0,23.3,63.0,33.8,9.8,9.5,1005.5,25.4,1.0,0,2.43,4.05
2005-05-20,2005,5,20,140,7.17,36.7,25.4,70.6,46.0,7.2,11.4,1005.7,26.0,1.0,0,2.02,4.29
2005-05-21,2005,5,21,141,0.27,33.7,25.4,72.4,57.1,6.9,5.0,1004.3,26.0,1.0,0,1.46,3.98
2005-05-22,2005,5,22,142,7.95,34.1,25.7,61.8,26.0,10.3,6.4,1008.5,26.0,1.0,0,2.59,4.24
2005-05-23,2005,5,23,143,6.51,34.2,24.9,67.1,50.7,7.8,10.8,1007.7,26.0,1.61,0,3.52,4.34
2005-05-24,2005,5,24,144,7.67,36.0,26.0,66.8,37.4,8.2,13.9,1007.5,26.0,1.0,0,4.62,4.6
2005-05-25,2005,5,25,145,10.67,35.5,26.3,77.0,56.1,6.4,12.3,1001.4,26.0,1.0,0,6.14,4.95
2005-05-26,2005,5,26,146,31.25,35.9,24.8,79.3,49.2,5.7,13.0,998.6,26.0,1.0,0,10.21,5.98
2005-05-27,2005,5,27,147,1.59,35.6,26.1,73.3,34.6,9.2,8.2,1002.8,26.0,1.0,0,9.42,5.94
2005-05-28,2005,5,28,148,0.0,35.8,25.8,70.7,47.1,8.4,14.5,1006.1,26.0,1.0,0,9.38,5.94
2005-05-29,2005,5,29,149,0.0,35.3,27.6,72.1,28.9,10.4,8.1,1006.5,26.0,1.0,0,8.24,5.94
2005-05-30,2005,5,30,150,5.02,33.8,26.9,71.1,37.5,7.8,12.6,1003.6,26.0,1.22,0,8.03,6.06
2005-05-31,2005,5,31,151,17.93,34.1,25.4,76.5,44.6,8.0,10.3,1003.8,26.0,1.0,0,9.49,6.56
2005-06-01,2005,6,1,152,121.55,35.0,27.5,84.9,74.5,4.9,22.5,1005.4,26.0,1.0,1,25.33,10.3
2005-06-02,2005,6,2,153,79.66,35.8,26.4,82.4,78.0,4.0,25.9,1005.5,26.0,1.0,1,32.25,12.77
2005-06-03,2005,6,3,154,68.87,38.0,26.6,82.0,74.3,5.9,17.8,1000.0,26.0,1.0,1,41.86,15.0
2005-06-04,2005,6,4,155,104.83,35.0,25.4,85.2,80.6,4.4,21.2,1002.2,26.0,1.0,1,56.84,18.25
2005-06-05,2005,6,5,156,206.46,34.9,26.8,85.8,76.0,4.5,27.1,1000.2,26.0,1.0,1,86.33,24.6
2005-06-06,2005,6,6,157,174.46,33.9,27.8,85.0,80.9,5.3,27.9,996.3,26.0,1.0,1,110.54,30.42
2005-06-07,2005,6,7,158,244.06,37.5,26.4,85.2,72.5,5.7,27.4,1003.2,26.0,1.0,1,142.84,38.4
2005-06-08,2005,6,8,159,127.55,36.5,28.0,87.3,74.0,4.5,25.3,998.9,26.0,1.0,1,143.7,41.96
2005-06-09,2005,6,9,160,131.42,34.9,27.9,84.2,77.4,3.4,19.0,1000.3,26.0,1.0,1,151.09,46.19
2005-06-10,2005,6,10,161,44.73,36.9,25.9,76.9,51.7,6.7,16.8,999.2,26.0,1.35,1,147.64,47.46
2005-06-11,2005,6,11,162,291.92,36.1,27.2,86.2,86.1,4.0,25.9,1004.7,26.0,1.0,1,174.37,56.95
2005-06-12,2005,6,12,163,68.47,38.0,25.3,80.5,77.9,4.3,19.7,1004.0,26.0,1.0,1,154.66,58.9
2005-06-13,2005,6,13,164,69.62,36.1,25.8,88.6,78.2,3.7,20.0,1007.7,26.0,1.23,1,139.68,61.08
2005-06-14,2005,6,14,165,101.12,38.0,24.9,83.3,76.1,4.7,28.6,1005.1,26.0,1.0,1,119.26,64.45
2005-06-15,2005,6,15,166,99.62,37.5,25.2,83.9,82.0,2.9,22.2,1001.5,26.0,1.0,1,115.27,67.77
2005-06-16,2005,6,16,167,30.09,36.7,26.8,82.8,72.2,5.7,22.5,1004.5,26.0,1.01,1,100.8,68.77
2005-06-17,2005,6,17,168,46.37,37.0,26.9,83.7,80.0,6.2,22.4,1002.7,26.0,1.0,1,101.03,70.32
2005-06-18,2005,6,18,169,195.87,37.9,27.5,91.9,81.7,4.8,27.3,1002.8,26.0,1.0,1,87.31,76.76
2005-06-19,2005,6,19,170,218.16,37.1,26.2,86.6,92.7,4.3,25.7,1001.2,26.0,1.0,1,108.69,83.79
2005-06-20,2005,6,20,171,181.8,36.1,28.0,86.5,83.1,3.7,33.1,1004.0,26.0,1.0,1,124.72,89.84
2005-06-21,2005,6,21,172,111.76,38.0,27.0,84.5,98.6,2.3,27.4,1001.9,26.0,1.0,1,126.24,93.3
2005-06-22,2005,6,22,173,107.23,38.0,27.7,83.0,98.8,1.7,25.1,1001.8,26.0,1.0,1,127.33,96.66
2005-06-23,2005,6,23,174,90.43,38.0,23.5,85.6,67.9,6.2,25.7,1002.4,26.0,1.0,1,135.95,99.42
2005-06-24,2005,6,24,175,87.03,37.4,27.4,89.5,81.8,5.1,27.3,1003.9,26.0,1.2,1,141.75,101.96
2005-06-25,2005,6,25,176,160.27,38.0,28.0,94.0,99.3,2.1,27.3,1000.0,26.0,1.0,1,136.67,106.26
2005-06-26,2005,6,26,177,119.21,38.0,24.7,92.3,77.8,4.9,27.7,1003.2,26.0,1.0,1,122.53,110.18
2005-06-27,2005,6,27,178,201.17,37.4,27.5,87.2,100.0,1.3,28.0,999.9,26.0,1.0,1,125.3,116.89
2005-06-28,2005,6,28,179,52.64,37.0,26.5,87.8,83.3,4.0,24.3,1001.6,26.0,1.0,1,116.85,118.64
2005-06-29,2005,6,29,180,63.31,38.0,28.0,88.3,71.7,4.6,19.6,1001.5,26.0,1.0,1,110.58,120.59
2005-06-30,2005,6,30,181,229.04,35.4,26.0,94.9,100.0,2.6,28.5,1004.0,26.0,1.0,1,130.38,127.62
2005-07-01,2005,7,1,182,335.09,38.0,28.0,95.8,100.0,3.0,30.8,1003.1,26.0,1.0,1,165.82,134.74
2005-07-02,2005,7,2,183,153.47,38.0,28.0,82.9,98.5,1.9,27.7,1004.6,26.0,1.0,1,164.85,137.2
2005-07-03,2005,7,3,184,64.99,37.0,27.7,94.9,93.4,2.1,26.0,1004.3,26.0,1.0,1,157.1,137.07
2005-07-04,2005,7,4,185,148.2,36.9,25.8,84.9,100.0,2.4,27.9,1007.0,26.0,1.0,1,149.53,138.52
2005-07-05,2005,7,5,186,241.62,37.3,27.0,92.6,91.3,3.3,27.9,999.2,26.0,1.0,1,176.53,139.69
2005-07-06,2005,7,6,187,183.76,38.0,28.0,83.4,97.5,2.6,29.5,1001.5,26.0,1.0,1,193.74,140.0
2005-07-07,2005,7,7,188,163.95,38.0,27.7,96.1,96.3,1.8,28.2,999.5,26.0,1.0,1,184.44,137.33
2005-07-08,2005,7,8,189,317.73,37.3,26.3,91.0,100.0,1.5,28.3,1003.5,26.0,1.0,1,181.96,143.67
2005-07-09,2005,7,9,190,381.14,37.2,28.0,95.3,100.0,2.7,27.5,1003.1,26.0,1.0,1,214.48,151.99
2005-07-10,2005,7,10,191,190.77,38.0,27.5,91.6,83.8,2.6,26.2,1001.1,26.0,1.0,1,232.45,156.86
2005-07-11,2005,7,11,192,110.14,38.0,27.9,96.6,92.7,2.2,24.0,1003.1,26.0,1.0,1,227.02,150.8
2005-07-12,2005,7,12,193,124.75,38.0,28.0,86.4,99.7,3.9,28.1,1005.0,26.0,1.0,1,210.32,152.68
2005-07-13,2005,7,13,194,161.28,38.0,28.0,96.0,100.0,2.0,27.7,999.2,26.0,1.0,1,207.11,155.73
2005-07-14,2005,7,14,195,158.81,36.8,28.0,95.4,100.0,1.3,34.1,1002.3,26.0,1.0,1,206.37,157.66
2005-07-15,2005,7,15,196,48.73,38.0,28.0,92.6,83.1,3.1,26.1,1002.8,26.0,1.0,1,167.95,155.96
2005-07-16,2005,7,16,197,177.25,36.8,26.8,96.3,100.0,3.4,28.8,1000.2,26.0,1.0,1,138.82,160.87
2005-07-17,2005,7,17,198,147.98,37.6,27.5,98.0,100.0,1.9,30.1,1000.4,26.0,1.0,1,132.71,164.25
2005-07-18,2005,7,18,199,140.02,38.0,28.0,98.0,100.0,2.3,30.2,1001.8,26.0,1.0,1,136.97,162.39
2005-07-19,2005,7,19,200,155.47,37.5,25.9,89.3,100.0,2.0,32.4,1003.1,26.0,1.0,1,141.36,160.3
2005-07-20,2005,7,20,201,177.0,37.5,26.2,95.7,100.0,1.2,28.4,1004.3,26.0,1.0,1,143.61,160.14
2005-07-21,2005,7,21,202,430.37,37.1,28.0,97.0,100.0,1.2,32.0,1003.2,26.0,1.0,1,182.4,170.76
2005-07-22,2005,7,22,203,86.29,36.6,27.4,94.7,92.4,3.5,27.7,1003.8,26.0,1.0,1,187.77,170.06
2005-07-23,2005,7,23,204,158.28,37.4,25.5,96.6,100.0,1.4,29.5,1004.3,26.0,1.0,1,185.06,172.33
2005-07-24,2005,7,24,205,233.57,38.0,28.0,98.0,100.0,4.2,27.4,1005.5,26.0,1.07,1,197.29,177.21
2005-07-25,2005,7,25,206,122.39,38.0,28.0,98.0,100.0,1.2,26.4,1002.5,26.0,1.0,1,194.77,175.95
2005-07-26,2005,7,26,207,155.02,38.0,28.0,98.0,100.0,1.4,35.0,998.6,26.0,1.0,1,194.7,177.14
2005-07-27,2005,7,27,208,40.29,38.0,27.6,96.5,82.5,4.5,25.8,1005.4,26.0,1.0,1,175.17,171.78
2005-07-28,2005,7,28,209,319.63,35.0,28.0,98.0,100.0,2.5,31.1,1006.6,26.0,1.0,1,159.35,180.68
2005-07-29,2005,7,29,210,42.08,37.7,28.0,92.9,100.0,3.4,23.5,1002.3,26.0,1.0,1,153.04,179.97
2005-07-30,2005,7,30,211,502.97,36.5,25.0,97.1,100.0,2.7,34.2,1006.2,26.0,1.0,1,202.28,189.1
2005-07-31,2005,7,31,212,35.5,38.0,27.3,96.1,94.6,3.8,25.5,1003.7,26.0,1.0,1,173.98,179.11
2005-08-01,2005,8,1,213,21.65,37.1,27.1,90.8,89.0,4.8,22.0,1003.8,26.0,1.0,1,159.59,174.72
2005-08-02,2005,8,2,214,83.79,38.0,27.1,96.0,100.0,2.1,27.9,1002.7,26.0,1.0,1,149.42,175.35
2005-08-03,2005,8,3,215,28.82,38.0,26.1,90.9,90.6,1.8,27.5,999.6,26.0,1.0,1,147.78,171.37
2005-08-04,2005,8,4,216,112.64,36.7,28.0,98.0,100.0,3.5,31.4,1002.6,26.0,1.0,1,118.21,167.07
2005-08-05,2005,8,5,217,100.72,38.0,26.6,98.0,100.0,3.1,29.7,1005.6,26.0,1.0,1,126.58,164.3
2005-08-06,2005,8,6,218,390.49,38.0,28.0,98.0,100.0,2.8,31.2,1003.8,26.0,1.0,1,110.52,171.85
2005-08-07,2005,8,7,219,145.8,38.0,28.0,95.1,100.0,3.5,35.0,1002.3,26.0,1.0,1,126.27,166.12
2005-08-08,2005,8,8,220,67.18,36.3,26.6,93.9,100.0,2.3,33.3,999.4,26.0,1.0,1,132.78,155.66
2005-08-09,2005,8,9,221,94.79,34.8,26.2,98.0,100.0,1.8,31.2,1004.2,26.0,1.08,1,134.35,152.46
2005-08-10,2005,8,10,222,32.12,38.0,26.2,91.6,99.2,3.3,33.1,1002.6,26.0,1.0,1,134.82,149.86
2005-08-11,2005,8,11,223,115.88,36.4,26.8,92.7,100.0,2.5,33.0,1003.0,26.0,1.0,1,135.28,149.56
2005-08-12,2005,8,12,224,122.07,38.0,27.1,98.0,100.0,2.1,28.1,1001.6,26.0,1.0,1,138.33,148.25
2005-08-13,2005,8,13,225,71.36,36.0,26.1,98.0,100.0,3.5,31.5,1003.8,26.0,1.0,1,92.74,145.34
2005-08-14,2005,8,14,226,106.73,38.0,26.1,98.0,100.0,3.4,31.2,1004.5,26.0,1.0,1,87.16,147.27
2005-08-15,2005,8,15,227,366.55,35.8,26.9,98.0,100.0,1.8,34.7,1002.9,26.0,1.0,1,129.93,153.58
2005-08-16,2005,8,16,228,216.96,36.6,27.8,96.6,100.0,1.1,32.8,1005.2,26.0,1.0,1,147.38,155.88
2005-08-17,2005,8,17,229,237.1,38.0,26.8,98.0,100.0,1.5,31.0,1004.3,26.0,1.0,1,176.66,159.12
2005-08-18,2005,8,18,230,191.49,33.9,26.4,98.0,100.0,1.8,34.6,1003.0,26.0,1.0,1,187.47,160.32
2005-08-19,2005,8,19,231,70.45,38.0,26.6,98.0,100.0,1.9,27.3,1001.7,26.0,1.0,1,180.09,156.77
2005-08-20,2005,8,20,232,78.82,36.1,24.1,98.0,100.0,2.5,33.8,1001.5,26.0,1.0,1,181.16,145.05
2005-08-21,2005,8,21,233,72.51,37.1,25.9,98.0,100.0,4.7,35.0,998.6,26.0,1.0,1,176.27,144.59
2005-08-22,2005,8,22,234,58.31,35.4,24.6,95.0,100.0,3.0,33.6,1000.4,26.0,1.0,1,132.23,141.26
2005-08-23,2005,8,23,235,64.93,38.0,25.4,98.0,100.0,3.2,27.7,1002.1,26.0,1.0,1,110.52,135.63
2005-08-24,2005,8,24,236,103.47,34.5,24.9,98.0,100.0,2.2,35.0,1003.0,26.0,1.0,1,91.43,135.0
2005-08-25,2005,8,25,237,138.38,35.7,24.8,98.0,100.0,2.4,34.1,1002.5,26.0,1.0,1,83.84,134.45
2005-08-26,2005,8,26,238,44.43,36.9,24.7,98.0,99.2,2.7,26.5,1004.2,26.0,1.0,1,80.12,134.59
2005-08-27,2005,8,27,239,127.22,34.2,28.0,98.0,100.0,3.2,34.0,1002.9,26.0,1.0,1,87.04,128.17
2005-08-28,2005,8,28,240,131.38,35.5,25.7,98.0,100.0,3.0,35.0,1001.0,26.0,1.0,1,95.45,131.15
2005-08-29,2005,8,29,241,52.37,33.7,27.1,98.0,100.0,2.7,28.2,1000.9,26.0,1.0,1,94.6,116.13
2005-08-30,2005,8,30,242,209.09,34.5,26.5,98.0,100.0,1.7,29.5,1003.3,26.0,1.0,1,115.19,121.92
2005-08-31,2005,8,31,243,42.69,38.0,26.3,98.0,100.0,0.8,25.9,1000.1,26.0,1.0,1,106.51,122.62
2005-09-01,2005,9,1,244,123.0,36.9,26.1,98.0,100.0,3.1,34.4,1001.8,26.0,1.0,1,104.31,123.92
2005-09-02,2005,9,2,245,65.82,35.8,27.9,98.0,100.0,2.7,29.2,1003.4,26.0,1.0,1,107.37,125.16
2005-09-03,2005,9,3,246,44.14,35.3,25.8,98.0,100.0,1.6,29.4,1000.4,26.0,1.0,1,95.5,122.88
2005-09-04,2005,9,4,247,167.62,32.2,23.1,98.0,100.0,3.9,33.1,1001.3,26.0,1.0,1,100.68,125.1
2005-09-05,2005,9,5,248,155.67,34.2,24.9,98.0,100.0,1.4,30.8,1002.3,26.0,1.0,1,115.43,117.28
2005-09-06,2005,9,6,249,35.37,35.7,23.8,98.0,98.5,2.2,29.3,1002.7,26.0,1.0,1,90.62,113.6
2005-09-07,2005,9,7,250,211.21,33.6,23.3,98.0,100.0,1.9,35.0,1003.1,26.0,1.0,1,114.69,118.4
2005-09-08,2005,9,8,251,149.66,34.7,25.4,98.0,100.0,1.6,35.0,1002.4,26.0,1.0,1,118.5,120.23
2005-09-09,2005,9,9,252,155.25,32.5,22.3,98.0,100.0,1.7,29.2,1002.1,26.0,1.0,1,131.27,124.33
2005-09-10,2005,9,10,253,54.09,32.3,24.9,98.0,100.0,1.6,27.2,1001.7,26.0,1.0,1,132.7,122.27
2005-09-11,2005,9,11,254,288.83,37.2,22.7,98.0,100.0,1.5,35.0,1004.6,26.0,1.0,1,150.01,127.83
2005-09-12,2005,9,12,255,136.54,36.8,24.3,98.0,100.0,2.5,33.9,1000.7,26.0,1.0,1,147.28,130.0
2005-09-13,2005,9,13,256,131.07,33.4,25.4,98.0,100.0,2.7,35.0,1004.3,26.0,1.0,1,160.95,130.81
2005-09-14,2005,9,14,257,145.44,32.2,23.6,98.0,100.0,1.5,31.9,1002.3,26.0,1.0,1,151.55,123.44
2005-09-15,2005,9,15,258,167.71,31.9,22.9,98.0,100.0,1.6,31.6,1002.0,26.0,1.0,1,154.13,121.8
2005-09-16,2005,9,16,259,86.99,33.8,23.8,98.0,100.0,2.3,33.2,1002.7,26.0,1.0,1,144.38,116.8
2005-09-17,2005,9,17,260,239.81,35.9,24.9,98.0,100.0,2.2,34.8,1000.6,26.0,1.0,1,170.91,118.41
2005-09-18,2005,9,18,261,190.41,31.8,24.4,98.0,100.0,2.1,35.0,1004.1,26.0,1.0,1,156.85,122.41
2005-09-19,2005,9,19,262,19.97,33.1,23.8,98.0,100.0,2.2,26.4,1003.5,26.0,1.0,1,140.2,120.45
2005-09-20,2005,9,20,263,59.0,32.9,22.8,98.0,100.0,2.5,33.2,1001.2,26.0,1.0,1,129.9,120.0
2005-09-21,2005,9,21,264,273.94,35.0,23.3,98.0,100.0,2.9,35.0,1003.3,26.0,1.0,1,148.26,127.18
2005-09-22,2005,9,22,265,189.41,32.8,24.5,98.0,100.0,1.5,33.0,1001.2,26.0,1.0,1,151.36,131.33
2005-09-23,2005,9,23,266,75.25,30.1,23.4,98.0,100.0,2.2,35.0,1000.4,26.0,1.0,1,149.68,130.39
2005-09-24,2005,9,24,267,127.98,33.2,23.8,98.0,100.0,1.6,33.2,1002.9,26.0,1.0,1,133.71,130.05
2005-09-25,2005,9,25,268,22.67,32.2,23.0,98.0,100.0,0.4,23.5,1002.0,26.0,1.0,1,109.75,129.32
2005-09-26,2005,9,26,269,89.62,30.5,21.9,98.0,100.0,1.2,35.0,1002.1,26.0,1.0,1,119.7,128.07
2005-09-27,2005,9,27,270,254.44,33.3,25.6,98.0,100.0,3.4,34.2,1004.4,26.0,1.0,1,147.62,132.17
2005-09-28,2005,9,28,271,103.38,31.1,24.0,98.0,100.0,2.7,35.0,1003.6,26.0,1.0,1,123.25,133.87
2005-09-29,2005,9,29,272,123.87,31.9,23.3,98.0,100.0,0.3,34.0,1003.9,26.0,1.0,1,113.89,131.03
2005-09-30,2005,9,30,273,114.93,31.5,22.7,98.0,100.0,1.4,32.7,1000.5,26.0,1.0,1,119.56,133.44
2005-10-01,2005,10,1,274,12.44,30.7,24.5,93.2,93.8,2.4,23.5,1003.1,26.0,1.0,1,103.05,129.75
2005-10-02,2005,10,2,275,52.98,29.8,21.8,98.0,100.0,1.9,31.8,1003.7,26.0,1.0,1,107.38,129.32
2005-10-03,2005,10,3,276,15.97,31.7,23.4,94.5,100.0,1.4,26.4,1005.0,26.0,1.0,1,96.86,128.38
2005-10-04,2005,10,4,277,48.47,28.9,22.6,98.0,100.0,2.5,27.1,1002.2,26.0,1.0,1,67.43,124.41
2005-10-05,2005,10,5,278,23.13,32.0,22.1,94.7,98.0,3.3,26.9,1000.0,26.0,1.0,1,55.97,119.99
2005-10-06,2005,10,6,279,15.02,29.2,22.0,98.0,97.7,3.0,23.8,1004.1,26.0,1.0,1,40.42,119.32
2005-10-07,2005,10,7,280,22.99,28.6,23.8,98.0,90.8,2.3,25.9,1003.7,26.0,1.0,1,27.29,113.04
2005-10-08,2005,10,8,281,16.55,32.3,19.9,98.0,100.0,0.7,24.6,1002.6,26.0,1.0,1,27.87,108.6
2005-10-09,2005,10,9,282,16.7,30.2,24.0,98.0,100.0,2.3,26.5,1003.6,26.0,1.0,1,22.69,103.99
2005-10-10,2005,10,10,283,43.18,27.1,23.2,98.0,100.0,0.6,31.4,999.6,26.0,1.0,1,26.58,103.62
2005-10-11,2005,10,11,284,20.73,29.8,21.9,93.5,100.0,2.4,26.0,1004.2,26.0,1.0,1,22.61,94.69
2005-10-12,2005,10,12,285,66.16,30.6,21.5,98.0,100.0,3.0,35.0,1003.3,26.0,1.0,1,28.76,92.34
2005-10-13,2005,10,13,286,24.51,30.5,21.7,98.0,100.0,2.2,30.8,1000.9,26.0,1.0,1,30.12,88.79
2005-10-14,2005,10,14,287,19.54,28.2,22.1,97.1,100.0,0.9,27.2,1005.1,26.0,1.0,1,29.62,84.59
2005-10-15,2005,10,15,288,10.77,28.3,23.0,91.2,100.0,1.0,26.9,1000.3,26.0,1.0,1,28.8,79.36
2005-10-16,2005,10,16,289,19.04,29.4,22.0,85.7,97.1,2.1,22.3,1003.1,26.0,1.0,1,29.13,77.1
2005-10-17,2005,10,17,290,19.02,30.5,21.6,98.0,100.0,3.2,25.3,1004.9,26.0,1.0,1,25.68,69.74
2005-10-18,2005,10,18,291,9.43,26.9,21.2,98.0,100.0,1.9,19.9,1007.5,26.0,1.0,1,24.07,63.7
2005-10-19,2005,10,19,292,20.93,26.8,18.9,98.0,100.0,0.9,25.6,1000.3,26.0,1.0,1,17.61,63.74
2005-10-20,2005,10,20,293,5.95,30.6,19.0,91.6,92.0,2.5,22.1,1004.4,26.0,1.0,1,14.95,61.97
2005-10-21,2005,10,21,294,21.94,30.3,22.2,94.4,97.1,3.7,25.7,1002.2,26.0,1.0,1,15.3,53.57
2005-10-22,2005,10,22,295,18.71,26.9,21.4,96.2,100.0,0.6,23.7,1002.5,25.6,1.0,1,16.43,47.88
2005-10-23,2005,10,23,296,1.83,27.6,21.7,94.9,92.3,3.6,22.1,1004.5,26.0,1.0,1,13.97,45.43
2005-10-24,2005,10,24,297,5.83,31.2,21.6,93.4,85.3,2.9,24.4,1004.7,26.0,1.0,1,12.09,41.36
2005-10-25,2005,10,25,298,37.82,29.2,21.3,90.5,100.0,2.1,25.4,1007.1,26.0,1.0,1,16.14,41.86
2005-10-26,2005,10,26,299,23.87,27.7,21.5,98.0,100.0,2.5,25.8,1004.7,26.0,1.0,1,16.56,39.67
2005-10-27,2005,10,27,300,2.06,29.3,19.3,91.9,92.4,1.9,23.5,1001.3,26.0,1.0,1,16.01,31.26
2005-10-28,2005,10,28,301,19.13,26.8,20.9,90.9,96.9,2.9,23.6,1001.1,24.9,1.0,1,15.61,28.45
2005-10-29,2005,10,29,302,20.99,27.6,20.7,97.9,100.0,2.1,21.7,1003.8,26.0,1.0,1,15.93,25.02
2005-10-30,2005,10,30,303,8.9,26.8,21.7,92.5,86.8,4.1,23.4,1001.4,24.7,1.0,1,16.94,21.49
2005-10-31,2005,10,31,304,91.39,28.2,16.0,98.0,100.0,2.0,35.0,1000.1,26.0,1.0,1,29.17,24.12
2005-11-01,2005,11,1,305,2.68,28.0,22.8,84.8,90.9,4.1,23.4,1003.6,25.1,1.0,1,24.15,22.44
2005-11-02,2005,11,2,306,20.26,27.2,20.8,93.7,100.0,0.3,22.7,1004.1,25.7,1.0,1,23.63,22.58
2005-11-03,2005,11,3,307,10.63,27.5,20.0,85.3,86.7,3.5,21.7,1005.6,24.4,1.0,1,24.85,21.32
2005-11-04,2005,11,4,308,30.75,28.3,18.5,98.0,100.0,1.9,24.5,1000.5,26.0,1.0,1,26.51,21.58
2005-11-05,2005,11,5,309,9.73,27.2,19.2,87.7,89.8,1.8,18.7,999.9,24.5,1.0,1,24.91,21.4
2005-11-06,2005,11,6,310,13.34,26.7,19.9,96.7,95.4,3.1,29.0,1005.1,25.8,1.0,1,25.54,21.08
2005-11-07,2005,11,7,311,15.58,26.9,21.4,95.2,88.2,1.9,24.2,1004.4,26.0,1.0,1,14.71,21.05
2005-11-08,2005,11,8,312,23.24,27.9,21.1,93.0,95.4,2.7,27.3,1002.7,26.0,1.0,1,17.65,21.26
2005-11-09,2005,11,9,313,19.59,24.6,19.9,90.5,86.8,2.6,23.6,1002.3,23.2,1.0,1,17.55,20.48
2005-11-10,2005,11,10,314,31.48,26.5,20.0,96.7,100.0,3.4,21.6,1002.3,26.0,1.0,1,20.53,20.84
2005-11-11,2005,11,11,315,19.64,22.9,19.3,97.5,82.1,3.9,25.8,1002.6,23.0,1.0,1,18.94,19.29
2005-11-12,2005,11,12,316,215.22,25.2,17.7,98.0,100.0,2.1,35.0,1001.2,25.0,1.0,1,48.3,25.64
2005-11-13,2005,11,13,317,18.18,28.4,17.9,94.7,89.5,4.0,20.4,1005.2,26.0,1.0,1,48.99,25.6
2005-11-14,2005,11,14,318,44.66,24.2,19.9,96.4,100.0,1.6,22.6,998.3,23.8,1.0,1,53.14,26.73
2005-11-15,2005,11,15,319,21.34,22.9,19.6,96.1,100.0,2.0,24.4,1004.5,21.3,1.0,1,52.87,26.8
2005-11-16,2005,11,16,320,20.16,23.8,17.9,86.2,90.3,1.5,29.6,1001.0,21.8,1.0,1,52.95,26.84
2005-11-17,2005,11,17,321,18.61,26.1,17.6,92.7,88.9,2.7,23.3,998.7,24.7,1.0,1,51.12,27.15
2005-11-18,2005,11,18,322,34.86,24.8,19.3,95.0,97.3,1.9,23.0,1003.3,24.0,1.0,1,53.29,27.61
2005-11-19,2005,11,19,323,11.17,23.4,18.0,84.2,90.5,1.0,25.7,1004.8,20.0,1.0,1,24.14,27.79
2005-11-20,2005,11,20,324,47.61,26.6,17.4,94.8,90.8,2.9,26.5,1001.9,26.0,1.02,1,28.34,28.64
2005-11-21,2005,11,21,325,1.0,25.3,18.7,91.3,91.9,3.5,18.4,1005.5,23.4,1.0,1,22.11,28.05
2005-11-22,2005,11,22,326,5.8,22.8,19.0,88.7,68.8,5.4,22.3,1000.2,20.4,1.0,1,19.89,28.18
2005-11-23,2005,11,23,327,22.46,24.1,16.8,95.3,89.6,3.6,25.9,1004.9,23.8,1.0,1,20.22,28.74
2005-11-24,2005,11,24,328,29.42,27.6,17.6,91.0,90.3,3.1,19.1,1000.2,25.4,1.0,1,21.76,28.46
2005-11-25,2005,11,25,329,19.27,23.8,18.9,83.6,72.5,4.3,23.7,1004.5,21.5,1.0,1,19.53,28.3
2005-11-26,2005,11,26,330,11.3,22.0,19.8,93.7,86.4,1.5,17.7,1003.4,21.8,1.0,1,19.55,28.61
2005-11-27,2005,11,27,331,5.92,24.8,18.2,82.5,75.0,3.3,17.1,1004.3,22.1,1.0,1,13.6,28.17
2005-11-28,2005,11,28,332,21.08,24.6,17.2,88.8,87.7,2.8,24.4,999.3,22.2,1.0,1,16.46,28.18
2005-11-29,2005,11,29,333,8.77,25.9,16.7,80.7,79.9,3.1,19.6,1007.7,22.3,1.0,1,16.89,28.17
2005-11-30,2005,11,30,334,73.97,23.2,17.7,98.0,100.0,0.8,27.4,1004.7,22.9,1.0,1,24.25,27.59
2005-12-01,2005,12,1,335,0.16,24.4,17.6,83.2,71.3,6.6,21.4,1003.2,20.7,1.0,0,20.07,27.51
2005-12-02,2005,12,2,336,0.0,24.0,16.0,81.1,75.0,5.2,20.3,1007.7,20.6,1.0,0,17.31,26.83
2005-12-03,2005,12,3,337,0.13,23.5,16.0,83.9,84.4,4.8,18.5,1004.0,19.7,1.0,0,15.72,26.48
2005-12-04,2005,12,4,338,0.0,24.0,16.0,79.7,78.5,3.2,16.7,1004.1,20.2,1.0,0,14.87,25.46
2005-12-05,2005,12,5,339,0.27,24.3,17.4,78.6,73.6,4.1,16.6,1002.3,20.3,1.0,0,11.9,25.14
2005-12-06,2005,12,6,340,0.0,24.1,18.6,75.9,61.6,5.0,13.4,1004.6,19.6,1.0,0,10.65,24.7
2005-12-07,2005,12,7,341,1.03,24.6,18.4,75.7,48.3,5.2,23.2,1004.8,20.6,1.0,0,0.23,24.21
2005-12-08,2005,12,8,342,0.0,22.0,16.0,84.5,56.7,6.2,18.4,1003.2,18.8,1.0,0,0.2,23.44
2005-12-09,2005,12,9,343,1.21,22.0,16.1,85.6,78.2,3.3,14.7,1006.0,19.5,1.0,0,0.38,22.82
2005-12-10,2005,12,10,344,0.0,23.3,16.0,72.9,59.4,5.2,23.7,1008.1,18.1,1.0,0,0.36,21.77
2005-12-11,2005,12,11,345,0.0,23.1,17.2,79.2,58.3,5.1,16.7,1006.3,20.6,1.0,0,0.36,21.12
2005-12-12,2005,12,12,346,0.0,22.0,18.1,79.6,63.0,5.2,19.3,1001.6,17.0,1.11,0,0.32,13.95
2005-12-13,2005,12,13,347,1.34,22.3,18.3,77.0,65.7,5.6,15.6,1001.9,17.7,1.0,0,0.51,13.38
2005-12-14,2005,12,14,348,0.0,22.0,16.1,75.4,65.8,4.2,16.6,1005.4,18.0,1.0,0,0.36,11.9
2005-12-15,2005,12,15,349,0.0,23.6,17.0,78.9,60.5,5.2,16.6,1006.9,18.9,1.0,0,0.36,11.18
2005-12-16,2005,12,16,350,0.79,22.0,16.0,75.8,71.9,4.1,18.3,1004.4,18.2,1.0,0,0.3,10.54
2005-12-17,2005,12,17,351,0.0,22.9,16.9,78.1,63.2,5.1,20.0,1005.1,18.9,1.0,0,0.3,9.92
2005-12-18,2005,12,18,352,0.0,24.1,16.0,73.4,60.1,4.8,15.3,1005.1,18.9,1.0,0,0.3,8.76
2005-12-19,2005,12,19,353,0.0,22.0,16.1,75.1,55.0,6.4,15.9,1004.4,16.3,1.0,0,0.3,8.38
2005-12-20,2005,12,20,354,0.0,22.0,16.0,76.1,78.0,3.7,20.5,1005.9,17.7,1.0,0,0.11,6.8
2005-12-21,2005,12,21,355,0.0,22.0,16.0,75.6,60.3,5.3,17.5,1005.6,17.7,1.0,0,0.11,6.76
2005-12-22,2005,12,22,356,0.0,22.0,16.2,81.3,68.3,5.0,15.7,1006.8,17.6,1.0,0,0.11,6.57
2005-12-23,2005,12,23,357,0.0,22.4,17.0,74.2,61.3,5.3,18.9,1002.9,17.6,1.0,0,0.0,5.82
2005-12-24,2005,12,24,358,0.0,22.0,16.8,79.9,72.2,3.6,14.8,1001.5,18.6,1.0,0,0.0,4.84
2005-12-25,2005,12,25,359,0.0,24.7,16.0,64.0,47.0,7.0,14.1,1005.0,17.3,1.0,0,0.0,4.2
2005-12-26,2005,12,26,360,1.89,22.0,16.0,76.6,64.4,5.2,16.5,1003.9,18.3,1.01,0,0.27,3.89
2005-12-27,2005,12,27,361,0.0,22.0,16.4,67.0,51.8,4.8,15.5,1003.7,15.6,1.08,0,0.27,3.69
2005-12-28,2005,12,28,362,0.0,22.3,16.0,80.1,61.8,6.1,13.8,1003.1,18.7,1.0,0,0.27,2.99
2005-12-29,2005,12,29,363,0.21,22.0,16.0,83.1,58.6,4.6,15.9,1006.7,19.1,1.0,0,0.3,2.7
2005-12-30,2005,12,30,364,0.0,24.2,16.0,74.5,71.8,4.3,10.1,1004.8,18.0,1.0,0,0.3,0.23
2005-12-31,2005,12,31,365,0.0,22.0,16.0,81.2,58.4,5.4,13.1,1009.5,18.4,1.0,0,0.3,0.23
2006-01-01,2006,1,1,1,0.36,22.0,17.9,71.1,41.4,7.5,10.4,1004.4,15.7,1.0,0,0.35,0.24
2006-01-02,2006,1,2,2,0.92,23.0,17.0,78.2,56.0,5.5,11.0,1003.5,18.5,1.0,0,0.21,0.27
2006-01-03,2006,1,3,3,0.0,23.5,16.4,77.0,56.7,6.1,9.3,1006.8,19.1,1.0,0,0.21,0.27
2006-01-04,2006,1,4,4,0.47,22.0,17.5,72.9,54.3,7.1,13.7,1009.0,16.4,1.0,0,0.28,0.27
2006-01-05,2006,1,5,5,0.0,22.1,16.4,73.0,42.5,6.9,12.3,1004.0,17.6,1.0,0,0.25,0.27
2006-01-06,2006,1,6,6,0.0,25.2,16.0,74.1,43.2,6.9,14.9,1006.7,20.0,1.0,0,0.25,0.24
2006-01-07,2006,1,7,7,0.0,22.0,18.4,73.4,66.7,4.3,15.0,1002.5,16.9,1.0,0,0.25,0.24
2006-01-08,2006,1,8,8,0.0,22.2,18.5,73.7,49.6,6.8,17.4,1004.5,17.4,1.0,0,0.2,0.2
2006-01-09,2006,1,9,9,0.0,23.5,16.0,80.6,53.4,6.0,11.2,1002.6,20.2,1.0,0,0.07,0.2
2006-01-10,2006,1,10,10,0.0,22.7,16.7,79.8,70.2,4.6,13.9,1005.8,19.5,1.0,0,0.07,0.2
2006-01-11,2006,1,11,11,2.87,22.0,16.6,76.3,58.5,4.8,12.8,1004.3,18.2,1.0,0,0.41,0.3
2006-01-12,2006,1,12,12,0.24,22.0,17.4,79.7,52.2,6.4,14.2,1003.5,17.3,1.0,0,0.44,0.26
2006-01-13,2006,1,13,13,0.45,22.0,16.0,66.9,47.6,5.4,13.7,1007.0,16.0,1.0,0,0.51,0.27
2006-01-14,2006,1,14,14,0.0,22.0,18.0,74.1,64.6,5.5,11.8,1002.6,17.7,1.0,0,0.51,0.27
2006-01-15,2006,1,15,15,0.0,23.7,16.0,74.0,43.0,6.7,12.4,1009.2,19.9,1.0,0,0.51,0.25
2006-01-16,2006,1,16,16,0.0,23.3,16.3,68.7,51.6,6.1,8.3,1006.2,17.2,1.0,0,0.51,0.25
2006-01-17,2006,1,17,17,0.0,24.8,16.0,78.7,54.9,6.2,13.9,1006.9,20.9,1.0,0,0.51,0.25
2006-01-18,2006,1,18,18,0.0,23.5,16.0,76.3,48.3,5.9,6.5,1007.5,19.4,1.0,0,0.1,0.25
2006-01-19,2006,1,19,19,0.0,22.0,16.0,71.7,40.6,6.7,13.5,1006.7,17.9,1.0,0,0.06,0.25
2006-01-20,2006,1,20,20,0.0,22.0,16.0,66.5,45.1,9.0,7.8,1001.4,15.5,1.0,0,0.0,0.25
2006-01-21,2006,1,21,21,0.0,24.3,17.5,63.0,39.7,7.6,14.0,1001.7,16.8,1.0,0,0.0,0.25
2006-01-22,2006,1,22,22,0.0,23.1,16.5,64.7,45.8,7.7,13.1,1003.0,16.3,1.0,0,0.0,0.25
2006-01-23,2006,1,23,23,4.87,23.4,19.0,77.4,34.3,7.6,10.5,1003.6,18.6,1.0,0,0.7,0.41
2006-01-24,2006,1,24,24,13.17,23.1,16.3,72.6,72.5,4.2,7.6,1006.4,18.4,1.0,0,2.58,0.85
2006-01-25,2006,1,25,25,0.95,24.1,16.0,73.2,48.0,6.2,12.7,1002.1,18.8,1.0,0,2.71,0.82
2006-01-26,2006,1,26,26,0.0,22.0,16.0,69.4,44.4,8.3,6.9,1003.0,16.1,1.0,0,2.71,0.82
2006-01-27,2006,1,27,27,0.0,22.0,16.5,59.6,51.9,6.6,13.7,1003.8,13.8,1.0,0,2.71,0.82
2006-01-28,2006,1,28,28,0.0,22.0,17.1,66.4,33.2,8.0,6.9,1005.2,16.4,1.0,0,2.71,0.81
2006-01-29,2006,1,29,29,0.0,23.0,16.3,63.4,30.7,9.0,6.5,1006.1,15.5,1.0,0,2.71,0.81
2006-01-30,2006,1,30,30,0.0,22.0,16.0,70.4,36.7,7.4,9.8,1003.0,17.0,1.0,0,2.02,0.81
2006-01-31,2006,1,31,31,0.23,24.3,17.9,70.5,56.3,4.9,6.2,1008.1,17.5,1.0,0,0.17,0.81
2006-02-01,2006,2,1,32,0.0,22.6,18.3,65.9,35.4,9.0,9.8,1006.1,16.3,1.0,0,0.03,0.78
2006-02-02,2006,2,2,33,0.0,26.2,16.4,72.6,61.1,5.3,5.1,1005.5,21.5,1.0,0,0.03,0.78
2006-02-03,2006,2,3,34,0.0,25.3,18.7,70.5,33.4,8.6,11.0,1005.3,20.0,1.0,0,0.03,0.76
2006-02-04,2006,2,4,35,0.67,23.0,16.4,64.6,13.5,10.1,7.8,1002.0,15.6,1.0,0,0.13,0.78
2006-02-05,2006,2,5,36,0.42,22.0,18.3,68.2,22.3,9.7,16.2,1004.7,16.1,1.03,0,0.19,0.8
2006-02-06,2006,2,6,37,0.0,24.0,16.0,62.4,37.1,6.4,10.3,1005.2,16.8,1.0,0,0.19,0.8
2006-02-07,2006,2,7,38,0.0,22.0,19.9,64.0,37.9,7.2,10.6,1006.6,14.6,1.0,0,0.16,0.8
2006-02-08,2006,2,8,39,0.38,22.0,16.0,67.8,37.3,6.5,10.0,1006.5,15.3,1.0,0,0.21,0.81
2006-02-09,2006,2,9,40,0.0,22.5,16.0,65.2,24.3,10.6,5.0,1007.9,16.0,1.0,0,0.21,0.81
2006-02-10,2006,2,10,41,2.52,22.6,19.9,60.3,20.9,9.7,10.6,1005.3,14.1,1.0,0,0.57,0.8
2006-02-11,2006,2,11,42,0.0,24.1,16.0,66.3,20.8,9.4,5.0,1002.6,17.5,1.0,0,0.47,0.79
2006-02-12,2006,2,12,43,0.0,23.8,17.0,63.1,27.9,8.2,15.8,1007.4,16.8,1.0,0,0.41,0.77
2006-02-13,2006,2,13,44,2.18,22.0,16.8,62.1,33.0,9.3,5.0,1008.1,13.8,1.0,0,0.73,0.85
2006-02-14,2006,2,14,45,0.0,23.1,17.5,59.7,38.4,9.3,5.0,1006.2,14.7,1.0,0,0.73,0.85
2006-02-15,2006,2,15,46,6.19,22.0,17.8,65.9,40.1,8.0,11.8,1007.7,15.0,1.0,0,1.56,1.05
2006-02-16,2006,2,16,47,1.44,24.3,17.3,65.4,32.0,8.7,11.5,1005.4,17.5,1.0,0,1.76,1.1
2006-02-17,2006,2,17,48,0.46,22.0,18.5,62.8,50.1,6.9,13.0,1004.1,14.8,1.0,0,1.47,1.12
2006-02-18,2006,2,18,49,7.71,23.5,19.4,68.0,33.5,8.0,14.0,1003.2,17.3,1.0,0,2.57,1.37
2006-02-19,2006,2,19,50,0.0,23.0,17.1,62.2,9.5,10.7,5.7,1002.3,15.9,1.0,0,2.57,1.37
2006-02-20,2006,2,20,51,0.0,24.8,16.0,65.4,18.2,8.5,5.0,1004.6,18.0,1.0,0,2.26,1.37
2006-02-21,2006,2,21,52,0.0,22.9,17.1,62.3,27.8,8.2,9.3,1002.6,15.2,1.0,0,2.26,1.37
2006-02-22,2006,2,22,53,0.0,22.9,18.3,56.2,14.8,10.6,5.1,1009.9,13.8,1.0,0,1.37,1.21
2006-02-23,2006,2,23,54,0.0,24.9,18.2,57.8,35.8,8.0,6.8,1003.2,16.2,1.0,0,1.17,0.77
2006-02-24,2006,2,24,55,0.0,25.1,19.1,60.4,27.0,10.1,8.0,1007.2,17.9,1.0,0,1.1,0.74
2006-02-25,2006,2,25,56,0.48,22.9,20.4,67.6,39.4,6.9,12.4,1002.0,16.8,1.0,0,0.07,0.76
2006-02-26,2006,2,26,57,1.63,25.5,18.5,59.2,27.1,10.0,10.1,1004.0,16.4,1.0,0,0.3,0.81
2006-02-27,2006,2,27,58,0.0,28.4,17.8,63.6,6.5,10.7,6.6,1004.6,20.6,1.0,0,0.3,0.81
2006-02-28,2006,2,28,59,0.0,24.1,17.5,63.6,37.8,7.5,5.2,1004.4,16.3,1.0,0,0.3,0.81
2006-03-01,2006,3,1,60,29.87,23.1,18.2,66.4,35.3,7.8,8.8,1002.9,16.2,1.0,0,4.57,1.81
2006-03-02,2006,3,2,61,8.97,25.1,19.5,64.5,28.3,8.4,16.1,1006.0,17.9,1.05,0,5.85,2.1
2006-03-03,2006,3,3,62,0.0,23.1,17.9,62.2,28.0,9.5,6.7,1008.4,15.6,1.0,0,5.85,2.1
2006-03-04,2006,3,4,63,9.09,24.9,19.4,64.3,26.7,8.7,10.6,1004.6,17.1,1.0,0,7.08,2.4
2006-03-05,2006,3,5,64,14.15,24.6,17.4,69.2,36.1,6.8,13.2,1003.2,19.4,1.0,0,8.87,2.87
2006-03-06,2006,3,6,65,0.0,26.5,18.8,63.4,26.1,9.5,8.0,1003.0,18.2,1.0,0,8.87,2.85
2006-03-07,2006,3,7,66,5.54,22.9,17.0,64.5,25.8,9.6,11.2,1004.2,15.8,1.0,0,9.66,3.02
2006-03-08,2006,3,8,67,0.0,23.3,18.3,64.7,13.0,10.5,6.4,1002.2,15.3,1.0,0,5.39,3.02
2006-03-09,2006,3,9,68,0.0,26.4,20.8,60.9,22.7,9.7,10.9,1004.6,18.3,1.0,0,4.11,3.02
2006-03-10,2006,3,10,69,0.0,26.7,19.5,61.3,21.4,9.7,11.1,1009.8,19.0,1.0,0,4.11,3.01
2006-03-11,2006,3,11,70,16.34,22.8,19.1,68.2,36.1,8.9,7.0,1006.9,16.8,1.04,0,5.15,3.55
2006-03-12,2006,3,12,71,10.05,28.5,19.6,60.6,31.1,10.0,8.4,1004.7,20.2,1.06,0,4.56,3.8
2006-03-13,2006,3,13,72,0.15,27.6,20.0,63.0,21.3,8.9,8.9,1007.1,20.4,1.12,0,4.58,3.81
2006-03-14,2006,3,14,73,0.0,25.4,19.9,58.1,18.7,11.6,8.4,1003.9,17.2,1.0,0,3.79,3.81
2006-03-15,2006,3,15,74,7.85,26.7,19.9,63.1,34.6,9.6,8.5,1002.5,19.3,1.0,0,4.91,4.0
2006-03-16,2006,3,16,75,6.26,23.7,18.5,65.4,31.3,8.6,10.5,1002.7,17.2,1.0,0,5.81,4.21
2006-03-17,2006,3,17,76,3.65,27.8,18.0,63.9,18.6,10.3,12.3,1004.2,19.6,1.0,0,6.33,4.12
2006-03-18,2006,3,18,77,0.0,25.6,20.7,55.0,8.1,12.2,5.0,1007.1,16.2,1.0,0,3.99,4.07
2006-03-19,2006,3,19,78,12.35,26.5,18.4,59.7,38.7,8.7,6.5,1001.5,18.0,1.0,0,4.32,4.47
2006-03-20,2006,3,20,79,0.0,27.0,20.5,56.2,27.0,9.8,5.0,1006.2,17.3,1.26,0,4.3,4.21
2006-03-21,2006,3,21,80,1.97,29.1,21.3,61.9,29.4,9.9,11.3,1006.6,21.1,1.03,0,4.58,4.28
2006-03-22,2006,3,22,81,0.0,28.1,19.0,65.4,14.0,9.4,7.5,1005.5,21.7,1.0,0,3.46,4.28
2006-03-23,2006,3,23,82,0.37,27.0,19.5,58.4,26.8,8.6,6.4,1003.6,18.1,1.0,0,2.62,4.29
2006-03-24,2006,3,24,83,0.0,26.8,20.2,56.3,12.4,10.7,6.2,1005.8,16.9,1.0,0,2.1,4.29
2006-03-25,2006,3,25,84,20.89,28.2,19.4,63.8,36.8,9.2,6.2,1003.4,20.0,1.0,0,5.08,4.99
2006-03-26,2006,3,26,85,12.18,27.8,19.5,66.8,26.1,10.9,10.1,1005.2,21.3,1.0,0,5.06,5.39
2006-03-27,2006,3,27,86,0.42,27.7,20.0,64.5,11.8,11.4,11.5,1007.4,20.4,1.03,0,5.12,5.39
2006-03-28,2006,3,28,87,5.45,28.2,19.8,66.6,26.5,9.0,10.0,1002.1,21.0,1.12,0,5.62,5.52
2006-03-29,2006,3,29,88,0.0,28.0,21.4,57.3,24.2,9.6,5.0,1005.9,18.6,1.03,0,5.62,5.52
2006-03-30,2006,3,30,89,0.0,26.1,21.0,55.0,24.9,9.0,5.0,1006.2,17.2,1.0,0,5.56,5.52
2006-03-31,2006,3,31,90,0.0,28.5,19.3,60.3,20.6,9.6,8.7,1006.0,20.1,1.4,0,5.56,4.52
2006-04-01,2006,4,1,91,0.0,28.7,23.2,65.9,6.8,10.8,5.0,1006.0,21.4,1.0,0,2.58,4.22
2006-04-02,2006,4,2,92,0.51,29.1,20.9,62.0,33.0,9.2,5.7,1004.3,20.9,1.0,0,0.91,4.24
2006-04-03,2006,4,3,93,0.0,27.5,21.2,55.0,25.1,9.9,5.0,1002.9,17.1,1.0,0,0.85,3.94
2006-04-04,2006,4,4,94,20.41,28.0,20.8,67.2,30.3,9.9,10.8,999.9,21.0,1.0,0,2.99,4.15
2006-04-05,2006,4,5,95,0.0,31.8,21.5,56.0,30.5,9.3,5.0,1007.1,21.9,1.12,0,2.99,4.15
2006-04-06,2006,4,6,96,0.0,28.3,20.5,61.4,10.5,10.8,14.2,1005.0,20.0,1.48,0,2.99,3.96
2006-04-07,2006,4,7,97,3.12,30.4,20.1,61.5,19.1,10.6,5.0,1005.4,22.6,1.0,0,3.43,4.07
2006-04-08,2006,4,8,98,0.0,28.5,21.4,59.1,28.5,10.3,5.0,1005.3,19.5,1.0,0,3.43,4.07
2006-04-09,2006,4,9,99,0.1,27.0,23.6,57.8,37.9,8.9,13.7,1004.7,17.6,1.0,0,3.38,4.07
2006-04-10,2006,4,10,100,10.11,29.8,22.7,66.3,23.1,10.9,6.4,1006.1,23.2,1.0,0,4.82,3.86
2006-04-11,2006,4,11,101,4.62,31.1,23.6,67.2,11.4,11.3,8.2,1003.9,23.5,1.19,0,2.56,3.68
2006-04-12,2006,4,12,102,0.0,29.8,21.5,66.9,30.1,8.0,11.7,1006.5,22.6,1.0,0,2.56,3.68
2006-04-13,2006,4,13,103,0.0,27.4,21.3,62.1,33.0,9.6,5.0,1004.8,19.1,1.0,0,2.56,3.68
2006-04-14,2006,4,14,104,23.4,27.2,21.8,73.7,20.8,10.8,6.8,998.6,21.6,1.17,0,5.46,4.19
2006-04-15,2006,4,15,105,4.69,32.4,23.1,58.7,21.4,11.4,5.8,1003.3,22.9,1.09,0,6.13,4.14
2006-04-16,2006,4,16,106,5.52,30.8,23.8,61.8,32.9,8.3,5.3,1006.7,21.6,1.0,0,6.91,4.2
2006-04-17,2006,4,17,107,3.48,31.9,22.3,58.5,34.3,9.0,15.9,1002.8,22.6,1.12,0,5.96,4.32
2006-04-18,2006,4,18,108,12.36,31.4,21.1,63.9,14.7,10.9,11.0,1005.1,22.9,1.76,0,7.06,4.32
2006-04-19,2006,4,19,109,4.56,29.5,24.0,58.9,21.2,9.9,8.3,1005.2,20.7,1.16,0,7.72,4.47
2006-04-20,2006,4,20,110,0.62,31.0,24.3,67.8,22.1,8.9,8.7,1005.1,24.4,1.0,0,7.8,4.43
2006-04-21,2006,4,21,111,3.82,29.0,23.7,61.4,15.9,10.4,5.0,1005.0,21.0,1.0,0,5.01,4.55
2006-04-22,2006,4,22,112,0.0,33.1,24.9,60.6,24.3,9.6,7.9,1006.3,25.0,1.0,0,4.34,4.54
2006-04-23,2006,4,23,113,5.59,32.3,20.9,57.7,26.9,9.2,7.8,1005.0,22.5,1.71,0,4.35,4.73
2006-04-24,2006,4,24,114,6.19,33.0,22.2,56.2,39.0,8.7,10.3,1002.3,23.7,1.0,0,4.73,4.24
2006-04-25,2006,4,25,115,0.0,34.0,23.5,68.3,7.7,12.8,6.2,1007.2,25.8,1.11,0,2.97,3.83
2006-04-26,2006,4,26,116,8.44,31.6,22.3,64.3,32.2,9.7,7.2,1007.9,25.0,1.0,0,3.52,4.1
2006-04-27,2006,4,27,117,1.9,31.2,24.7,71.8,23.6,9.3,5.0,1002.2,25.6,1.0,0,3.71,3.98
2006-04-28,2006,4,28,118,0.0,32.3,22.3,61.3,15.0,11.6,15.3,1004.0,24.5,1.52,0,3.16,3.98
2006-04-29,2006,4,29,119,4.7,34.5,25.4,59.2,23.2,10.9,9.8,1007.8,25.1,1.05,0,3.83,4.14
2006-04-30,2006,4,30,120,5.02,30.4,22.9,64.5,30.3,9.8,6.4,1003.4,22.7,1.0,0,3.75,4.31
2006-05-01,2006,5,1,121,3.93,32.9,25.7,64.4,23.2,11.3,7.3,1005.6,24.7,1.43,0,3.43,4.44
2006-05-02,2006,5,2,122,10.81,34.2,23.1,67.5,29.7,9.2,7.3,1003.7,26.0,1.0,0,4.97,4.78
2006-05-03,2006,5,3,123,5.89,33.5,21.3,64.9,29.2,11.2,15.3,1007.2,26.0,1.34,0,4.61,4.98
2006-05-04,2006,5,4,124,2.72,34.8,24.4,57.9,29.5,9.6,9.0,1004.2,25.1,1.18,0,4.72,4.39
2006-05-05,2006,5,5,125,5.45,31.0,25.2,59.2,36.4,6.9,7.3,1001.1,22.5,1.0,0,5.5,4.57
2006-05-06,2006,5,6,126,4.48,35.1,23.2,69.7,30.6,11.1,12.7,1005.8,26.0,1.42,0,5.47,4.72
2006-05-07,2006,5,7,127,0.0,32.6,26.4,71.0,32.6,8.2,5.0,1007.3,26.0,1.0,0,4.75,4.61
2006-05-08,2006,5,8,128,9.69,30.6,26.2,66.3,32.9,9.0,10.0,1004.9,22.8,1.0,0,5.58,4.94
2006-05-09,2006,5,9,129,0.0,33.3,24.5,56.1,40.8,7.9,5.9,1003.4,24.0,1.0,0,4.03,4.93
2006-05-10,2006,5,10,130,6.12,32.7,25.1,71.2,38.6,8.3,8.1,1003.8,26.0,1.11,0,4.07,4.8
2006-05-11,2006,5,11,131,8.24,33.8,24.9,64.0,35.2,8.9,11.4,1004.7,26.0,1.0,0,4.85,4.92
2006-05-12,2006,5,12,132,0.0,31.9,25.7,65.4,30.3,10.1,5.7,1006.2,25.2,1.0,0,4.08,4.92
2006-05-13,2006,5,13,133,10.84,34.1,26.0,66.6,35.0,9.3,12.1,1005.5,26.0,1.02,0,4.98,5.28
2006-05-14,2006,5,14,134,3.9,33.6,23.1,64.2,16.4,10.8,6.8,1004.3,25.7,1.0,0,5.54,4.63
2006-05-15,2006,5,15,135,6.3,37.5,27.2,63.9,29.5,9.1,6.1,1005.4,26.0,1.19,0,5.06,4.69
2006-05-16,2006,5,16,136,28.5,34.9,26.7,79.5,51.9,7.1,11.5,1001.5,26.0,1.0,0,9.13,5.45
2006-05-17,2006,5,17,137,12.21,35.1,24.1,71.7,39.4,9.4,13.6,1007.0,26.0,1.0,0,10.0,5.74
2006-05-18,2006,5,18,138,6.25,34.5,27.1,69.2,35.3,9.1,12.5,1000.6,26.0,1.0,0,9.71,5.54
2006-05-19,2006,5,19,139,17.25,36.8,27.8,72.0,53.1,6.5,11.2,1007.0,26.0,1.21,0,12.18,5.96
2006-05-20,2006,5,20,140,11.92,35.8,23.5,71.9,43.6,8.5,11.8,1000.8,26.0,1.0,0,12.33,6.34
2006-05-21,2006,5,21,141,3.54,37.5,26.5,62.6,24.3,11.4,15.6,1003.6,26.0,1.92,0,12.28,6.33
2006-05-22,2006,5,22,142,0.0,36.9,26.8,68.0,23.1,9.5,13.2,1001.9,26.0,1.22,0,11.38,6.33
2006-05-23,2006,5,23,143,8.96,34.8,26.2,74.8,49.8,6.0,9.6,1005.2,26.0,1.0,0,8.59,6.44
2006-05-24,2006,5,24,144,6.63,36.6,27.3,70.1,32.4,9.2,5.7,1005.2,26.0,1.23,0,7.79,6.46
2006-05-25,2006,5,25,145,3.37,36.8,26.2,71.6,42.0,8.7,13.1,1003.5,26.0,1.19,0,7.38,6.57
2006-05-26,2006,5,26,146,1.52,37.1,26.6,65.8,43.2,9.4,9.5,1002.2,26.0,1.15,0,5.13,6.34
2006-05-27,2006,5,27,147,0.0,36.4,23.8,68.6,40.3,7.8,5.0,1006.9,26.0,1.0,0,3.43,6.27
2006-05-28,2006,5,28,148,0.0,33.9,25.3,65.6,49.7,7.3,11.3,1004.5,26.0,1.0,0,2.93,6.27
2006-05-29,2006,5,29,149,0.0,35.9,27.7,60.8,33.8,8.7,12.3,1005.1,26.0,1.05,0,2.93,6.12
2006-05-30,2006,5,30,150,19.89,36.2,25.4,73.9,50.5,8.0,11.1,1001.1,26.0,1.11,0,4.49,6.61
2006-05-31,2006,5,31,151,6.46,36.3,26.2,75.2,41.8,7.4,16.8,1005.8,26.0,1.0,0,4.46,6.7
2006-06-01,2006,6,1,152,144.77,38.0,25.0,77.6,72.7,6.3,23.1,1002.3,26.0,1.0,1,24.66,11.16
2006-06-02,2006,6,2,153,56.96,35.4,25.6,87.6,73.9,5.5,21.0,1003.2,26.0,1.0,1,32.58,12.87
2006-06-03,2006,6,3,154,216.25,36.6,26.9,81.3,85.1,3.0,20.0,1001.4,26.0,1.0,1,63.48,19.98
2006-06-04,2006,6,4,155,169.82,36.4,26.4,85.9,68.0,5.5,23.8,1003.6,26.0,1.0,1,87.74,25.46
2006-06-05,2006,6,5,156,80.55,37.6,24.4,89.0,70.4,5.6,22.3,1002.2,26.0,1.0,1,99.24,28.0
2006-06-06,2006,6,6,157,99.09,38.0,25.7,91.0,85.3,3.4,30.3,999.0,26.0,1.0,1,110.56,31.3
2006-06-07,2006,6,7,158,88.17,37.7,28.0,90.1,85.1,3.4,22.4,1003.2,26.0,1.0,1,122.23,33.92
2006-06-08,2006,6,8,159,173.63,37.6,28.0,81.6,70.4,4.9,23.5,1004.1,26.0,1.0,1,126.35,39.7
2006-06-09,2006,6,9,160,58.66,35.3,26.8,87.4,66.7,5.3,17.2,1000.6,26.0,1.0,1,126.6,41.46
2006-06-10,2006,6,10,161,75.15,34.6,27.3,81.6,78.0,3.0,28.0,1005.6,26.0,1.0,1,106.44,43.69
2006-06-11,2006,6,11,162,150.2,37.4,26.1,81.6,87.4,4.5,22.9,1000.7,26.0,1.0,1,103.64,48.69
2006-06-12,2006,6,12,163,59.47,36.8,28.0,81.3,73.0,6.2,17.2,1003.8,26.0,1.06,1,100.62,50.31
2006-06-13,2006,6,13,164,5.19,37.8,26.7,78.4,51.3,6.0,15.5,1007.8,26.0,1.0,1,87.21,50.36
2006-06-14,2006,6,14,165,41.2,36.3,25.6,80.5,57.0,6.9,21.1,1006.8,26.0,1.0,1,80.5,51.52
2006-06-15,2006,6,15,166,207.0,38.0,25.0,83.3,81.5,4.1,23.0,1000.6,26.0,1.0,1,85.27,57.47
2006-06-16,2006,6,16,167,334.0,35.5,25.0,93.1,98.0,2.4,21.3,1004.0,26.0,1.0,1,124.6,68.2
2006-06-17,2006,6,17,168,657.66,37.1,26.2,86.4,94.4,2.3,24.9,1001.8,26.0,1.0,1,207.82,89.91
2006-06-18,2006,6,18,169,84.26,36.8,28.0,88.9,77.2,4.5,23.8,1000.7,26.0,1.13,1,198.4,92.14
2006-06-19,2006,6,19,170,47.44,38.0,28.0,80.6,82.1,6.1,19.4,1003.3,26.0,1.0,1,196.68,93.33
2006-06-20,2006,6,20,171,146.23,37.2,28.0,86.0,82.2,4.9,27.0,1004.7,26.0,1.0,1,216.83,98.08
2006-06-21,2006,6,21,172,205.54,36.7,25.2,87.1,90.6,3.4,27.7,1002.4,26.0,1.0,1,240.3,104.94
2006-06-22,2006,6,22,173,52.77,37.7,26.0,83.3,65.5,4.8,21.9,999.8,26.0,1.0,1,218.27,106.4
2006-06-23,2006,6,23,174,23.08,36.5,26.0,81.2,78.0,4.3,13.9,1000.2,26.0,1.0,1,173.85,106.94
2006-06-24,2006,6,24,175,46.05,37.7,27.0,81.9,79.0,4.6,14.7,1004.3,26.0,1.0,1,86.48,108.37
2006-06-25,2006,6,25,176,178.33,37.5,26.4,88.6,93.7,2.4,26.1,1003.6,26.0,1.0,1,99.92,114.26
2006-06-26,2006,6,26,177,141.15,38.0,28.0,93.6,91.9,3.5,20.2,1003.5,26.0,1.0,1,113.31,118.97
2006-06-27,2006,6,27,178,178.68,37.1,27.1,82.8,100.0,2.4,24.3,1000.2,26.0,1.0,1,117.94,124.92
2006-06-28,2006,6,28,179,120.63,37.7,28.0,88.9,98.1,3.3,27.4,1001.3,26.0,1.0,1,105.81,128.94
2006-06-29,2006,6,29,180,122.98,38.0,28.0,87.8,100.0,1.9,27.5,1001.4,26.0,1.0,1,115.84,132.38
2006-06-30,2006,6,30,181,87.76,38.0,28.0,87.1,91.6,3.7,26.4,1000.2,26.0,1.0,1,125.08,135.09
2006-07-01,2006,7,1,182,340.97,38.0,26.7,98.0,100.0,3.0,27.3,1002.6,26.0,1.0,1,167.21,141.63
2006-07-02,2006,7,2,183,60.24,38.0,28.0,94.5,93.6,3.4,25.6,1000.9,26.0,1.0,1,150.34,141.74
2006-07-03,2006,7,3,184,83.77,36.7,26.7,88.2,92.8,3.0,23.2,1002.1,26.0,1.0,1,142.15,137.32
2006-07-04,2006,7,4,185,192.66,38.0,27.5,85.8,97.6,3.3,24.3,1001.1,26.0,1.0,1,144.14,138.08
2006-07-05,2006,7,5,186,125.83,37.7,26.6,97.4,100.0,2.0,29.1,1000.0,26.0,1.0,1,144.89,139.59
2006-07-06,2006,7,6,187,21.04,38.0,28.0,86.0,79.9,3.0,19.8,1000.2,26.0,1.0,1,130.32,136.99
2006-07-07,2006,7,7,188,30.3,38.0,28.0,82.0,68.0,5.4,19.3,1001.0,26.0,1.0,1,122.12,135.06
2006-07-08,2006,7,8,189,49.4,38.0,28.0,85.8,82.6,4.2,26.2,1003.3,26.0,1.0,1,80.46,130.92
2006-07-09,2006,7,9,190,323.95,38.0,28.0,93.0,97.6,2.1,32.3,1000.7,26.0,1.0,1,118.14,139.76
2006-07-10,2006,7,10,191,307.07,38.0,27.4,98.0,100.0,2.4,26.1,1002.6,26.0,1.0,1,150.04,147.5
2006-07-11,2006,7,11,192,145.8,38.0,27.6,91.5,100.0,1.0,31.2,1004.8,26.0,1.0,1,143.34,147.35
2006-07-12,2006,7,12,193,281.43,36.7,28.0,95.1,99.8,3.0,27.4,1002.5,26.0,1.0,1,165.57,154.75
2006-07-13,2006,7,13,194,288.17,36.9,26.6,91.2,100.0,2.9,23.3,999.9,26.0,1.0,1,203.73,164.18
2006-07-14,2006,7,14,195,92.79,38.0,28.0,95.0,100.0,2.4,29.3,1001.3,26.0,1.0,1,212.66,165.9
2006-07-15,2006,7,15,196,202.95,38.0,28.0,87.5,100.0,3.5,32.0,1004.8,26.0,1.0,1,234.59,165.76
2006-07-16,2006,7,16,197,253.43,37.5,27.6,96.9,100.0,1.7,27.2,1002.4,26.0,1.0,1,224.52,163.08
2006-07-17,2006,7,17,198,169.29,37.7,28.0,95.5,100.0,3.1,32.8,1000.8,26.0,1.0,1,204.84,146.8
2006-07-18,2006,7,18,199,81.96,35.0,28.0,90.5,100.0,2.8,28.7,1001.5,26.0,1.0,1,195.72,146.72
2006-07-19,2006,7,19,200,91.05,38.0,27.4,80.9,96.5,2.4,31.6,1005.6,26.0,1.0,1,168.52,148.18
2006-07-20,2006,7,20,201,150.93,37.5,27.2,98.0,100.0,2.3,31.8,1004.3,26.0,1.0,1,148.91,148.33
2006-07-21,2006,7,21,202,177.7,33.8,27.8,88.5,100.0,2.4,29.9,1002.4,26.0,1.0,1,161.04,147.41
2006-07-22,2006,7,22,203,134.24,38.0,28.0,98.0,100.0,2.6,35.0,1001.9,26.0,1.0,1,151.23,150.12
2006-07-23,2006,7,23,204,351.9,38.0,28.0,92.7,100.0,2.5,34.3,1003.2,26.0,1.0,1,165.3,161.08
2006-07-24,2006,7,24,205,57.02,37.4,28.0,95.5,94.5,1.9,21.4,1001.1,26.0,1.0,1,149.26,161.45
2006-07-25,2006,7,25,206,494.77,36.4,27.8,98.0,100.0,3.1,24.0,1004.2,26.0,1.0,1,208.23,172.0
2006-07-26,2006,7,26,207,158.89,38.0,25.0,98.0,100.0,3.1,31.8,1002.4,26.0,1.0,1,217.92,172.59
2006-07-27,2006,7,27,208,248.93,38.0,25.6,92.6,100.0,2.5,23.9,1000.1,26.0,1.0,1,231.92,174.93
2006-07-28,2006,7,28,209,137.88,38.0,28.0,96.9,100.0,3.2,30.5,1004.2,26.0,1.0,1,226.23,175.5
2006-07-29,2006,7,29,210,102.24,36.4,26.6,93.1,97.5,2.0,33.9,1000.7,26.0,1.0,1,221.66,174.81
2006-07-30,2006,7,30,211,324.78,36.6,28.0,93.5,100.0,3.7,32.5,998.8,26.0,1.0,1,217.79,182.71
2006-07-31,2006,7,31,212,138.8,37.0,28.0,98.0,100.0,1.7,29.3,1004.4,26.0,1.0,1,229.47,175.97
2006-08-01,2006,8,1,213,19.98,36.8,27.0,93.7,99.7,3.2,25.7,1004.3,26.0,1.0,1,161.64,174.63
2006-08-02,2006,8,2,214,60.81,38.0,26.2,98.0,99.0,2.6,27.7,1000.9,26.0,1.0,1,147.63,173.87
2006-08-03,2006,8,3,215,70.26,36.7,26.9,96.2,98.6,2.8,30.1,1006.3,26.0,1.0,1,122.11,169.79
2006-08-04,2006,8,4,216,78.66,35.9,27.3,97.3,100.0,3.4,30.3,1004.1,26.0,1.0,1,113.65,168.21
2006-08-05,2006,8,5,217,154.49,37.9,25.4,98.0,100.0,2.9,33.4,998.0,26.0,1.0,1,121.11,172.66
2006-08-06,2006,8,6,218,290.0,38.0,28.0,98.0,100.0,1.7,28.4,1000.7,26.0,1.0,1,116.14,181.32
2006-08-07,2006,8,7,219,247.15,35.9,27.8,98.0,100.0,2.8,31.4,1004.9,26.0,1.0,1,131.62,187.91
2006-08-08,2006,8,8,220,134.87,36.0,27.2,94.7,100.0,4.0,33.6,1006.8,26.0,1.0,1,148.03,181.61
2006-08-09,2006,8,9,221,94.48,36.8,27.1,88.1,100.0,3.8,35.0,1002.4,26.0,1.0,1,152.84,174.52
2006-08-10,2006,8,10,222,112.46,38.0,28.0,98.0,100.0,3.1,34.0,1003.9,26.0,1.0,1,158.87,173.41
2006-08-11,2006,8,11,223,63.95,37.7,25.9,98.0,100.0,2.7,23.4,1001.3,26.0,1.0,1,156.77,166.16
2006-08-12,2006,8,12,224,219.24,36.6,26.3,98.0,100.0,1.7,34.0,1003.2,26.0,1.0,1,166.02,163.86
2006-08-13,2006,8,13,225,254.1,36.0,26.8,98.0,100.0,2.6,30.8,1001.6,26.0,1.0,1,160.89,169.24
2006-08-14,2006,8,14,226,101.32,38.0,25.9,98.0,100.0,2.2,34.8,999.0,26.0,1.0,1,140.06,165.85
2006-08-15,2006,8,15,227,67.88,38.0,26.4,96.5,100.0,1.9,26.6,1002.0,26.0,1.0,1,130.49,159.67
2006-08-16,2006,8,16,228,252.07,38.0,24.6,98.0,100.0,2.1,29.9,1008.1,26.0,1.0,1,153.0,162.43
2006-08-17,2006,8,17,229,237.47,37.4,26.0,98.0,100.0,1.7,32.1,1001.5,26.0,1.0,1,170.86,167.61
2006-08-18,2006,8,18,230,129.08,36.1,26.3,98.0,100.0,4.1,32.3,1002.6,26.0,1.0,1,180.17,168.88
2006-08-19,2006,8,19,231,207.61,36.8,25.4,98.0,100.0,2.0,35.0,1003.2,26.0,1.0,1,178.5,170.77
2006-08-20,2006,8,20,232,115.91,38.0,27.8,98.0,100.0,2.9,35.0,1002.0,26.0,1.0,1,158.76,168.71
2006-08-21,2006,8,21,233,131.45,36.8,26.7,98.0,100.0,2.3,30.1,1000.9,26.0,1.0,1,163.07,168.62
2006-08-22,2006,8,22,234,271.82,33.4,26.0,98.0,100.0,1.2,35.0,1003.1,26.0,1.0,1,192.2,165.95
2006-08-23,2006,8,23,235,76.83,37.9,25.4,98.0,100.0,2.2,33.6,1003.4,26.0,1.0,1,167.17,166.61
2006-08-24,2006,8,24,236,47.83,38.0,24.2,92.5,95.3,2.8,25.5,1002.7,26.0,1.0,1,140.08,151.71
2006-08-25,2006,8,25,237,106.23,37.5,25.1,98.0,100.0,3.4,26.8,1001.1,26.0,1.0,1,136.81,149.95
2006-08-26,2006,8,26,238,28.06,33.5,26.0,87.8,89.9,3.1,29.7,1002.0,26.0,1.0,1,111.16,142.59
2006-08-27,2006,8,27,239,54.59,36.0,25.7,98.0,100.0,1.4,28.2,1000.8,26.0,1.0,1,102.4,139.81
2006-08-28,2006,8,28,240,45.36,36.9,24.8,98.0,92.5,2.0,26.5,1003.6,26.0,1.0,1,90.1,137.92
2006-08-29,2006,8,29,241,86.55,35.3,27.7,98.0,100.0,3.0,35.0,1002.9,26.0,1.0,1,63.64,129.98
2006-08-30,2006,8,30,242,205.14,35.7,26.9,98.0,100.0,1.7,30.2,1002.5,26.0,1.0,1,81.97,132.19
2006-08-31,2006,8,31,243,82.77,35.9,25.0,98.0,100.0,2.2,32.5,1000.3,26.0,1.0,1,86.96,134.28
2006-09-01,2006,9,1,244,137.56,33.7,26.1,98.0,100.0,0.8,32.1,999.8,26.0,1.0,1,91.43,136.84
2006-09-02,2006,9,2,245,62.96,35.5,26.9,98.0,100.0,3.5,31.3,1002.0,26.0,1.0,1,96.42,136.6
2006-09-03,2006,9,3,246,71.15,33.2,25.7,98.0,100.0,1.4,34.3,998.2,26.0,1.0,1,98.78,136.35
2006-09-04,2006,9,4,247,191.59,34.4,25.0,98.0,100.0,2.9,35.0,1003.3,26.0,1.0,1,119.67,137.58
2006-09-05,2006,9,5,248,125.4,33.6,23.0,98.0,100.0,3.0,35.0,1001.8,26.0,1.0,1,125.22,132.1
2006-09-06,2006,9,6,249,69.17,35.7,25.0,98.0,100.0,3.8,35.0,1000.7,26.0,1.0,1,105.8,126.16
2006-09-07,2006,9,7,250,101.09,35.2,24.1,98.0,100.0,1.3,32.2,999.2,26.0,1.0,1,108.42,125.04
2006-09-08,2006,9,8,251,84.97,35.0,24.2,98.0,100.0,2.2,35.0,1002.5,26.0,1.0,1,100.9,124.72
2006-09-09,2006,9,9,252,24.11,34.4,24.4,97.4,88.4,5.6,24.7,1003.0,26.0,1.0,1,95.35,121.78
2006-09-10,2006,9,10,253,75.3,34.5,24.5,98.0,100.0,1.6,33.5,1005.2,26.0,1.0,1,95.95,122.15
2006-09-11,2006,9,11,254,120.37,36.8,24.2,98.0,100.0,2.0,34.2,1001.3,26.0,1.0,1,85.77,118.86
2006-09-12,2006,9,12,255,67.21,35.6,23.0,98.0,100.0,2.7,28.5,1005.1,26.0,1.0,1,77.46,112.63
2006-09-13,2006,9,13,256,180.76,32.1,22.4,98.0,100.0,2.8,35.0,1002.6,26.0,1.0,1,93.4,115.28
2006-09-14,2006,9,14,257,98.56,32.6,25.4,98.0,100.0,3.6,35.0,1002.7,26.0,1.0,1,93.04,116.3
2006-09-15,2006,9,15,258,145.96,33.0,26.3,98.0,100.0,1.6,34.8,1006.1,26.0,1.0,1,101.75,112.76
2006-09-16,2006,9,16,259,156.7,32.8,24.3,98.0,100.0,1.6,33.8,1003.4,26.0,1.0,1,120.69,110.07
2006-09-17,2006,9,17,260,103.43,31.8,22.8,98.0,100.0,2.2,28.3,1003.1,26.0,1.0,1,124.71,109.21
2006-09-18,2006,9,18,261,369.94,33.8,25.2,97.9,100.0,3.4,35.0,1001.2,26.0,1.0,1,160.37,114.63
2006-09-19,2006,9,19,262,67.93,32.7,26.4,98.0,100.0,1.5,34.8,999.8,26.0,1.0,1,160.47,113.03
2006-09-20,2006,9,20,263,135.34,33.0,25.3,98.0,100.0,1.8,35.0,1003.2,26.0,1.0,1,153.98,113.16
2006-09-21,2006,9,21,264,124.93,29.9,25.4,98.0,100.0,1.6,35.0,1003.1,26.0,1.0,1,157.75,108.26
2006-09-22,2006,9,22,265,73.1,30.0,22.3,98.0,100.0,1.8,35.0,1001.9,26.0,1.0,1,147.34,108.14
2006-09-23,2006,9,23,266,86.84,31.4,22.9,96.4,100.0,1.6,35.0,1001.8,26.0,1.0,1,137.36,109.44
2006-09-24,2006,9,24,267,121.62,33.0,24.9,98.0,100.0,2.3,35.0,999.6,26.0,1.0,1,139.96,109.95
2006-09-25,2006,9,25,268,75.62,32.7,21.9,98.0,100.0,1.8,33.7,1001.3,26.0,1.0,1,97.91,111.53
2006-09-26,2006,9,26,269,120.36,33.4,22.6,98.0,100.0,2.8,33.5,1004.1,26.0,1.0,1,105.4,113.73
2006-09-27,2006,9,27,270,154.6,30.7,23.4,98.0,100.0,1.9,35.0,1002.3,26.0,1.0,1,108.15,117.37
2006-09-28,2006,9,28,271,186.39,32.6,23.7,98.0,100.0,0.5,35.0,999.8,26.0,1.0,1,116.93,120.7
2006-09-29,2006,9,29,272,102.04,33.7,22.7,98.0,100.0,3.2,35.0,1002.5,26.0,1.0,1,121.07,117.26
2006-09-30,2006,9,30,273,86.91,32.7,22.9,98.0,100.0,2.6,35.0,1006.7,26.0,1.0,1,121.08,117.4
2006-10-01,2006,10,1,274,25.93,29.2,23.0,98.0,100.0,2.9,25.8,1006.4,26.0,1.0,1,107.41,113.68
2006-10-02,2006,10,2,275,34.52,32.7,22.4,98.0,100.0,1.7,28.0,1000.2,26.0,1.0,1,101.54,112.73
2006-10-03,2006,10,3,276,30.14,31.4,22.0,98.0,98.6,3.7,27.4,999.9,26.0,1.0,1,88.65,111.36
2006-10-04,2006,10,4,277,8.71,31.4,22.4,87.0,100.0,2.5,25.0,1002.6,26.0,1.0,1,67.81,105.26
2006-10-05,2006,10,5,278,0.97,34.4,21.8,94.3,91.0,3.4,23.4,1003.3,26.0,1.0,1,41.32,101.12
2006-10-06,2006,10,6,279,9.7,30.9,23.4,97.3,95.8,0.6,21.7,1002.8,26.0,1.0,1,28.13,99.14
2006-10-07,2006,10,7,280,46.09,31.3,22.6,98.0,100.0,1.7,34.1,999.2,26.0,1.0,1,22.29,97.3
2006-10-08,2006,10,8,281,5.22,30.3,22.1,91.3,92.0,3.2,29.7,1004.6,26.0,1.0,1,19.34,94.64
2006-10-09,2006,10,9,282,8.65,29.7,21.8,94.5,100.0,2.1,24.0,1001.9,26.0,1.0,1,15.64,94.13
2006-10-10,2006,10,10,283,35.52,30.5,23.2,98.0,100.0,1.4,28.5,1002.3,26.0,1.0,1,16.41,92.8
2006-10-11,2006,10,11,284,10.61,29.1,21.4,93.4,97.6,0.0,26.2,1002.6,26.0,1.0,1,16.68,89.14
2006-10-12,2006,10,12,285,13.49,29.9,22.6,98.0,100.0,2.0,22.6,1002.0,26.0,1.0,1,18.47,87.35
2006-10-13,2006,10,13,286,44.75,29.1,23.1,96.4,100.0,2.1,31.0,999.4,26.0,1.0,1,23.48,82.82
2006-10-14,2006,10,14,287,18.87,26.3,22.2,98.0,100.0,3.0,24.1,1001.4,26.0,1.0,1,19.59,80.16
2006-10-15,2006,10,15,288,11.9,28.5,19.5,96.3,100.0,2.3,23.4,1000.8,26.0,1.0,1,20.54,75.69
2006-10-16,2006,10,16,289,23.05,30.5,20.9,98.0,100.0,1.9,22.4,999.9,26.0,1.0,1,22.6,71.24
2006-10-17,2006,10,17,290,3.2,29.7,20.3,98.0,100.0,1.9,21.8,1001.5,26.0,1.0,1,17.98,67.9
2006-10-18,2006,10,18,291,7.33,28.5,19.7,91.6,89.0,3.0,24.3,1004.2,26.0,1.0,1,17.51,55.81
2006-10-19,2006,10,19,292,119.55,28.8,22.4,98.0,100.0,1.4,35.0,998.5,26.0,1.0,1,32.66,57.53
2006-10-20,2006,10,20,293,51.08,27.4,21.4,98.0,100.0,1.4,29.4,1004.5,26.0,1.0,1,33.57,54.72
2006-10-21,2006,10,21,294,61.06,27.4,17.8,98.0,100.0,1.9,30.0,1004.4,26.0,1.0,1,39.6,52.59
2006-10-22,2006,10,22,295,18.84,28.3,20.8,97.3,99.1,2.8,26.5,1006.4,26.0,1.0,1,40.59,50.79
2006-10-23,2006,10,23,296,16.18,27.8,19.9,89.6,90.4,3.3,28.2,1000.9,26.0,1.0,1,39.61,48.43
2006-10-24,2006,10,24,297,45.17,26.9,21.7,98.0,100.0,2.1,33.2,1002.1,26.0,1.0,1,45.6,45.88
2006-10-25,2006,10,25,298,18.95,27.8,19.7,89.9,95.5,1.0,20.7,1001.8,25.5,1.0,1,47.26,43.99
2006-10-26,2006,10,26,299,115.01,26.1,20.8,98.0,100.0,2.5,34.4,1000.4,26.0,1.0,1,46.61,43.81
2006-10-27,2006,10,27,300,8.92,30.0,20.7,82.0,83.8,3.6,28.9,1002.2,26.0,1.0,1,40.59,38.96
2006-10-28,2006,10,28,301,3.97,28.8,19.3,89.1,87.8,4.9,18.8,1006.6,26.0,1.0,1,32.43,32.88
2006-10-29,2006,10,29,302,76.89,24.1,18.9,98.0,100.0,1.8,34.1,1004.1,23.5,1.0,1,40.73,32.04
2006-10-30,2006,10,30,303,11.77,28.5,22.5,95.2,100.0,2.3,24.4,1001.9,26.0,1.0,1,40.1,29.53
2006-10-31,2006,10,31,304,5.4,26.5,20.4,96.0,93.7,2.7,18.5,1004.6,25.3,1.0,1,34.42,28.85
2006-11-01,2006,11,1,305,32.38,26.2,19.9,97.1,94.6,2.2,28.2,1003.6,25.7,1.0,1,36.33,28.78
2006-11-02,2006,11,2,306,15.32,28.0,21.2,88.4,85.5,3.1,25.7,1000.2,25.1,1.0,1,22.09,28.28
2006-11-03,2006,11,3,307,13.33,26.5,21.8,90.8,83.8,2.9,21.9,1002.7,25.2,1.0,1,22.72,28.44
2006-11-04,2006,11,4,308,26.81,26.0,21.4,96.9,100.0,2.2,21.9,1004.1,25.1,1.0,1,25.99,29.3
2006-11-05,2006,11,5,309,21.51,24.5,17.9,95.2,99.3,0.7,28.7,997.1,23.8,1.0,1,18.07,29.69
2006-11-06,2006,11,6,310,63.26,27.7,19.5,93.0,100.0,3.9,27.4,1001.7,26.0,1.0,1,25.43,30.27
2006-11-07,2006,11,7,311,23.08,27.8,19.0,92.6,100.0,1.6,29.0,1002.6,25.9,1.0,1,27.96,30.86
2006-11-08,2006,11,8,312,9.26,26.4,21.6,88.3,93.1,1.9,23.6,1002.7,24.7,1.0,1,24.65,30.88
2006-11-09,2006,11,9,313,103.34,24.2,20.0,98.0,100.0,1.5,32.5,1001.1,24.7,1.0,1,37.23,33.14
2006-11-10,2006,11,10,314,31.22,26.3,17.6,98.0,94.8,2.9,29.8,1003.2,26.0,1.0,1,39.78,33.83
2006-11-11,2006,11,11,315,50.51,26.7,16.8,95.0,100.0,2.2,27.6,1002.4,25.0,1.0,1,43.17,35.06
2006-11-12,2006,11,12,316,3.41,25.6,20.9,91.6,100.0,1.6,21.2,999.4,24.3,1.0,1,40.58,33.69
2006-11-13,2006,11,13,317,24.89,26.8,18.9,97.0,100.0,1.3,26.5,1001.6,25.7,1.0,1,35.1,33.89
2006-11-14,2006,11,14,318,15.18,25.7,18.7,83.0,69.2,3.9,20.8,1000.1,21.6,1.0,1,33.97,34.0
2006-11-15,2006,11,15,319,8.24,25.8,18.3,87.1,76.3,4.0,22.4,1004.0,23.2,1.01,1,33.83,33.5
2006-11-16,2006,11,16,320,42.91,27.4,17.6,97.3,100.0,1.9,23.3,1000.5,26.0,1.0,1,25.19,34.83
2006-11-17,2006,11,17,321,16.08,24.3,18.6,97.1,98.1,0.1,24.5,1003.6,23.8,1.0,1,23.03,35.12
2006-11-18,2006,11,18,322,10.03,22.6,19.4,84.1,79.1,4.5,19.6,999.0,20.2,1.0,1,17.25,31.47
2006-11-19,2006,11,19,323,19.33,24.6,18.4,84.7,91.2,2.9,23.8,1002.2,21.8,1.0,1,19.52,30.41
2006-11-20,2006,11,20,324,15.1,23.9,19.6,91.1,83.2,3.0,32.6,1002.9,22.5,1.0,1,18.12,28.88
2006-11-21,2006,11,21,325,41.12,22.5,19.1,91.2,91.2,2.5,23.6,999.1,20.4,1.0,1,21.83,29.62
2006-11-22,2006,11,22,326,7.8,25.5,19.3,87.0,74.6,3.4,25.8,1005.0,23.5,1.0,1,21.77,29.34
2006-11-23,2006,11,23,327,21.07,24.5,18.3,88.3,76.7,4.0,22.4,1004.2,22.7,1.0,1,18.65,28.54
2006-11-24,2006,11,24,328,7.39,22.0,17.9,90.4,80.2,1.9,23.0,1004.2,20.6,1.0,1,17.41,28.15
2006-11-25,2006,11,25,329,20.8,26.6,16.6,93.7,98.5,2.5,25.5,1000.7,25.1,1.0,1,18.94,25.01
2006-11-26,2006,11,26,330,59.77,23.1,19.1,93.5,100.0,1.4,30.5,998.7,22.1,1.0,1,24.72,26.71
2006-11-27,2006,11,27,331,6.12,23.1,18.2,91.6,85.3,1.5,20.8,1002.4,22.4,1.0,1,23.44,26.78
2006-11-28,2006,11,28,332,61.61,25.4,17.5,95.8,99.1,2.5,22.7,1002.9,24.3,1.0,1,26.37,26.27
2006-11-29,2006,11,29,333,40.41,24.5,16.4,94.7,97.4,1.5,27.7,1005.4,23.5,1.0,1,31.02,27.22
2006-11-30,2006,11,30,334,9.01,25.4,19.2,83.3,74.7,3.7,20.3,1004.7,22.4,1.0,1,29.3,27.34
2006-12-01,2006,12,1,335,4.05,22.0,17.6,80.8,68.9,4.3,17.2,1000.5,18.5,1.0,0,28.82,26.4
2006-12-02,2006,12,2,336,0.0,23.2,19.8,87.7,81.3,3.0,16.9,1004.4,20.4,1.0,0,25.85,25.89
2006-12-03,2006,12,3,337,0.0,23.7,16.0,81.8,69.1,5.1,14.4,1005.2,20.0,1.0,0,17.31,25.44
2006-12-04,2006,12,4,338,0.0,25.4,17.8,82.0,64.7,5.0,18.7,1001.2,22.4,1.0,0,16.44,24.55
2006-12-05,2006,12,5,339,0.1,22.1,16.0,78.9,74.7,3.7,16.8,1004.1,17.7,1.0,0,7.65,23.84
2006-12-06,2006,12,6,340,0.51,22.8,16.4,82.0,61.6,5.1,17.1,1006.5,19.6,1.0,0,1.95,21.74
2006-12-07,2006,12,7,341,0.0,23.4,16.9,80.5,74.2,5.1,20.1,1005.2,19.7,1.0,0,0.67,20.98
2006-12-08,2006,12,8,342,0.0,24.3,18.0,80.1,73.7,3.6,16.9,1002.6,21.0,1.0,0,0.09,20.67
2006-12-09,2006,12,9,343,0.0,22.0,17.5,86.5,62.8,5.2,18.4,1005.8,19.8,1.0,0,0.09,17.22
2006-12-10,2006,12,10,344,0.0,24.2,16.5,80.2,59.7,4.8,16.3,1004.6,20.4,1.0,0,0.09,16.18
2006-12-11,2006,12,11,345,0.0,22.1,16.3,74.9,76.8,4.9,18.0,1007.5,17.5,1.0,0,0.09,14.5
2006-12-12,2006,12,12,346,0.0,23.5,16.0,81.2,74.0,3.6,14.9,1001.6,20.5,1.0,0,0.07,14.38
2006-12-13,2006,12,13,347,0.0,22.5,16.2,77.5,70.5,5.7,13.1,1003.9,17.9,1.0,0,0.0,13.55
2006-12-14,2006,12,14,348,0.0,23.2,16.0,74.6,66.4,6.8,15.9,1001.2,19.0,1.0,0,0.0,13.05
2006-12-15,2006,12,15,349,0.0,23.0,18.3,75.6,70.4,5.1,15.7,1003.2,18.9,1.0,0,0.0,12.77
2006-12-16,2006,12,16,350,0.0,24.6,16.4,82.6,73.4,3.7,15.0,1006.5,20.5,1.0,0,0.0,11.34
2006-12-17,2006,12,17,351,0.0,22.3,16.4,73.8,56.4,5.1,17.4,1007.0,16.8,1.0,0,0.0,10.81
2006-12-18,2006,12,18,352,0.0,22.1,17.0,73.8,60.8,6.4,20.4,1009.0,16.4,1.0,0,0.0,10.47
2006-12-19,2006,12,19,353,0.0,24.1,18.4,77.7,60.2,5.7,11.9,1003.5,20.3,1.0,0,0.0,9.83
2006-12-20,2006,12,20,354,0.0,24.6,18.3,75.9,66.9,4.8,18.2,1008.5,19.8,1.0,0,0.0,9.33
2006-12-21,2006,12,21,355,2.45,22.0,19.6,74.2,63.0,5.6,21.1,1007.0,17.0,1.0,0,0.35,8.04
2006-12-22,2006,12,22,356,2.41,23.4,16.0,81.5,74.9,3.3,18.5,1003.9,20.5,1.0,0,0.69,7.86
2006-12-23,2006,12,23,357,0.0,22.0,16.8,74.7,62.4,5.1,16.4,1005.4,17.2,1.0,0,0.69,7.15
2006-12-24,2006,12,24,358,0.0,23.3,16.5,71.0,58.1,5.0,16.6,1003.9,17.9,1.0,0,0.69,6.91
2006-12-25,2006,12,25,359,3.82,23.6,16.0,78.9,68.9,4.9,18.2,1006.1,19.1,1.0,0,1.24,6.34
2006-12-26,2006,12,26,360,0.0,22.0,16.0,78.9,67.3,5.3,5.9,1002.0,17.9,1.0,0,1.24,4.35
2006-12-27,2006,12,27,361,0.0,23.9,17.6,77.3,69.2,5.5,9.1,1003.4,20.7,1.0,0,1.24,4.15
2006-12-28,2006,12,28,362,0.0,22.0,17.1,77.8,60.8,5.0,15.5,1005.3,17.4,1.0,0,0.89,2.09
2006-12-29,2006,12,29,363,1.27,22.2,17.1,78.1,75.6,4.8,15.3,1005.1,18.3,1.0,0,0.73,0.79
2006-12-30,2006,12,30,364,0.0,22.7,17.0,73.5,63.4,3.8,18.9,1005.1,17.1,1.0,0,0.73,0.49
2006-12-31,2006,12,31,365,5.56,22.0,16.0,75.0,74.6,3.2,15.3,1002.2,17.2,1.0,0,1.52,0.54
2007-01-01,2007,1,1,1,0.0,22.0,16.0,71.4,54.6,6.6,12.4,1002.7,16.8,1.0,0,0.98,0.54
2007-01-02,2007,1,2,2,0.0,22.5,16.0,73.8,72.7,4.7,10.0,1004.1,17.1,1.0,0,0.98,0.54
2007-01-03,2007,1,3,3,0.29,22.0,17.4,67.2,56.6,6.2,13.0,1000.9,15.7,1.0,0,1.02,0.55
2007-01-04,2007,1,4,4,0.0,22.0,16.6,68.7,42.8,6.0,11.9,1006.7,16.1,1.0,0,1.02,0.54
2007-01-05,2007,1,5,5,0.0,23.2,17.5,78.4,47.7,7.6,14.8,1006.5,19.6,1.0,0,0.84,0.53
2007-01-06,2007,1,6,6,0.0,24.3,18.8,76.4,51.5,6.7,15.8,1006.0,19.1,1.0,0,0.84,0.53
2007-01-07,2007,1,7,7,0.0,23.3,16.0,73.2,49.2,6.8,10.2,1005.1,18.0,1.08,0,0.04,0.53
2007-01-08,2007,1,8,8,0.0,22.0,16.3,78.4,56.5,6.5,16.0,1004.3,17.9,1.0,0,0.04,0.53
2007-01-09,2007,1,9,9,0.0,22.3,16.3,73.6,65.0,4.7,5.8,1001.5,16.9,1.0,0,0.04,0.53
2007-01-10,2007,1,10,10,0.0,22.0,16.0,71.9,52.1,7.3,17.1,1006.6,16.9,1.0,0,0.0,0.53
2007-01-11,2007,1,11,11,0.0,22.0,16.9,66.1,38.1,8.0,10.5,1005.3,14.9,1.0,0,0.0,0.53
2007-01-12,2007,1,12,12,0.0,22.1,19.8,70.2,51.2,6.8,16.2,1008.2,16.8,1.0,0,0.0,0.53
2007-01-13,2007,1,13,13,0.0,22.0,16.0,75.0,46.4,7.6,10.7,1004.9,16.4,1.0,0,0.0,0.53
2007-01-14,2007,1,14,14,0.0,22.0,17.1,73.0,45.3,5.7,13.4,1004.6,17.4,1.0,0,0.0,0.53
2007-01-15,2007,1,15,15,0.0,23.5,16.0,78.4,48.8,6.3,11.0,1003.2,18.8,1.0,0,0.0,0.53
2007-01-16,2007,1,16,16,0.0,24.0,16.0,70.4,42.9,7.0,14.5,1006.0,18.3,1.0,0,0.0,0.53
2007-01-17,2007,1,17,17,0.0,22.0,16.0,59.8,29.8,8.1,9.4,1006.1,14.3,1.0,0,0.0,0.53
2007-01-18,2007,1,18,18,0.0,22.0,16.8,71.4,46.1,7.2,7.7,1007.7,16.7,1.0,0,0.0,0.53
2007-01-19,2007,1,19,19,0.0,22.0,17.0,59.8,53.1,6.0,13.8,1006.8,13.1,1.0,0,0.0,0.53
2007-01-20,2007,1,20,20,3.92,22.9,18.6,69.3,50.9,7.2,10.9,1003.7,18.0,1.0,0,0.56,0.58
2007-01-21,2007,1,21,21,0.0,22.7,16.9,72.7,35.0,8.3,16.9,1002.3,16.3,1.0,0,0.56,0.5
2007-01-22,2007,1,22,22,1.81,22.0,16.6,76.5,26.3,8.4,13.4,1006.8,17.3,1.0,0,0.82,0.56
2007-01-23,2007,1,23,23,0.0,22.0,17.6,64.5,42.1,7.6,15.1,1004.1,14.7,1.0,0,0.82,0.56
2007-01-24,2007,1,24,24,0.0,22.0,16.9,70.0,46.4,6.2,15.2,1004.2,15.6,1.0,0,0.82,0.43
2007-01-25,2007,1,25,25,3.98,22.0,16.6,76.3,50.3,5.6,10.6,1004.0,18.5,1.0,0,1.39,0.56
2007-01-26,2007,1,26,26,0.0,22.0,16.4,68.3,40.9,7.3,11.2,1008.9,15.5,1.0,0,1.39,0.56
2007-01-27,2007,1,27,27,0.44,22.0,17.4,65.5,30.0,9.1,12.1,1005.9,14.7,1.0,0,0.89,0.58
2007-01-28,2007,1,28,28,0.0,23.4,17.3,74.9,55.7,6.5,8.6,1006.6,17.9,1.0,0,0.89,0.53
2007-01-29,2007,1,29,29,0.0,22.0,16.4,71.2,39.1,8.2,9.0,1007.9,17.2,1.0,0,0.63,0.53
2007-01-30,2007,1,30,30,0.5,22.3,18.5,67.6,33.9,7.8,10.9,1005.5,16.3,1.21,0,0.7,0.36
2007-01-31,2007,1,31,31,0.0,22.9,17.8,60.7,37.9,7.4,14.2,1003.9,15.1,1.0,0,0.7,0.36
2007-02-01,2007,2,1,32,0.0,24.9,18.0,65.2,31.8,6.5,10.7,1002.4,18.5,1.0,0,0.13,0.36
2007-02-02,2007,2,2,33,0.0,22.8,16.0,63.5,25.5,8.0,11.4,1004.1,16.5,1.0,0,0.13,0.36
2007-02-03,2007,2,3,34,0.36,22.9,16.3,59.5,28.6,10.2,12.3,1005.6,14.3,1.0,0,0.12,0.37
2007-02-04,2007,2,4,35,0.0,22.0,18.8,71.4,39.6,7.8,13.7,1006.0,16.6,1.15,0,0.12,0.37
2007-02-05,2007,2,5,36,0.57,25.6,18.3,68.3,46.3,6.7,12.3,1004.3,19.1,1.0,0,0.2,0.39
2007-02-06,2007,2,6,37,1.19,24.1,16.0,63.3,18.7,10.5,9.4,1003.5,16.8,1.39,0,0.3,0.43
2007-02-07,2007,2,7,38,0.0,22.0,17.5,63.0,35.6,8.5,8.9,1004.4,13.7,1.0,0,0.3,0.43
2007-02-08,2007,2,8,39,0.0,25.3,18.3,63.3,38.7,8.1,5.0,1004.2,17.4,1.0,0,0.3,0.43
2007-02-09,2007,2,9,40,0.0,24.2,16.0,61.0,33.7,8.0,7.1,1007.3,15.9,1.0,0,0.3,0.43
2007-02-10,2007,2,10,41,0.0,23.6,18.5,76.2,42.8,7.4,11.2,1007.3,19.6,1.0,0,0.25,0.43
2007-02-11,2007,2,11,42,0.0,24.3,17.4,61.7,41.4,8.1,6.5,1005.8,16.0,1.32,0,0.25,0.43
2007-02-12,2007,2,12,43,0.0,25.1,19.2,63.1,37.9,8.7,6.7,1003.9,18.3,1.03,0,0.17,0.43
2007-02-13,2007,2,13,44,0.0,22.3,17.2,61.5,26.0,9.0,12.0,1005.4,14.1,1.22,0,0.0,0.43
2007-02-14,2007,2,14,45,0.0,22.9,16.0,56.9,35.8,8.7,5.8,1007.2,14.2,1.0,0,0.0,0.43
2007-02-15,2007,2,15,46,0.0,23.5,18.1,59.0,29.1,7.5,6.5,1005.2,15.0,1.0,0,0.0,0.43
2007-02-16,2007,2,16,47,2.05,22.0,16.2,68.9,38.8,7.2,6.8,1005.3,15.8,1.0,0,0.29,0.49
2007-02-17,2007,2,17,48,0.0,24.9,16.9,62.2,18.2,9.7,5.0,1005.9,16.9,1.0,0,0.29,0.49
2007-02-18,2007,2,18,49,0.59,23.4,16.0,65.3,28.2,8.1,6.6,1004.9,16.8,1.0,0,0.38,0.51
2007-02-19,2007,2,19,50,1.01,23.4,16.8,65.5,34.3,8.0,5.0,1005.9,16.3,1.0,0,0.52,0.42
2007-02-20,2007,2,20,51,0.09,23.1,19.4,64.9,27.6,11.1,15.8,1002.3,16.6,1.31,0,0.53,0.42
2007-02-21,2007,2,21,52,0.0,24.1,18.1,60.1,30.1,10.2,7.6,1004.0,15.9,1.0,0,0.53,0.36
2007-02-22,2007,2,22,53,0.0,24.4,17.7,69.5,41.0,6.7,8.6,1007.3,18.8,1.0,0,0.53,0.36
2007-02-23,2007,2,23,54,1.88,25.8,17.0,67.2,27.2,8.9,5.0,1004.5,18.5,1.0,0,0.51,0.42
2007-02-24,2007,2,24,55,2.99,25.9,18.3,65.8,35.8,7.9,6.0,1006.2,18.2,1.0,0,0.94,0.39
2007-02-25,2007,2,25,56,0.92,22.8,17.9,63.8,18.6,9.4,8.4,1003.9,15.3,1.0,0,0.98,0.42
2007-02-26,2007,2,26,57,0.0,25.3,21.1,56.7,30.4,7.7,5.0,1005.8,16.5,1.0,0,0.84,0.4
2007-02-27,2007,2,27,58,0.0,26.6,18.3,65.4,13.7,10.3,10.6,1003.2,20.0,1.0,0,0.83,0.4
2007-02-28,2007,2,28,59,0.0,24.5,18.9,61.4,26.1,8.6,8.4,1005.3,16.9,1.0,0,0.83,0.4
2007-03-01,2007,3,1,60,10.11,24.7,17.7,62.9,29.4,7.9,8.2,1001.2,17.9,1.0,0,2.27,0.73
2007-03-02,2007,3,2,61,8.6,24.4,18.5,61.3,40.4,7.3,9.0,1006.9,17.1,1.14,0,3.23,1.01
2007-03-03,2007,3,3,62,5.85,25.9,19.1,68.1,25.0,10.3,6.9,1006.0,19.0,1.0,0,3.64,1.21
2007-03-04,2007,3,4,63,5.84,25.7,17.6,58.5,8.7,10.6,5.0,1006.1,16.6,1.04,0,4.34,1.4
2007-03-05,2007,3,5,64,0.0,26.8,19.5,59.7,26.9,8.7,8.2,1004.0,17.9,1.0,0,4.34,1.39
2007-03-06,2007,3,6,65,0.0,25.3,19.0,61.9,15.3,10.4,5.0,1005.1,17.5,1.09,0,4.34,1.39
2007-03-07,2007,3,7,66,2.09,27.5,16.2,61.6,24.2,10.3,7.8,1004.5,19.7,1.0,0,4.64,1.44
2007-03-08,2007,3,8,67,11.49,26.6,20.0,67.5,24.0,8.4,12.4,998.3,19.9,1.0,0,4.84,1.78
2007-03-09,2007,3,9,68,5.7,27.6,19.7,68.2,26.1,9.8,7.8,1002.9,22.1,1.0,0,4.42,1.97
2007-03-10,2007,3,10,69,9.7,25.0,19.4,67.5,11.2,10.9,9.2,1003.4,18.6,1.0,0,4.97,2.3
2007-03-11,2007,3,11,70,7.25,28.4,18.5,64.3,12.0,11.4,5.1,1004.6,20.9,1.0,0,5.18,2.54
2007-03-12,2007,3,12,71,1.52,25.3,22.3,59.7,24.9,9.9,5.0,1004.1,16.4,1.21,0,5.39,2.59
2007-03-13,2007,3,13,72,0.0,25.5,18.7,55.0,20.1,11.4,10.3,1006.2,15.8,1.61,0,5.39,2.59
2007-03-14,2007,3,14,73,1.27,25.8,16.0,60.9,12.8,10.2,10.0,1003.8,17.5,1.0,0,5.28,2.63
2007-03-15,2007,3,15,74,12.62,25.8,20.2,64.1,22.4,9.0,12.8,1005.7,18.3,1.0,0,5.44,3.05
2007-03-16,2007,3,16,75,2.14,29.5,19.5,63.6,27.2,8.7,14.0,1005.5,21.7,1.0,0,4.93,3.12
2007-03-17,2007,3,17,76,0.0,27.6,18.0,59.8,18.5,10.3,5.5,1005.4,19.8,1.0,0,3.54,3.12
2007-03-18,2007,3,18,77,9.34,27.7,19.5,68.5,31.1,9.8,9.6,1002.0,21.3,1.32,0,3.84,3.37
2007-03-19,2007,3,19,78,9.94,24.2,19.8,62.7,17.8,11.3,12.0,1005.5,16.8,1.5,0,5.04,3.7
2007-03-20,2007,3,20,79,9.53,29.1,19.1,62.1,28.7,8.6,14.4,1006.2,21.3,1.0,0,6.41,4.0
2007-03-21,2007,3,21,80,6.38,25.7,20.2,64.7,22.7,11.1,11.4,1006.5,18.4,1.0,0,7.14,4.18
2007-03-22,2007,3,22,81,1.94,27.4,20.6,61.5,24.7,9.7,5.0,1004.5,19.4,1.18,0,5.61,4.24
2007-03-23,2007,3,23,82,13.12,26.5,20.2,66.9,29.9,9.0,14.0,1004.2,19.7,1.0,0,7.18,4.67
2007-03-24,2007,3,24,83,2.26,28.1,19.3,60.6,17.9,10.2,10.0,1005.0,20.2,1.0,0,7.5,4.75
2007-03-25,2007,3,25,84,4.69,30.1,21.0,62.3,19.8,11.1,8.6,1000.5,21.6,1.24,0,6.84,4.84
2007-03-26,2007,3,26,85,0.0,26.5,18.6,58.8,18.9,9.4,5.5,1006.5,17.3,1.0,0,5.42,4.74
2007-03-27,2007,3,27,86,7.12,27.0,21.2,63.7,29.5,9.4,12.8,1003.6,20.3,1.05,0,5.07,4.95
2007-03-28,2007,3,28,87,26.53,28.4,21.1,73.8,48.7,7.3,19.4,1003.1,23.3,1.0,0,7.95,5.83
2007-03-29,2007,3,29,88,17.73,30.7,20.6,64.7,21.4,8.9,9.2,1001.3,23.4,1.0,0,10.21,6.43
2007-03-30,2007,3,30,89,0.0,27.9,20.3,57.6,27.7,7.2,7.5,1001.6,18.6,1.0,0,8.33,6.43
2007-03-31,2007,3,31,90,5.77,27.6,19.6,63.9,21.6,10.0,9.4,1005.6,20.2,1.0,0,8.83,6.28
2007-04-01,2007,4,1,91,0.0,29.0,20.5,59.3,19.2,9.2,5.0,1006.6,19.9,1.0,0,8.16,5.99
2007-04-02,2007,4,2,92,5.06,28.9,20.3,68.0,27.8,9.1,7.8,1004.1,22.6,1.0,0,8.89,5.97
2007-04-03,2007,4,3,93,3.33,27.5,20.1,64.4,19.7,10.1,9.4,1005.3,19.9,1.35,0,8.35,5.88
2007-04-04,2007,4,4,94,9.29,28.6,20.0,67.5,23.8,8.4,14.3,1001.6,21.6,1.0,0,5.88,6.19
2007-04-05,2007,4,5,95,0.57,26.4,23.1,64.2,37.4,8.2,6.6,1004.9,19.1,1.0,0,3.43,6.21
2007-04-06,2007,4,6,96,0.0,29.4,22.5,57.5,20.9,9.6,8.5,1005.6,20.0,1.21,0,3.43,6.14
2007-04-07,2007,4,7,97,16.32,27.7,24.6,66.9,32.6,8.4,7.5,1006.0,20.6,1.08,0,4.94,6.3
2007-04-08,2007,4,8,98,0.0,33.4,22.1,62.9,36.4,8.1,9.8,1005.2,24.7,1.0,0,4.94,6.11
2007-04-09,2007,4,9,99,7.28,30.7,22.8,63.5,38.7,8.0,7.8,1001.6,23.1,1.0,0,5.26,6.03
2007-04-10,2007,4,10,100,0.0,30.4,21.9,56.7,19.1,9.4,10.0,1008.7,21.4,1.07,0,4.78,5.79
2007-04-11,2007,4,11,101,6.57,30.9,23.9,67.0,19.9,13.0,6.1,1005.3,24.8,1.0,0,4.39,5.96
2007-04-12,2007,4,12,102,5.73,29.5,22.1,62.3,15.1,9.3,5.0,1005.4,21.7,1.0,0,5.13,6.15
2007-04-13,2007,4,13,103,1.29,30.2,23.5,62.3,13.0,11.2,5.1,1004.5,22.4,1.05,0,5.31,6.15
2007-04-14,2007,4,14,104,4.8,31.3,22.6,65.1,21.6,9.8,12.6,1001.8,23.7,1.11,0,3.67,5.89
2007-04-15,2007,4,15,105,7.3,29.2,24.7,69.9,19.5,9.6,7.9,1004.3,23.0,1.0,0,4.71,6.06
2007-04-16,2007,4,16,106,0.0,31.8,22.0,61.5,21.6,10.5,7.0,1004.2,23.5,1.13,0,3.67,6.06
2007-04-17,2007,4,17,107,1.95,34.1,24.1,55.0,16.3,11.4,8.6,1006.5,23.9,1.76,0,3.95,5.82
2007-04-18,2007,4,18,108,3.98,28.9,22.6,63.4,21.8,10.2,8.3,1003.4,21.3,1.0,0,3.58,5.62
2007-04-19,2007,4,19,109,0.0,32.0,21.9,62.0,22.0,10.2,9.0,1003.1,23.9,1.2,0,2.76,5.3
2007-04-20,2007,4,20,110,0.0,30.1,22.9,55.0,19.4,10.5,8.0,1005.3,19.6,1.0,0,2.58,5.09
2007-04-21,2007,4,21,111,0.0,32.5,20.4,67.0,17.3,10.3,17.2,1004.2,25.0,1.0,0,1.89,5.02
2007-04-22,2007,4,22,112,12.97,32.1,24.3,55.9,29.1,9.9,13.6,1002.9,22.3,1.44,0,2.7,5.02
2007-04-23,2007,4,23,113,0.84,34.6,24.0,64.0,34.7,7.8,10.6,1004.2,26.0,1.0,0,2.82,4.97
2007-04-24,2007,4,24,114,10.89,34.5,25.6,59.8,35.7,7.7,11.8,1005.7,24.7,1.0,0,4.1,5.18
2007-04-25,2007,4,25,115,8.53,29.9,22.3,69.5,37.2,9.4,10.4,1001.7,23.2,1.39,0,4.75,5.46
2007-04-26,2007,4,26,116,5.32,33.3,22.6,66.3,25.8,8.3,7.8,1004.3,25.9,1.0,0,5.51,5.4
2007-04-27,2007,4,27,117,0.0,33.4,22.1,67.6,22.2,9.9,10.0,1003.6,26.0,1.11,0,5.51,4.52
2007-04-28,2007,4,28,118,0.0,34.2,24.1,63.9,31.3,8.1,5.0,1003.6,26.0,1.37,0,5.51,3.93
2007-04-29,2007,4,29,119,0.0,33.3,23.3,63.4,28.3,9.3,5.0,1003.2,24.8,1.11,0,3.65,3.93
2007-04-30,2007,4,30,120,17.65,33.6,22.9,67.5,38.9,8.0,9.8,1006.2,26.0,1.0,0,6.06,4.32
2007-05-01,2007,5,1,121,0.0,31.3,24.5,55.3,39.3,9.1,9.4,1003.7,21.4,1.0,0,4.5,4.32
2007-05-02,2007,5,2,122,0.0,33.6,25.4,71.1,30.2,10.7,6.1,1005.2,26.0,1.43,0,3.28,4.15
2007-05-03,2007,5,3,123,0.98,32.8,24.3,61.1,19.9,9.4,10.0,1007.9,23.3,1.0,0,2.66,4.08
2007-05-04,2007,5,4,124,11.23,34.2,23.7,68.7,28.8,8.8,5.9,1004.4,26.0,1.0,0,4.27,4.14
2007-05-05,2007,5,5,125,0.0,33.2,25.7,59.5,26.8,9.3,7.7,1001.2,24.4,1.0,0,4.27,4.12
2007-05-06,2007,5,6,126,0.0,34.1,24.1,58.7,21.4,10.1,5.0,1006.4,25.4,1.0,0,4.27,4.12
2007-05-07,2007,5,7,127,5.85,34.5,24.2,66.0,37.0,9.4,10.1,1002.5,26.0,1.0,0,2.58,3.77
2007-05-08,2007,5,8,128,0.0,34.7,25.2,65.0,34.7,8.1,13.8,1001.1,26.0,1.32,0,2.58,3.77
2007-05-09,2007,5,9,129,1.78,32.7,23.9,71.4,43.5,7.8,9.3,1005.6,26.0,1.23,0,2.83,3.59
2007-05-10,2007,5,10,130,1.12,37.6,26.0,68.2,42.1,8.0,12.4,1004.7,26.0,1.05,0,2.85,3.63
2007-05-11,2007,5,11,131,2.46,34.5,23.7,66.1,11.2,10.9,12.5,1004.4,26.0,1.41,0,1.6,3.49
2007-05-12,2007,5,12,132,0.86,35.1,24.2,64.2,24.0,10.5,8.5,1005.2,26.0,1.03,0,1.72,3.33
2007-05-13,2007,5,13,133,22.36,34.4,23.6,73.4,42.6,7.9,14.5,1002.0,26.0,1.0,0,4.92,4.03
2007-05-14,2007,5,14,134,18.3,32.8,26.1,70.1,30.2,8.1,8.2,1003.8,26.0,1.0,0,6.7,4.48
2007-05-15,2007,5,15,135,4.38,35.7,26.8,67.6,33.7,8.0,9.5,1006.2,26.0,1.04,0,7.32,4.38
2007-05-16,2007,5,16,136,0.93,35.0,25.1,62.0,24.5,9.9,9.8,1004.4,26.0,1.0,0,7.2,4.41
2007-05-17,2007,5,17,137,9.01,36.1,25.9,66.6,32.5,10.6,8.2,1003.3,26.0,1.0,0,8.33,4.65
2007-05-18,2007,5,18,138,17.47,33.9,25.8,71.5,54.5,7.4,12.7,1001.6,26.0,1.01,0,10.47,5.1
2007-05-19,2007,5,19,139,12.84,34.5,25.8,71.8,50.1,8.2,9.7,1004.7,26.0,1.0,0,12.18,5.53
2007-05-20,2007,5,20,140,2.07,35.5,24.2,66.0,34.8,8.9,13.1,1007.1,26.0,1.0,0,9.29,5.59
2007-05-21,2007,5,21,141,14.47,35.3,24.8,72.2,34.8,9.0,8.5,1003.1,26.0,1.0,0,8.74,6.08
2007-05-22,2007,5,22,142,0.0,34.9,26.6,62.2,35.6,9.1,7.8,1006.0,26.0,1.68,0,8.11,5.64
2007-05-23,2007,5,23,143,3.12,35.8,27.2,62.8,17.4,10.8,10.7,1003.6,26.0,1.05,0,8.43,5.72
2007-05-24,2007,5,24,144,12.64,37.6,27.0,71.2,47.4,7.9,9.2,1003.2,26.0,1.0,0,8.94,5.78
2007-05-25,2007,5,25,145,11.57,36.3,25.9,64.6,43.4,9.0,17.3,1006.4,26.0,1.08,0,8.1,5.88
2007-05-26,2007,5,26,146,0.0,37.5,26.9,70.2,29.3,9.6,5.0,1003.8,26.0,1.0,0,6.27,5.7
2007-05-27,2007,5,27,147,23.29,35.5,24.2,69.5,56.5,6.7,12.0,1004.5,26.0,1.0,0,9.3,6.48
2007-05-28,2007,5,28,148,3.32,36.0,23.7,67.2,34.3,10.3,12.0,1003.6,26.0,1.59,0,7.71,6.59
2007-05-29,2007,5,29,149,2.85,36.3,24.5,70.7,33.8,9.5,16.5,1000.9,26.0,1.0,0,8.11,6.68
2007-05-30,2007,5,30,150,0.0,35.4,28.0,71.3,42.4,6.8,6.2,1007.0,26.0,1.0,0,7.67,6.1
2007-05-31,2007,5,31,151,0.0,36.5,28.0,70.4,30.5,8.8,8.1,1007.9,26.0,1.62,0,5.86,6.1
2007-06-01,2007,6,1,152,107.39,38.0,24.5,84.6,71.6,4.3,21.6,1001.8,26.0,1.0,1,19.55,9.68
2007-06-02,2007,6,2,153,23.92,38.0,26.2,86.8,60.1,6.9,19.6,1004.9,26.0,1.12,1,22.97,10.44
2007-06-03,2007,6,3,154,92.95,38.0,26.0,78.6,70.7,6.5,25.8,1000.9,26.0,1.0,1,32.92,13.16
2007-06-04,2007,6,4,155,104.62,37.0,28.0,84.5,91.2,4.0,21.3,1005.2,26.0,1.0,1,47.39,16.65
2007-06-05,2007,6,5,156,154.2,35.5,27.4,86.4,68.9,5.5,27.2,1002.0,26.0,1.0,1,69.01,21.79
2007-06-06,2007,6,6,157,56.69,38.0,26.2,83.4,68.1,7.1,21.3,1001.4,26.0,1.0,1,77.11,23.49
2007-06-07,2007,6,7,158,216.21,36.0,27.4,82.6,88.4,3.9,24.4,1000.7,26.0,1.0,1,108.0,30.69
2007-06-08,2007,6,8,159,355.16,38.0,27.7,86.9,89.3,4.3,25.4,1006.0,26.0,1.0,1,143.39,42.47
2007-06-09,2007,6,9,160,58.64,37.4,24.6,84.7,64.4,6.4,18.3,1002.7,26.0,1.0,1,148.35,44.39
2007-06-10,2007,6,10,161,94.43,35.4,27.5,89.5,98.2,1.8,25.5,1005.1,26.0,1.0,1,148.56,47.46
2007-06-11,2007,6,11,162,389.29,34.8,26.9,87.3,69.7,5.2,23.7,1002.2,26.0,1.0,1,189.23,60.4
2007-06-12,2007,6,12,163,221.53,38.0,25.6,78.1,80.2,4.9,33.0,1002.8,26.0,1.0,1,198.85,67.04
2007-06-13,2007,6,13,164,251.72,36.3,26.3,89.1,93.9,3.4,29.8,1000.4,26.0,1.0,1,226.71,74.82
2007-06-14,2007,6,14,165,46.47,35.3,27.4,81.4,76.8,4.7,19.3,1006.0,26.0,1.0,1,202.46,76.23
2007-06-15,2007,6,15,166,90.86,36.9,27.2,84.9,75.4,4.6,26.4,1001.8,26.0,1.0,1,164.71,79.22
2007-06-16,2007,6,16,167,64.92,37.3,26.9,80.4,74.2,5.6,19.9,1003.7,26.0,1.2,1,165.6,81.09
2007-06-17,2007,6,17,168,311.19,37.9,26.8,87.5,94.0,3.9,26.4,999.9,26.0,1.0,1,196.57,90.88
2007-06-18,2007,6,18,169,192.69,37.9,27.3,95.0,90.5,3.7,22.0,1001.9,26.0,1.0,1,168.48,96.87
2007-06-19,2007,6,19,170,62.63,36.4,25.3,89.8,69.0,6.9,21.5,1003.2,26.0,1.0,1,145.78,98.89
2007-06-20,2007,6,20,171,180.26,37.5,28.0,82.9,73.1,6.1,27.5,1002.3,26.0,1.03,1,135.57,104.42
2007-06-21,2007,6,21,172,118.37,38.0,26.9,86.9,84.1,3.7,22.6,1001.5,26.0,1.0,1,145.85,108.36
2007-06-22,2007,6,22,173,208.36,36.0,27.9,92.2,88.1,4.3,23.1,998.0,26.0,1.0,1,162.63,115.21
2007-06-23,2007,6,23,174,202.58,38.0,28.0,87.7,84.7,6.3,23.6,1002.9,26.0,1.14,1,182.3,121.54
2007-06-24,2007,6,24,175,177.84,36.1,28.0,80.5,100.0,1.9,26.0,1002.7,26.0,1.0,1,163.25,127.08
2007-06-25,2007,6,25,176,41.0,37.1,27.8,83.0,76.2,5.4,24.7,1000.6,26.0,1.0,1,141.58,128.45
2007-06-26,2007,6,26,177,89.25,38.0,27.3,94.0,89.9,2.2,30.1,1002.9,26.0,1.0,1,145.38,130.64
2007-06-27,2007,6,27,178,181.49,34.7,27.4,95.5,95.0,3.6,25.4,1004.8,26.0,1.0,1,145.56,136.58
2007-06-28,2007,6,28,179,120.95,38.0,25.5,88.8,92.6,4.0,30.9,1000.2,26.0,1.0,1,145.92,140.52
2007-06-29,2007,6,29,180,219.13,35.9,26.0,88.9,99.2,2.5,26.9,999.2,26.0,1.0,1,147.46,147.82
2007-06-30,2007,6,30,181,124.11,34.9,27.8,80.8,82.3,4.0,27.6,999.7,26.0,1.0,1,136.25,151.96
2007-07-01,2007,7,1,182,336.09,37.9,27.1,90.1,88.4,3.7,27.1,1002.0,26.0,1.0,1,158.86,159.58
2007-07-02,2007,7,2,183,251.74,37.3,25.7,88.5,95.6,2.0,29.5,1000.7,26.0,1.0,1,188.97,167.18
2007-07-03,2007,7,3,184,60.46,37.0,27.9,81.5,58.9,6.3,22.0,1005.0,26.0,1.0,1,184.85,166.1
2007-07-04,2007,7,4,185,61.76,38.0,28.0,85.6,77.4,4.7,23.5,1000.6,26.0,1.0,1,167.75,164.67
2007-07-05,2007,7,5,186,306.69,36.6,28.0,86.3,100.0,3.1,31.2,1003.1,26.0,1.0,1,194.28,169.75
2007-07-06,2007,7,6,187,326.22,38.0,28.0,92.0,100.0,0.7,26.7,1000.6,26.0,1.0,1,209.58,178.73
2007-07-07,2007,7,7,188,143.53,38.0,26.8,98.0,90.2,3.6,26.1,1001.6,26.0,1.0,1,212.36,176.31
2007-07-08,2007,7,8,189,138.08,35.9,28.0,91.6,99.5,1.8,23.7,1000.5,26.0,1.0,1,184.07,169.08
2007-07-09,2007,7,9,190,36.7,38.0,27.9,89.2,70.2,5.5,23.4,1003.5,26.0,1.0,1,153.35,168.34
2007-07-10,2007,7,10,191,154.71,38.0,26.5,98.0,98.5,4.2,25.3,1003.4,26.0,1.0,1,166.81,170.35
2007-07-11,2007,7,11,192,262.08,38.0,26.4,85.5,93.9,2.7,33.5,1003.8,26.0,1.0,1,195.43,166.11
2007-07-12,2007,7,12,193,404.42,38.0,28.0,94.1,100.0,1.4,30.4,1001.9,26.0,1.0,1,209.39,172.21
2007-07-13,2007,7,13,194,458.93,36.7,28.0,98.0,100.0,1.2,24.9,998.7,26.0,1.0,1,228.35,179.12
2007-07-14,2007,7,14,195,65.49,38.0,27.9,93.4,89.9,3.6,27.4,1001.0,26.0,1.0,1,217.2,179.75
2007-07-15,2007,7,15,196,276.93,38.0,27.7,87.6,89.9,4.5,27.2,1006.2,26.0,1.0,1,237.04,185.95
2007-07-16,2007,7,16,197,170.2,38.0,28.0,98.0,93.2,1.8,31.3,1001.9,26.0,1.0,1,256.11,189.46
2007-07-17,2007,7,17,198,51.77,38.0,26.9,95.3,100.0,3.0,24.3,1001.6,26.0,1.0,1,241.4,180.82
2007-07-18,2007,7,18,199,317.5,37.9,27.4,95.9,100.0,1.9,35.0,1005.1,26.0,1.0,1,249.32,184.98
2007-07-19,2007,7,19,200,345.17,36.6,28.0,89.5,100.0,2.4,35.0,1002.7,26.0,1.0,1,240.86,194.39
2007-07-20,2007,7,20,201,82.91,37.7,27.6,98.0,95.2,4.0,28.2,1001.9,26.0,1.0,1,187.14,191.15
2007-07-21,2007,7,21,202,280.28,38.0,26.6,97.9,100.0,2.2,29.5,1003.3,26.0,1.0,1,217.82,196.55
2007-07-22,2007,7,22,203,102.29,35.6,26.7,97.1,100.0,2.8,32.5,1005.4,26.0,1.0,1,192.87,193.01
2007-07-23,2007,7,23,204,148.44,37.2,27.5,98.0,100.0,1.9,28.5,1000.1,26.0,1.0,1,189.77,191.21
2007-07-24,2007,7,24,205,336.5,35.4,24.3,98.0,100.0,2.2,28.7,999.7,26.0,1.0,1,230.44,196.49
2007-07-25,2007,7,25,206,77.43,36.2,28.0,95.8,100.0,2.4,25.5,1001.1,26.0,1.0,1,196.15,197.71
2007-07-26,2007,7,26,207,144.35,36.8,27.2,96.1,96.6,2.6,26.4,1002.4,26.0,1.0,1,167.46,199.54
2007-07-27,2007,7,27,208,187.06,37.3,28.0,88.0,100.0,0.7,33.3,1003.6,26.0,1.0,1,182.34,199.73
2007-07-28,2007,7,28,209,321.09,38.0,28.0,94.0,100.0,2.5,31.2,1005.1,26.0,1.0,1,188.17,206.4
2007-07-29,2007,7,29,210,75.33,38.0,27.6,98.0,100.0,2.9,28.2,1001.0,26.0,1.0,1,184.31,201.61
2007-07-30,2007,7,30,211,195.91,38.0,25.6,94.3,100.0,2.5,33.2,1001.5,26.0,1.0,1,191.1,204.0
2007-07-31,2007,7,31,212,633.69,38.0,26.0,96.7,100.0,3.1,25.2,1004.7,26.0,1.0,1,233.55,213.92
2007-08-01,2007,8,1,213,218.35,38.0,25.4,93.4,100.0,2.6,30.6,1003.1,26.0,1.0,1,253.68,212.81
2007-08-02,2007,8,2,214,69.47,36.8,28.0,98.0,100.0,1.3,29.9,1001.7,26.0,1.0,1,242.99,213.11
2007-08-03,2007,8,3,215,427.5,37.7,25.3,97.5,100.0,2.0,28.0,1001.9,26.0,1.0,1,277.33,225.3
2007-08-04,2007,8,4,216,65.65,36.4,26.3,95.9,100.0,1.6,31.3,1005.1,26.0,1.0,1,240.84,217.27
2007-08-05,2007,8,5,217,114.28,37.6,28.0,95.4,100.0,0.3,34.6,1007.8,26.0,1.0,1,246.41,210.2
2007-08-06,2007,8,6,218,105.5,36.9,25.7,98.0,100.0,3.2,32.3,1005.6,26.0,1.0,1,233.49,208.93
2007-08-07,2007,8,7,219,73.41,35.4,27.2,98.0,100.0,4.6,29.1,1002.5,26.0,1.0,1,153.45,206.78
2007-08-08,2007,8,8,220,193.95,38.0,27.8,92.7,100.0,1.8,29.6,1003.2,26.0,1.0,1,149.97,212.02
2007-08-09,2007,8,9,221,86.71,38.0,26.8,97.7,100.0,2.5,32.1,1004.1,26.0,1.0,1,152.43,209.75
2007-08-10,2007,8,10,222,420.64,35.8,27.0,98.0,100.0,1.6,30.1,999.4,26.0,1.0,1,151.45,215.04
2007-08-11,2007,8,11,223,71.31,37.6,27.4,95.7,98.0,2.7,31.5,1001.8,26.0,1.0,1,152.26,203.93
2007-08-12,2007,8,12,224,138.39,35.7,28.0,98.0,100.0,3.3,35.0,1001.0,26.0,1.0,1,155.7,193.25
2007-08-13,2007,8,13,225,171.65,36.6,25.6,98.0,100.0,2.7,34.8,1003.1,26.0,1.0,1,165.15,196.79
2007-08-14,2007,8,14,226,190.18,35.8,26.1,98.0,100.0,3.1,31.9,1000.0,26.0,1.0,1,181.83,193.9
2007-08-15,2007,8,15,227,875.62,35.6,27.3,98.0,100.0,3.5,34.2,1005.8,26.0,1.0,1,279.21,217.41
2007-08-16,2007,8,16,228,108.54,36.7,26.3,98.0,100.0,3.7,33.0,1002.8,26.0,1.0,1,282.33,219.3
2007-08-17,2007,8,17,229,47.7,33.6,25.8,97.0,100.0,2.5,29.1,1001.6,26.0,1.0,1,229.06,210.31
2007-08-18,2007,8,18,230,154.94,35.5,27.6,98.0,100.0,1.6,33.7,1002.0,26.0,1.0,1,241.0,203.97
2007-08-19,2007,8,19,231,82.92,38.0,23.7,98.0,100.0,1.7,35.0,1003.8,26.0,1.0,1,233.08,203.97
2007-08-20,2007,8,20,232,181.49,33.8,27.6,98.0,100.0,2.1,34.4,999.5,26.0,1.0,1,234.48,200.68
2007-08-21,2007,8,21,233,62.89,35.5,28.0,98.0,100.0,2.0,34.5,1000.7,26.0,1.0,1,216.3,199.36
2007-08-22,2007,8,22,234,65.5,36.4,25.9,97.5,100.0,1.1,27.5,1003.9,26.0,1.0,1,100.57,196.6
2007-08-23,2007,8,23,235,101.52,35.6,24.5,98.0,100.0,2.2,35.0,1001.0,26.0,1.0,1,99.57,188.77
2007-08-24,2007,8,24,236,116.18,34.6,26.2,98.0,100.0,2.3,32.7,1004.6,26.0,1.0,1,109.35,190.06
2007-08-25,2007,8,25,237,197.78,37.1,26.5,97.4,100.0,1.5,35.0,1002.0,26.0,1.0,1,115.47,191.84
2007-08-26,2007,8,26,238,143.78,35.8,23.9,98.0,100.0,2.2,34.1,1002.0,26.0,1.0,1,124.16,190.4
2007-08-27,2007,8,27,239,177.81,34.5,25.9,98.0,100.0,1.3,23.0,1001.2,26.0,1.0,1,123.64,185.62
2007-08-28,2007,8,28,240,50.17,36.6,28.0,98.0,100.0,2.4,35.0,1003.7,26.0,1.0,1,121.82,184.78
2007-08-29,2007,8,29,241,337.18,34.5,27.2,98.0,100.0,1.5,29.8,1003.1,26.0,1.0,1,160.63,189.49
2007-08-30,2007,8,30,242,121.34,33.8,26.2,98.0,100.0,2.4,30.6,1001.8,26.0,1.0,1,163.46,172.41
2007-08-31,2007,8,31,243,26.43,35.9,26.0,94.9,95.9,3.1,25.0,1004.1,26.0,1.0,1,150.64,166.01
2007-09-01,2007,9,1,244,290.45,33.0,25.5,98.0,100.0,2.8,31.8,999.8,26.0,1.0,1,163.88,173.38
2007-09-02,2007,9,2,245,64.73,37.4,25.6,98.0,100.0,3.6,29.6,1001.2,26.0,1.0,1,152.59,161.29
2007-09-03,2007,9,3,246,83.23,37.0,25.2,98.0,100.0,2.5,34.8,1001.2,26.0,1.0,1,139.08,161.87
2007-09-04,2007,9,4,247,263.31,35.4,25.5,98.0,100.0,2.1,35.0,1000.4,26.0,1.0,1,169.52,166.84
2007-09-05,2007,9,5,248,13.58,33.6,23.2,91.8,100.0,2.9,23.6,1003.5,26.0,1.0,1,123.3,163.78
2007-09-06,2007,9,6,249,128.76,32.8,22.5,96.6,100.0,0.9,33.8,999.8,26.0,1.0,1,124.36,165.62
2007-09-07,2007,9,7,250,292.05,30.4,24.1,98.0,100.0,1.8,33.5,1000.5,26.0,1.0,1,162.3,168.89
2007-09-08,2007,9,8,251,6.31,36.6,26.1,98.0,96.3,2.1,22.8,1003.5,26.0,1.0,1,121.71,166.21
2007-09-09,2007,9,9,252,33.85,32.6,25.5,98.0,100.0,1.5,30.2,999.9,26.0,1.0,1,117.3,153.32
2007-09-10,2007,9,10,253,133.68,34.4,25.7,98.0,100.0,1.9,35.0,1003.6,26.0,1.0,1,124.51,155.4
2007-09-11,2007,9,11,254,103.78,34.1,24.8,98.0,100.0,3.7,35.0,1005.2,26.0,1.0,1,101.72,154.24
2007-09-12,2007,9,12,255,54.62,31.1,26.0,98.0,100.0,1.9,35.0,1003.4,26.0,1.0,1,107.58,150.34
2007-09-13,2007,9,13,256,144.46,32.6,26.1,98.0,100.0,2.5,26.3,1002.0,26.0,1.0,1,109.82,148.82
2007-09-14,2007,9,14,257,48.51,31.7,25.8,98.0,100.0,1.4,28.8,1000.2,26.0,1.0,1,75.03,121.25
2007-09-15,2007,9,15,258,69.73,34.5,23.5,98.0,100.0,1.4,30.6,1001.2,26.0,1.0,1,84.09,119.96
2007-09-16,2007,9,16,259,190.42,34.4,24.3,98.0,100.0,1.3,35.0,1000.5,26.0,1.0,1,106.46,124.71
2007-09-17,2007,9,17,260,106.33,32.7,23.6,98.0,100.0,1.4,35.0,1004.8,26.0,1.0,1,102.55,123.09
2007-09-18,2007,9,18,261,75.95,31.6,25.8,98.0,100.0,3.2,34.7,1003.0,26.0,1.0,1,98.57,122.86
2007-09-19,2007,9,19,262,203.24,33.0,25.3,98.0,100.0,1.7,35.0,1002.0,26.0,1.0,1,119.81,123.59
2007-09-20,2007,9,20,263,75.59,34.3,24.4,98.0,100.0,1.4,35.0,1003.7,26.0,1.0,1,109.97,124.01
2007-09-21,2007,9,21,264,44.38,30.3,24.6,98.0,100.0,2.4,27.0,998.8,26.0,1.0,1,109.38,123.3
2007-09-22,2007,9,22,265,98.36,35.5,24.0,98.0,100.0,2.1,32.3,1001.9,26.0,1.0,1,113.47,123.2
2007-09-23,2007,9,23,266,107.85,31.9,22.4,98.0,100.0,3.3,34.2,1006.6,26.0,1.0,1,101.67,122.92
2007-09-24,2007,9,24,267,25.63,31.9,24.8,98.0,100.0,2.2,27.7,1003.2,26.0,1.0,1,90.14,117.18
2007-09-25,2007,9,25,268,134.16,34.4,25.8,98.0,100.0,3.1,35.0,998.5,26.0,1.0,1,98.46,116.86
2007-09-26,2007,9,26,269,88.8,31.8,23.9,98.0,100.0,1.0,35.0,1001.4,26.0,1.0,1,82.11,113.9
2007-09-27,2007,9,27,270,88.52,31.6,23.1,98.0,100.0,1.9,35.0,1002.1,26.0,1.0,1,83.96,115.17
2007-09-28,2007,9,28,271,169.28,30.2,22.2,98.0,100.0,2.5,35.0,1003.8,26.0,1.0,1,101.8,109.58
2007-09-29,2007,9,29,272,58.65,30.6,22.7,98.0,100.0,1.4,33.7,998.9,26.0,1.0,1,96.13,107.49
2007-09-30,2007,9,30,273,89.45,30.2,21.4,98.0,100.0,2.0,34.6,1002.4,26.0,1.0,1,93.5,109.59
2007-10-01,2007,10,1,274,11.51,28.5,21.7,84.7,100.0,1.0,27.2,1002.6,26.0,1.0,1,91.48,100.29
2007-10-02,2007,10,2,275,2.12,27.9,22.5,91.5,100.0,1.9,22.2,1004.7,25.7,1.0,1,72.62,98.2
2007-10-03,2007,10,3,276,18.02,30.5,23.0,95.6,100.0,0.7,25.5,1004.1,26.0,1.0,1,62.51,96.03
2007-10-04,2007,10,4,277,34.16,28.7,20.8,97.9,100.0,1.3,34.7,1003.5,26.0,1.0,1,54.74,88.39
2007-10-05,2007,10,5,278,2.69,31.6,22.7,87.0,100.0,0.8,20.1,1005.1,26.0,1.0,1,30.94,88.03
2007-10-06,2007,10,6,279,13.13,30.2,24.2,98.0,100.0,1.7,25.9,998.2,26.0,1.0,1,24.44,84.17
2007-10-07,2007,10,7,280,48.59,28.0,22.8,97.4,100.0,2.3,30.6,1000.1,26.0,1.0,1,18.6,76.06
2007-10-08,2007,10,8,281,36.97,32.5,22.7,98.0,100.0,0.7,32.0,1000.1,26.0,1.0,1,22.24,77.08
2007-10-09,2007,10,9,282,8.56,29.4,22.5,91.4,84.4,3.8,31.5,1008.2,26.0,1.0,1,23.16,76.24
2007-10-10,2007,10,10,283,30.03,30.7,20.0,95.0,100.0,1.3,31.2,1003.2,26.0,1.0,1,24.88,72.78
2007-10-11,2007,10,11,284,39.85,32.3,20.0,98.0,100.0,0.1,29.7,1001.5,26.0,1.0,1,25.69,70.65
2007-10-12,2007,10,12,285,11.57,29.6,22.5,96.2,89.7,3.4,26.1,1004.4,26.0,1.0,1,26.96,69.22
2007-10-13,2007,10,13,286,19.5,29.5,22.5,94.7,100.0,2.1,23.8,1000.9,26.0,1.0,1,27.87,65.05
2007-10-14,2007,10,14,287,36.28,31.5,22.8,96.3,100.0,1.5,29.7,1002.5,26.0,1.0,1,26.11,64.64
2007-10-15,2007,10,15,288,3.16,28.8,23.1,93.0,100.0,2.5,26.8,1006.1,26.0,1.0,1,21.28,62.42
2007-10-16,2007,10,16,289,19.95,30.7,20.8,98.0,100.0,3.5,30.6,1003.7,26.0,1.0,1,22.91,56.74
2007-10-17,2007,10,17,290,30.34,28.9,22.4,98.0,100.0,1.9,25.8,1006.3,26.0,1.0,1,22.95,54.21
2007-10-18,2007,10,18,291,22.77,29.1,22.3,98.0,100.0,2.7,28.1,1002.8,26.0,1.0,1,20.51,52.44
2007-10-19,2007,10,19,292,30.4,28.9,22.9,98.0,96.7,0.8,23.5,1002.5,26.0,1.0,1,23.2,46.68
2007-10-20,2007,10,20,293,2.78,28.0,22.9,88.3,91.8,2.9,22.1,1008.2,25.7,1.0,1,20.81,44.25
2007-10-21,2007,10,21,294,21.21,27.6,20.4,98.0,92.8,2.8,24.8,1001.2,26.0,1.0,1,18.66,43.48
2007-10-22,2007,10,22,295,10.94,27.3,20.7,92.2,97.3,2.4,28.7,1008.7,25.4,1.0,1,19.77,40.56
2007-10-23,2007,10,23,296,46.41,26.2,21.0,98.0,100.0,0.6,21.7,1001.9,26.0,1.0,1,23.55,38.51
2007-10-24,2007,10,24,297,23.86,27.4,19.6,98.0,98.1,1.5,31.2,1002.4,26.0,1.0,1,22.62,38.46
2007-10-25,2007,10,25,298,40.06,27.5,21.9,98.0,100.0,2.0,24.1,1002.9,25.8,1.0,1,25.09,35.32
2007-10-26,2007,10,26,299,5.82,28.4,20.2,91.1,87.8,2.9,22.5,1001.0,26.0,1.0,1,21.58,32.55
2007-10-27,2007,10,27,300,21.72,27.5,21.7,88.3,93.9,2.0,31.2,1002.1,25.0,1.0,1,24.29,30.33
2007-10-28,2007,10,28,301,13.52,29.1,22.1,87.1,100.0,2.2,16.9,1001.5,26.0,1.0,1,23.19,25.13
2007-10-29,2007,10,29,302,6.67,28.9,19.8,85.8,100.0,1.1,19.2,1005.3,25.8,1.0,1,22.58,23.4
2007-10-30,2007,10,30,303,8.31,29.3,18.0,91.5,100.0,1.4,25.9,1002.8,26.0,1.0,1,17.14,20.7
2007-10-31,2007,10,31,304,9.43,26.8,19.9,89.7,95.1,2.6,17.9,1003.6,25.2,1.0,1,15.08,20.63
2007-11-01,2007,11,1,305,19.22,26.2,21.5,93.1,100.0,2.6,31.6,1002.1,24.7,1.0,1,12.1,21.2
2007-11-02,2007,11,2,306,31.05,24.8,21.4,95.9,100.0,1.9,25.7,1000.8,24.8,1.0,1,15.7,21.63
2007-11-03,2007,11,3,307,13.78,28.7,19.6,96.7,80.8,4.9,24.3,1004.8,26.0,1.0,1,14.57,20.95
2007-11-04,2007,11,4,308,144.61,24.9,19.8,98.0,100.0,2.9,34.3,1004.7,24.3,1.0,1,33.3,25.68
2007-11-05,2007,11,5,309,10.19,25.1,19.4,89.6,89.5,4.1,21.8,1000.9,23.2,1.0,1,33.8,25.58
2007-11-06,2007,11,6,310,14.56,26.7,18.7,91.3,100.0,0.8,27.3,1002.4,24.8,1.0,1,34.69,24.45
2007-11-07,2007,11,7,311,94.69,25.8,17.3,97.5,100.0,1.6,29.4,1002.2,25.6,1.0,1,46.87,26.37
2007-11-08,2007,11,8,312,26.67,28.3,19.9,93.9,100.0,1.7,23.7,998.5,26.0,1.0,1,47.94,26.98
2007-11-09,2007,11,9,313,9.29,24.8,18.6,95.5,83.1,2.5,22.4,1003.8,24.5,1.0,1,44.83,26.29
2007-11-10,2007,11,10,314,18.47,25.9,19.4,96.7,100.0,1.5,22.2,1003.5,25.4,1.0,1,45.5,25.57
2007-11-11,2007,11,11,315,19.5,23.0,19.8,94.6,99.5,1.1,18.3,1003.0,22.0,1.0,1,27.62,25.84
2007-11-12,2007,11,12,316,19.66,27.5,20.0,88.7,81.7,1.7,25.0,1002.0,26.0,1.0,1,28.98,25.84
2007-11-13,2007,11,13,317,14.02,23.0,18.0,91.0,91.8,1.6,21.7,1004.3,21.7,1.0,1,28.9,25.1
2007-11-14,2007,11,14,318,10.36,29.1,17.6,88.2,93.2,2.3,20.4,1004.2,26.0,1.0,1,16.85,25.34
2007-11-15,2007,11,15,319,8.13,25.1,19.4,88.2,88.8,4.1,28.4,1000.7,22.8,1.0,1,14.2,24.95
2007-11-16,2007,11,16,320,17.72,24.8,19.4,94.9,100.0,0.5,24.9,1004.5,23.7,1.0,1,15.41,24.53
2007-11-17,2007,11,17,321,21.19,25.0,17.9,96.7,100.0,2.6,21.0,1002.9,24.0,1.0,1,15.8,24.47
2007-11-18,2007,11,18,322,49.83,23.4,19.7,98.0,100.0,1.6,26.8,1004.6,23.3,1.0,1,20.13,25.12
2007-11-19,2007,11,19,323,27.22,25.9,18.4,89.8,100.0,1.5,21.4,1002.0,24.3,1.0,1,21.21,25.94
2007-11-20,2007,11,20,324,53.68,24.1,17.4,98.0,100.0,0.9,25.4,1006.0,23.3,1.0,1,26.88,27.02
2007-11-21,2007,11,21,325,12.51,24.2,17.1,88.6,92.7,1.9,18.8,1004.3,23.0,1.0,1,27.18,27.07
2007-11-22,2007,11,22,326,15.11,26.5,18.8,86.9,83.9,3.0,22.2,1005.5,24.2,1.0,1,28.18,26.03
2007-11-23,2007,11,23,327,14.22,22.0,18.4,98.0,93.8,2.8,18.9,1002.3,22.1,1.0,1,27.68,25.71
2007-11-24,2007,11,24,328,27.75,24.1,18.5,98.0,99.5,1.5,19.8,1003.9,23.0,1.0,1,28.62,25.3
2007-11-25,2007,11,25,329,24.79,24.1,16.7,90.5,84.7,4.5,17.4,1003.4,22.1,1.0,1,25.04,25.93
2007-11-26,2007,11,26,330,34.19,24.4,16.0,90.3,100.0,0.6,25.1,1003.5,22.7,1.0,1,26.04,26.34
2007-11-27,2007,11,27,331,2.61,23.2,18.6,77.0,71.7,5.5,20.7,1006.5,18.9,1.0,1,18.74,25.98
2007-11-28,2007,11,28,332,30.26,23.5,19.2,97.1,95.1,1.5,22.3,1001.7,22.5,1.0,1,21.28,26.77
2007-11-29,2007,11,29,333,12.51,26.7,16.0,79.2,76.5,3.4,22.4,1000.1,22.1,1.0,1,20.9,26.91
2007-11-30,2007,11,30,334,21.05,24.6,17.2,89.0,96.7,2.2,15.6,1005.1,22.8,1.0,1,21.88,27.29
2007-12-01,2007,12,1,335,0.0,22.5,20.5,78.3,61.8,4.4,13.3,1004.0,17.8,1.0,0,17.92,26.65
2007-12-02,2007,12,2,336,0.0,24.6,18.2,87.2,66.6,6.1,18.3,1004.2,22.3,1.0,0,14.37,25.62
2007-12-03,2007,12,3,337,0.0,23.6,19.1,88.8,72.4,4.2,20.2,1004.8,20.4,1.0,0,9.49,25.16
2007-12-04,2007,12,4,338,1.13,24.6,19.4,74.9,67.1,4.9,16.7,1004.6,20.3,1.0,0,9.28,20.38
2007-12-05,2007,12,5,339,0.0,23.1,16.8,81.2,72.8,4.3,20.1,1005.8,19.1,1.0,0,4.96,20.04
2007-12-06,2007,12,6,340,0.24,22.1,20.1,81.9,62.1,6.1,19.5,1000.0,18.7,1.0,0,3.2,19.56
2007-12-07,2007,12,7,341,4.28,22.0,16.0,81.3,74.8,3.4,23.6,1005.3,18.4,1.0,0,0.81,16.55
2007-12-08,2007,12,8,342,0.0,24.9,17.8,77.6,58.8,4.7,15.3,1006.9,20.8,1.0,0,0.81,15.66
2007-12-09,2007,12,9,343,0.33,24.1,17.6,86.4,74.3,4.2,16.6,1004.7,20.9,1.0,0,0.85,15.36
2007-12-10,2007,12,10,344,0.0,23.6,16.0,77.6,77.7,3.6,18.1,1006.3,19.1,1.0,0,0.85,14.74
2007-12-11,2007,12,11,345,0.34,23.9,16.2,87.6,79.7,3.2,18.8,1004.0,21.5,1.0,0,0.74,14.1
2007-12-12,2007,12,12,346,0.0,24.8,16.3,76.6,63.9,5.9,11.2,1003.4,20.4,1.0,0,0.74,13.45
2007-12-13,2007,12,13,347,0.0,22.0,16.0,82.0,64.0,4.8,17.0,1005.6,19.6,1.0,0,0.71,12.98
2007-12-14,2007,12,14,348,0.0,22.9,16.0,82.0,89.0,1.5,17.6,1003.6,19.5,1.0,0,0.1,12.64
2007-12-15,2007,12,15,349,0.0,22.0,16.5,75.8,70.3,6.9,15.1,1003.6,17.6,1.0,0,0.1,12.37
2007-12-16,2007,12,16,350,0.82,22.1,16.3,71.5,67.6,4.1,22.8,1004.8,16.2,1.0,0,0.17,11.8
2007-12-17,2007,12,17,351,0.0,23.1,16.0,74.5,71.2,4.9,16.6,1002.9,19.2,1.0,0,0.17,11.1
2007-12-18,2007,12,18,352,0.0,22.0,17.8,73.0,66.5,4.8,14.0,1006.2,16.4,1.0,0,0.12,9.43
2007-12-19,2007,12,19,353,0.0,25.1,16.0,80.7,69.7,2.5,20.1,1005.0,21.7,1.0,0,0.12,8.53
2007-12-20,2007,12,20,354,0.13,22.0,17.0,75.7,65.1,4.4,15.5,1008.0,18.1,1.0,0,0.14,6.74
2007-12-21,2007,12,21,355,0.0,22.0,16.7,82.4,67.7,4.6,16.2,1002.4,18.5,1.0,0,0.14,6.33
2007-12-22,2007,12,22,356,0.0,22.4,16.3,79.0,60.6,3.4,15.8,1005.5,18.0,1.0,0,0.14,5.82
2007-12-23,2007,12,23,357,1.2,22.0,16.0,76.2,60.7,4.6,19.8,1004.7,17.8,1.0,0,0.19,5.39
2007-12-24,2007,12,24,358,0.0,22.0,16.4,76.5,72.8,3.7,14.0,1007.1,18.0,1.0,0,0.19,4.46
2007-12-25,2007,12,25,359,3.51,23.7,16.0,72.3,65.9,4.7,13.7,1007.3,17.9,1.0,0,0.69,3.75
2007-12-26,2007,12,26,360,0.0,23.7,17.7,74.9,52.2,7.3,11.8,1004.2,19.1,1.0,0,0.69,2.61
2007-12-27,2007,12,27,361,1.5,22.4,17.3,76.7,67.1,4.6,14.9,1004.8,17.5,1.0,0,0.89,2.58
2007-12-28,2007,12,28,362,0.0,23.1,16.0,73.6,56.6,5.4,15.3,1004.0,17.5,1.0,0,0.89,1.57
2007-12-29,2007,12,29,363,0.31,25.3,16.0,72.8,50.4,7.2,14.2,1006.7,19.7,1.0,0,0.93,1.16
2007-12-30,2007,12,30,364,0.0,22.0,16.0,78.6,61.9,4.6,13.5,1006.2,18.0,1.0,0,0.76,0.46
2007-12-31,2007,12,31,365,1.14,22.0,16.2,71.1,47.9,8.2,12.6,1004.2,15.0,1.12,0,0.92,0.5
2008-01-01,2008,1,1,1,0.0,22.9,17.7,76.4,49.3,6.0,19.1,1002.8,18.3,1.0,0,0.42,0.5
2008-01-02,2008,1,2,2,0.0,23.3,17.9,78.2,67.1,4.5,11.2,1003.9,19.5,1.0,0,0.42,0.5
2008-01-03,2008,1,3,3,0.0,23.4,16.0,75.6,45.3,6.8,8.3,1008.2,19.1,1.0,0,0.21,0.46
2008-01-04,2008,1,4,4,1.32,23.7,18.2,69.2,53.3,6.7,14.2,1003.7,18.3,1.0,0,0.4,0.5
2008-01-05,2008,1,5,5,0.0,23.5,16.3,73.5,60.0,6.2,19.4,1004.0,17.6,1.38,0,0.35,0.5
2008-01-06,2008,1,6,6,0.53,22.8,16.0,76.6,47.6,7.0,15.9,1003.4,18.3,1.0,0,0.43,0.37
2008-01-07,2008,1,7,7,0.0,23.0,16.3,71.4,59.7,5.1,15.1,1006.0,18.6,1.0,0,0.26,0.37
2008-01-08,2008,1,8,8,0.03,22.6,16.0,68.9,54.1,5.2,16.3,1003.3,16.8,1.0,0,0.27,0.36
2008-01-09,2008,1,9,9,0.0,22.0,18.4,68.5,76.0,4.2,11.5,1006.6,15.8,1.0,0,0.27,0.36
2008-01-10,2008,1,10,10,0.0,22.0,16.0,73.1,51.5,6.8,10.8,1005.5,17.1,1.0,0,0.27,0.35
2008-01-11,2008,1,11,11,0.0,22.0,16.0,70.2,63.4,5.9,13.1,1005.3,16.5,1.0,0,0.08,0.35
2008-01-12,2008,1,12,12,0.0,23.2,18.9,68.8,37.5,6.7,15.8,1006.6,18.8,1.0,0,0.08,0.35
2008-01-13,2008,1,13,13,0.0,22.0,16.9,62.6,37.3,7.8,11.0,1004.5,13.9,1.0,0,0.0,0.35
2008-01-14,2008,1,14,14,0.0,22.2,16.0,78.0,59.7,4.6,10.4,1007.6,17.7,1.0,0,0.0,0.35
2008-01-15,2008,1,15,15,0.0,24.4,18.7,69.3,41.5,7.5,12.0,1004.7,18.4,1.0,0,0.0,0.32
2008-01-16,2008,1,16,16,0.0,23.7,18.0,73.6,43.9,6.7,15.5,1002.7,18.8,1.0,0,0.0,0.32
2008-01-17,2008,1,17,17,3.84,22.0,16.0,77.2,65.2,4.5,14.1,1004.3,18.6,1.0,0,0.55,0.45
2008-01-18,2008,1,18,18,0.0,23.2,16.0,83.4,57.0,6.9,12.6,1002.3,19.8,1.0,0,0.55,0.45
2008-01-19,2008,1,19,19,0.0,22.2,16.6,72.3,49.9,7.5,8.8,1007.4,16.2,1.0,0,0.55,0.45
2008-01-20,2008,1,20,20,0.0,22.0,16.3,70.7,46.6,7.1,10.1,1005.4,15.6,1.0,0,0.55,0.45
2008-01-21,2008,1,21,21,0.0,22.0,16.0,62.9,43.0,6.8,8.5,1003.8,13.8,1.0,0,0.55,0.45
2008-01-22,2008,1,22,22,3.29,22.0,16.5,62.3,26.1,9.6,8.1,1006.1,13.8,1.0,0,1.02,0.52
2008-01-23,2008,1,23,23,0.0,22.0,18.7,59.1,38.8,8.4,8.5,1005.3,14.1,1.0,0,1.02,0.52
2008-01-24,2008,1,24,24,0.0,22.6,17.8,67.7,35.3,8.0,13.8,1004.7,16.4,1.0,0,0.47,0.4
2008-01-25,2008,1,25,25,0.0,25.6,17.1,64.2,46.8,7.6,12.4,1003.3,18.8,1.0,0,0.47,0.4
2008-01-26,2008,1,26,26,1.13,23.9,16.2,66.5,34.0,8.2,11.3,1004.7,16.9,1.0,0,0.63,0.39
2008-01-27,2008,1,27,27,1.11,22.0,16.5,74.0,38.5,7.3,8.4,1001.7,17.5,1.0,0,0.79,0.42
2008-01-28,2008,1,28,28,0.0,22.9,17.5,69.5,29.0,8.9,9.9,1007.9,16.5,1.0,0,0.79,0.41
2008-01-29,2008,1,29,29,0.0,22.9,17.5,67.2,43.4,6.4,11.7,1002.0,16.1,1.0,0,0.32,0.41
2008-01-30,2008,1,30,30,0.0,22.0,16.8,67.8,49.6,5.9,8.2,1006.5,16.2,1.0,0,0.32,0.38
2008-01-31,2008,1,31,31,0.0,22.0,18.1,64.0,28.7,7.5,9.8,1003.5,13.4,1.06,0,0.32,0.38
2008-02-01,2008,2,1,32,0.0,24.0,16.0,64.7,30.4,9.8,10.3,1004.9,17.4,1.0,0,0.32,0.38
2008-02-02,2008,2,2,33,0.0,22.8,18.1,60.9,41.4,7.1,14.9,1006.8,14.7,1.0,0,0.16,0.38
2008-02-03,2008,2,3,34,0.49,22.0,17.7,69.5,36.9,9.0,13.2,1007.3,16.9,1.0,0,0.07,0.35
2008-02-04,2008,2,4,35,0.0,23.7,16.0,73.1,40.4,6.1,15.8,1009.1,18.2,1.0,0,0.07,0.35
2008-02-05,2008,2,5,36,1.33,26.0,16.2,71.9,42.2,9.4,8.5,1007.4,20.4,1.0,0,0.26,0.37
2008-02-06,2008,2,6,37,0.0,23.3,18.8,65.7,32.2,8.3,11.6,1003.9,16.7,1.0,0,0.26,0.37
2008-02-07,2008,2,7,38,0.0,23.4,17.7,69.2,32.5,8.7,10.7,1003.8,17.0,1.0,0,0.26,0.37
2008-02-08,2008,2,8,39,1.76,23.0,17.0,68.2,27.7,7.9,13.3,1005.9,17.1,1.02,0,0.51,0.43
2008-02-09,2008,2,9,40,0.97,22.5,17.6,66.1,25.2,9.0,14.8,1005.2,16.0,1.0,0,0.65,0.46
2008-02-10,2008,2,10,41,0.12,24.4,17.3,66.3,17.7,9.4,6.4,1004.6,18.5,1.0,0,0.6,0.47
2008-02-11,2008,2,11,42,0.0,23.0,17.7,59.3,30.5,7.9,7.7,1002.7,16.1,1.0,0,0.6,0.47
2008-02-12,2008,2,12,43,0.0,24.1,18.5,62.5,31.4,8.3,5.0,1005.5,17.2,1.21,0,0.41,0.47
2008-02-13,2008,2,13,44,0.0,25.7,19.6,61.5,33.0,7.1,11.6,1004.4,17.5,1.0,0,0.41,0.47
2008-02-14,2008,2,14,45,2.83,24.6,16.3,59.4,36.1,9.7,7.0,1007.0,16.1,1.0,0,0.81,0.56
2008-02-15,2008,2,15,46,0.0,22.0,18.9,66.2,32.7,8.2,6.7,1008.0,15.2,1.05,0,0.56,0.56
2008-02-16,2008,2,16,47,2.52,22.0,17.1,67.7,20.9,10.6,10.9,1002.3,15.8,1.0,0,0.78,0.52
2008-02-17,2008,2,17,48,0.0,25.6,16.2,55.0,21.6,11.9,5.0,1004.8,15.8,1.22,0,0.76,0.52
2008-02-18,2008,2,18,49,0.0,23.7,19.3,63.3,20.5,9.1,5.0,1004.5,16.5,1.0,0,0.76,0.52
2008-02-19,2008,2,19,50,0.0,24.3,16.9,61.9,19.7,10.1,7.1,1005.4,16.9,1.0,0,0.76,0.52
2008-02-20,2008,2,20,51,0.0,22.8,19.0,60.6,30.9,9.1,8.7,1004.3,15.8,1.0,0,0.76,0.52
2008-02-21,2008,2,21,52,0.0,25.0,19.2,56.3,26.4,8.1,7.5,1006.5,14.9,1.0,0,0.36,0.41
2008-02-22,2008,2,22,53,4.02,27.0,20.3,64.9,22.1,10.2,9.6,1003.6,20.3,1.0,0,0.93,0.54
2008-02-23,2008,2,23,54,2.1,24.5,19.5,63.7,33.6,9.5,12.0,1006.7,18.0,1.0,0,0.87,0.61
2008-02-24,2008,2,24,55,0.0,25.4,19.6,61.0,23.8,9.1,10.0,1004.6,17.2,1.0,0,0.87,0.61
2008-02-25,2008,2,25,56,5.65,26.4,19.6,68.1,24.5,9.7,7.2,1005.7,19.3,1.0,0,1.68,0.76
2008-02-26,2008,2,26,57,0.0,27.1,18.5,65.2,30.3,8.9,6.3,1002.6,19.6,1.0,0,1.68,0.73
2008-02-27,2008,2,27,58,0.0,23.7,19.9,55.0,35.1,8.1,9.7,1004.7,14.1,1.26,0,1.68,0.73
2008-02-28,2008,2,28,59,0.0,25.4,18.1,65.0,21.3,10.5,7.4,1006.2,18.1,1.0,0,1.68,0.73
2008-02-29,2008,2,29,60,0.48,26.8,17.7,58.2,16.2,9.7,11.2,1005.3,17.3,1.0,0,1.18,0.74
2008-03-01,2008,3,1,61,5.04,27.4,19.2,62.9,29.9,8.5,8.6,1002.1,20.2,1.0,0,1.6,0.91
2008-03-02,2008,3,2,62,16.45,24.5,20.1,74.5,36.7,7.1,6.1,1003.9,20.4,1.0,0,3.95,1.46
2008-03-03,2008,3,3,63,2.0,24.2,18.5,62.2,21.2,9.4,8.5,999.2,16.1,1.0,0,3.42,1.53
2008-03-04,2008,3,4,64,6.15,25.1,18.3,68.2,23.8,10.3,8.4,1000.9,18.8,1.05,0,4.3,1.71
2008-03-05,2008,3,5,65,0.78,25.0,17.1,60.6,24.2,9.4,8.4,1004.6,17.0,1.04,0,4.41,1.74
2008-03-06,2008,3,6,66,7.49,25.2,17.9,68.2,19.3,9.5,5.0,1001.9,19.3,1.0,0,5.48,1.95
2008-03-07,2008,3,7,67,0.0,26.3,18.2,60.8,19.2,8.5,5.0,1005.1,18.7,1.07,0,5.42,1.95
2008-03-08,2008,3,8,68,24.6,25.0,20.5,68.3,27.9,7.9,15.9,1000.0,18.7,1.0,0,8.21,2.77
2008-03-09,2008,3,9,69,16.84,28.3,18.7,67.8,23.3,8.5,7.6,1007.3,22.1,1.12,0,8.27,3.27
2008-03-10,2008,3,10,70,0.0,25.4,19.8,56.3,23.6,9.6,6.3,1003.5,15.5,1.11,0,7.98,3.24
2008-03-11,2008,3,11,71,0.7,25.3,17.5,59.0,36.4,9.7,5.0,1007.4,16.9,1.28,0,7.2,3.26
2008-03-12,2008,3,12,72,12.88,24.5,21.0,68.3,16.9,10.7,9.4,1003.9,18.7,1.1,0,8.93,3.68
2008-03-13,2008,3,13,73,4.22,28.3,19.8,65.9,32.2,8.6,5.0,1004.7,20.6,1.0,0,8.46,3.82
2008-03-14,2008,3,14,74,10.95,24.6,18.0,61.4,25.7,10.0,8.6,1003.4,15.8,1.0,0,10.03,4.19
2008-03-15,2008,3,15,75,12.44,27.3,19.0,72.4,0.0,11.5,9.7,1005.7,22.9,1.07,0,8.29,4.51
2008-03-16,2008,3,16,76,25.59,27.8,18.8,76.2,33.6,6.4,9.4,1004.3,22.7,1.0,0,9.54,5.36
2008-03-17,2008,3,17,77,5.99,22.5,20.1,59.3,49.8,7.6,9.9,1004.3,14.6,1.0,0,10.4,5.48
2008-03-18,2008,3,18,78,5.14,25.1,19.5,60.8,6.1,12.1,8.1,1004.8,16.5,1.19,0,11.03,5.65
2008-03-19,2008,3,19,79,0.0,26.6,19.7,60.1,30.0,8.1,8.1,1007.7,18.5,1.11,0,9.19,5.65
2008-03-20,2008,3,20,80,7.06,30.1,19.1,68.2,29.9,9.1,7.4,1004.3,23.1,1.0,0,9.6,5.89
2008-03-21,2008,3,21,81,0.0,26.9,18.7,62.4,14.2,11.4,7.1,1004.9,19.1,1.0,0,8.03,5.89
2008-03-22,2008,3,22,82,3.53,26.8,21.3,60.5,25.5,8.4,13.9,1002.6,19.2,1.0,0,6.76,6.0
2008-03-23,2008,3,23,83,2.66,26.6,21.6,56.3,24.4,10.6,6.8,1005.0,17.2,1.0,0,3.48,5.96
2008-03-24,2008,3,24,84,3.95,26.7,19.7,55.0,20.8,10.7,5.0,1004.7,15.9,1.38,0,3.19,6.02
2008-03-25,2008,3,25,85,0.0,27.0,21.2,61.2,18.2,11.2,6.3,1007.3,18.8,1.06,0,2.46,6.02
2008-03-26,2008,3,26,86,23.13,27.1,19.6,75.4,31.5,10.5,13.2,1003.9,22.2,1.0,0,5.76,6.6
2008-03-27,2008,3,27,87,4.99,27.2,21.7,62.3,25.1,8.9,5.0,1005.6,18.9,1.0,0,5.47,6.77
2008-03-28,2008,3,28,88,0.0,27.3,20.7,61.7,25.0,10.2,5.0,1007.5,19.1,1.0,0,5.47,6.77
2008-03-29,2008,3,29,89,0.0,27.9,20.1,60.8,28.2,8.3,5.0,1003.0,20.1,1.0,0,4.96,6.77
2008-03-30,2008,3,30,90,14.99,30.1,19.8,59.3,23.2,9.3,9.4,1004.7,22.6,1.3,0,6.72,7.25
2008-03-31,2008,3,31,91,0.0,27.1,22.4,66.3,26.0,11.0,5.3,1001.9,20.7,1.02,0,6.16,7.08
2008-04-01,2008,4,1,92,0.0,27.9,19.6,56.9,9.7,11.7,10.0,1001.5,18.0,1.0,0,6.16,6.54
2008-04-02,2008,4,2,93,18.72,28.3,21.2,63.8,13.7,10.2,9.2,1001.9,20.1,1.0,0,5.53,7.09
2008-04-03,2008,4,3,94,2.99,29.2,19.1,63.3,19.2,9.5,11.8,1004.0,20.9,1.0,0,5.24,6.99
2008-04-04,2008,4,4,95,0.0,28.2,20.4,57.2,10.9,11.0,5.0,1001.4,18.9,1.23,0,5.24,6.96
2008-04-05,2008,4,5,96,2.87,32.6,20.1,56.3,21.0,9.4,7.8,1003.1,22.8,1.27,0,5.65,6.81
2008-04-06,2008,4,6,97,9.09,30.5,18.8,67.9,30.3,7.7,10.5,1003.2,23.9,1.0,0,4.81,7.11
2008-04-07,2008,4,7,98,7.8,31.2,21.2,64.1,25.4,9.5,8.4,1002.6,23.5,1.0,0,5.92,6.55
2008-04-08,2008,4,8,99,3.69,30.2,21.5,65.8,20.3,9.1,9.2,1006.6,22.6,1.0,0,6.45,6.11
2008-04-09,2008,4,9,100,1.31,32.1,20.6,59.4,14.2,10.3,8.2,1006.4,22.8,1.4,0,3.96,6.16
2008-04-10,2008,4,10,101,24.16,28.4,21.4,66.8,37.0,9.9,6.9,1002.5,21.5,1.0,0,6.99,6.94
2008-04-11,2008,4,11,102,0.0,29.4,21.9,61.4,30.1,8.8,5.0,1006.1,21.8,1.0,0,6.99,6.51
2008-04-12,2008,4,12,103,12.67,29.2,20.0,67.0,28.3,8.2,9.4,1004.1,22.1,1.22,0,8.39,6.79
2008-04-13,2008,4,13,104,0.0,30.3,22.4,57.9,14.9,11.2,13.3,1001.7,20.9,1.48,0,7.09,6.43
2008-04-14,2008,4,14,105,6.77,33.1,23.2,60.6,29.5,9.4,6.3,1006.7,25.3,1.0,0,6.94,6.24
2008-04-15,2008,4,15,106,0.0,34.1,22.9,64.3,13.5,11.7,9.0,1006.2,26.0,1.08,0,6.42,5.38
2008-04-16,2008,4,16,107,0.0,32.4,23.0,62.1,14.0,10.8,7.2,1004.0,24.0,1.0,0,6.23,5.18
2008-04-17,2008,4,17,108,14.62,31.0,22.6,67.7,35.0,8.8,11.1,1007.6,23.7,1.0,0,4.87,5.5
2008-04-18,2008,4,18,109,0.0,32.9,23.3,55.0,9.0,11.6,7.7,1003.6,23.3,1.22,0,4.87,5.5
2008-04-19,2008,4,19,110,0.0,33.6,24.2,62.0,12.8,12.0,5.2,1003.3,25.4,1.55,0,3.06,5.26
2008-04-20,2008,4,20,111,0.0,33.3,26.1,62.6,33.1,8.1,9.4,1006.6,25.3,1.0,0,3.06,5.26
2008-04-21,2008,4,21,112,5.21,31.4,21.9,62.3,12.0,11.9,9.1,1003.3,23.7,1.34,0,2.83,5.32
2008-04-22,2008,4,22,113,29.27,31.6,22.2,72.9,35.2,8.9,16.9,1003.9,26.0,1.13,0,7.01,6.21
2008-04-23,2008,4,23,114,5.92,30.9,22.2,61.3,39.2,9.0,10.2,999.8,22.3,1.0,0,7.86,6.27
2008-04-24,2008,4,24,115,0.0,31.7,25.0,62.9,29.2,8.4,5.0,1005.5,24.0,1.0,0,5.77,6.27
2008-04-25,2008,4,25,116,0.71,31.0,25.4,55.9,15.2,10.1,10.1,1005.0,20.5,1.26,0,5.87,5.53
2008-04-26,2008,4,26,117,5.12,32.2,24.5,67.7,31.7,7.8,11.1,1006.3,24.9,1.0,0,6.6,5.53
2008-04-27,2008,4,27,118,8.3,32.4,22.1,62.4,30.8,8.7,10.5,1002.0,24.4,1.55,0,7.79,5.81
2008-04-28,2008,4,28,119,3.97,31.3,23.4,65.6,19.1,10.3,12.7,1006.0,25.0,1.44,0,7.61,5.94
2008-04-29,2008,4,29,120,20.07,36.7,24.3,74.4,41.7,7.1,5.5,1002.7,26.0,1.0,0,6.3,6.11
2008-04-30,2008,4,30,121,25.45,33.3,24.4,74.8,50.1,6.8,16.5,1004.0,26.0,1.0,0,9.09,6.96
2008-05-01,2008,5,1,122,0.0,34.9,26.4,64.1,39.4,8.6,9.1,1004.7,26.0,1.17,0,9.09,6.96
2008-05-02,2008,5,2,123,21.49,34.9,25.4,73.5,41.9,8.9,14.5,1002.5,26.0,1.0,0,12.06,7.05
2008-05-03,2008,5,3,124,0.0,36.1,25.5,68.7,36.2,8.7,6.0,1004.8,26.0,1.0,0,11.33,6.95
2008-05-04,2008,5,4,125,13.66,32.0,23.8,68.8,26.9,9.8,5.2,1003.4,26.0,1.06,0,12.09,7.4
2008-05-05,2008,5,5,126,0.94,32.6,24.9,67.3,43.7,7.8,8.3,1001.0,25.5,1.0,0,11.66,7.34
2008-05-06,2008,5,6,127,0.02,30.9,22.5,58.4,19.2,9.9,9.1,1004.8,21.5,1.15,0,8.79,7.04
2008-05-07,2008,5,7,128,23.89,31.3,24.7,68.6,32.7,8.8,8.4,1001.3,25.0,1.0,0,8.57,7.57
2008-05-08,2008,5,8,129,11.5,32.3,24.9,74.3,34.2,8.7,12.4,1003.8,26.0,1.0,0,10.21,7.84
2008-05-09,2008,5,9,130,10.47,33.7,23.3,67.1,29.7,10.0,11.6,1007.5,26.0,1.72,0,8.64,8.14
2008-05-10,2008,5,10,131,8.4,33.9,24.5,65.4,23.5,10.8,14.9,1006.6,26.0,1.0,0,9.84,7.61
2008-05-11,2008,5,11,132,2.69,38.0,26.7,64.1,28.5,9.6,9.7,1005.6,26.0,1.25,0,8.27,7.7
2008-05-12,2008,5,12,133,11.9,35.1,25.0,66.2,47.2,7.1,14.9,1000.6,26.0,1.15,0,9.84,7.68
2008-05-13,2008,5,13,134,8.25,35.9,25.8,67.2,29.7,7.7,10.7,1002.5,26.0,1.0,0,11.01,7.95
2008-05-14,2008,5,14,135,7.46,34.7,28.0,63.6,28.4,8.8,11.0,1003.3,26.0,1.36,0,8.67,7.98
2008-05-15,2008,5,15,136,1.9,32.7,24.7,63.3,42.9,8.4,11.9,1006.6,24.0,1.11,0,7.3,8.04
2008-05-16,2008,5,16,137,2.33,35.2,26.4,66.3,17.7,10.3,10.5,1005.8,26.0,1.0,0,6.13,8.12
2008-05-17,2008,5,17,138,5.26,32.4,25.2,73.8,45.1,7.7,8.2,1007.2,26.0,1.0,0,5.68,7.81
2008-05-18,2008,5,18,139,4.01,34.7,26.8,67.0,33.5,7.8,6.4,1005.6,26.0,1.0,0,5.87,7.94
2008-05-19,2008,5,19,140,12.21,36.1,25.5,63.6,40.3,8.1,9.1,1005.2,26.0,1.0,0,5.92,8.35
2008-05-20,2008,5,20,141,4.29,34.3,26.9,71.7,40.9,8.9,11.9,1005.3,26.0,1.06,0,5.35,8.49
2008-05-21,2008,5,21,142,0.78,35.6,27.4,69.5,47.8,6.2,11.4,1005.4,26.0,1.26,0,4.4,8.34
2008-05-22,2008,5,22,143,7.06,34.5,25.5,66.0,28.2,6.6,15.1,1001.0,26.0,1.0,0,5.13,7.6
2008-05-23,2008,5,23,144,0.41,33.8,27.1,69.6,26.8,8.7,10.3,1004.1,26.0,1.0,0,4.86,7.42
2008-05-24,2008,5,24,145,5.85,36.3,23.9,68.6,41.9,8.4,12.6,1006.1,26.0,1.35,0,4.94,7.61
2008-05-25,2008,5,25,146,1.46,37.3,26.1,73.2,31.5,8.5,13.4,1007.9,26.0,1.37,0,4.58,7.64
2008-05-26,2008,5,26,147,0.0,37.4,27.6,76.5,48.6,8.2,6.5,1004.2,26.0,1.0,0,2.84,7.47
2008-05-27,2008,5,27,148,7.93,35.5,28.0,72.2,46.3,8.6,9.0,1006.2,26.0,1.0,0,3.36,7.46
2008-05-28,2008,5,28,149,1.62,32.7,24.7,71.2,43.5,7.0,14.3,1003.8,25.8,1.0,0,3.48,7.38
2008-05-29,2008,5,29,150,12.36,36.2,24.9,79.1,43.1,8.8,10.2,1002.9,26.0,1.0,0,4.23,7.12
2008-05-30,2008,5,30,151,7.95,38.0,25.7,75.2,45.4,8.7,10.3,999.8,26.0,1.0,0,5.31,6.54
2008-05-31,2008,5,31,152,141.16,34.3,26.6,84.7,76.6,4.9,25.3,1005.3,26.0,1.0,1,24.64,11.24
2008-06-01,2008,6,1,153,72.76,38.0,25.7,81.5,82.7,4.0,18.3,1003.5,26.0,1.0,1,34.83,12.95
2008-06-02,2008,6,2,154,19.98,33.3,27.6,71.3,46.4,8.7,11.4,1001.6,26.0,1.0,1,37.68,13.62
2008-06-03,2008,6,3,155,358.36,37.1,26.2,82.6,73.5,6.4,23.4,1006.3,26.0,1.0,1,87.74,25.11
2008-06-04,2008,6,4,156,234.04,37.8,25.7,83.0,87.6,3.7,21.7,1002.6,26.0,1.0,1,120.94,32.88
2008-06-05,2008,6,5,157,229.88,38.0,25.4,84.3,73.0,5.4,19.1,1005.5,26.0,1.0,1,152.02,40.54
2008-06-06,2008,6,6,158,123.69,37.4,26.8,76.9,92.0,3.9,23.7,1000.2,26.0,1.0,1,168.55,43.87
2008-06-07,2008,6,7,159,120.0,36.3,27.3,83.0,68.2,7.1,25.6,1005.2,26.0,1.0,1,165.53,47.48
2008-06-08,2008,6,8,160,78.79,37.1,27.9,82.8,89.2,4.6,20.8,1004.7,26.0,1.0,1,166.39,49.76
2008-06-09,2008,6,9,161,138.4,35.9,26.4,79.5,80.2,4.1,23.8,1002.7,26.0,1.0,1,183.31,54.09
2008-06-10,2008,6,10,162,141.01,34.0,27.5,86.9,81.0,5.4,28.2,1001.9,26.0,1.0,1,152.26,58.7
2008-06-11,2008,6,11,163,145.47,36.7,28.0,89.3,100.0,0.8,26.0,1001.0,26.0,1.0,1,139.61,63.16
2008-06-12,2008,6,12,164,182.46,37.9,28.0,85.9,82.7,4.7,21.8,1004.9,26.0,1.0,1,132.83,68.96
2008-06-13,2008,6,13,165,132.23,38.0,26.5,81.0,74.6,7.3,28.3,1001.5,26.0,1.0,1,134.05,73.12
2008-06-14,2008,6,14,166,187.68,36.5,27.9,86.0,85.4,3.0,26.5,998.1,26.0,1.0,1,143.72,79.31
2008-06-15,2008,6,15,167,87.62,38.0,26.9,88.8,89.1,3.5,24.3,1005.0,26.0,1.0,1,144.98,82.16
2008-06-16,2008,6,16,168,96.69,37.1,26.6,89.1,86.8,3.4,27.2,1003.2,26.0,1.0,1,139.02,85.2
2008-06-17,2008,6,17,169,77.02,38.0,26.1,85.8,78.0,4.4,22.9,1002.2,26.0,1.0,1,129.88,87.64
2008-06-18,2008,6,18,170,301.17,38.0,28.0,89.1,86.9,4.6,25.4,1001.9,26.0,1.0,1,152.12,97.27
2008-06-19,2008,6,19,171,84.06,37.6,26.4,84.2,87.3,4.5,24.7,1007.6,26.0,1.0,1,138.07,99.93
2008-06-20,2008,6,20,172,43.17,37.4,27.1,87.4,63.2,6.7,23.7,1002.1,26.0,1.09,1,125.34,101.34
2008-06-21,2008,6,21,173,149.27,38.0,25.0,86.5,93.2,3.4,22.8,1001.9,26.0,1.0,1,119.86,106.08
2008-06-22,2008,6,22,174,142.19,35.1,28.0,85.3,100.0,3.1,27.8,1002.1,26.0,1.0,1,127.65,110.81
2008-06-23,2008,6,23,175,227.26,37.8,27.3,92.5,100.0,2.0,25.8,1001.1,26.0,1.0,1,146.31,118.19
2008-06-24,2008,6,24,176,57.84,35.0,28.0,87.3,90.8,3.9,20.9,1001.9,26.0,1.0,1,143.57,120.07
2008-06-25,2008,6,25,177,40.53,35.1,27.9,85.7,66.5,6.3,17.4,1003.3,26.0,1.0,1,106.33,121.42
2008-06-26,2008,6,26,178,151.45,37.7,27.6,91.5,100.0,1.9,29.7,1001.6,26.0,1.0,1,115.96,126.2
2008-06-27,2008,6,27,179,283.67,37.0,28.0,89.5,93.1,3.1,28.8,998.9,26.0,1.0,1,150.32,135.61
2008-06-28,2008,6,28,180,133.21,38.0,27.5,86.1,96.3,2.9,21.9,999.9,26.0,1.0,1,148.02,139.63
2008-06-29,2008,6,29,181,311.03,37.5,25.3,89.4,95.3,2.9,29.0,1003.8,26.0,1.0,1,172.14,149.74
2008-06-30,2008,6,30,182,135.28,38.0,27.8,84.4,88.1,3.3,23.0,1000.3,26.0,1.0,1,159.0,149.54
2008-07-01,2008,7,1,183,247.09,38.0,28.0,95.5,100.0,1.9,28.5,1003.2,26.0,1.0,1,186.04,155.35
2008-07-02,2008,7,2,184,127.84,36.1,26.5,86.4,100.0,1.7,20.2,1005.1,26.0,1.0,1,198.51,158.95
2008-07-03,2008,7,3,185,362.42,35.3,25.0,98.0,100.0,2.3,20.6,1003.4,26.0,1.0,1,228.65,159.08
2008-07-04,2008,7,4,186,147.71,35.9,26.7,88.3,100.0,2.6,29.0,1002.8,26.0,1.0,1,209.23,156.2
2008-07-05,2008,7,5,187,290.1,38.0,28.0,94.3,94.2,4.3,32.8,1002.5,26.0,1.0,1,231.64,158.21
2008-07-06,2008,7,6,188,193.0,38.0,26.2,98.0,100.0,1.1,32.4,1002.6,26.0,1.0,1,214.78,160.52
2008-07-07,2008,7,7,189,101.59,36.6,27.5,92.9,100.0,3.1,27.6,1002.3,26.0,1.0,1,209.96,159.91
2008-07-08,2008,7,8,190,199.15,38.0,28.0,91.3,88.0,5.3,31.0,1000.2,26.0,1.0,1,203.12,163.92
2008-07-09,2008,7,9,191,221.4,37.7,26.5,92.9,100.0,0.9,28.3,1002.1,26.0,1.0,1,216.48,166.69
2008-07-10,2008,7,10,192,210.46,36.4,28.0,89.6,100.0,3.9,29.6,1004.3,26.0,1.0,1,194.77,169.0
2008-07-11,2008,7,11,193,112.29,38.0,28.0,84.9,100.0,3.8,27.8,1004.9,26.0,1.0,1,189.71,167.9
2008-07-12,2008,7,12,194,295.82,38.0,26.4,96.0,100.0,2.6,31.3,1001.9,26.0,1.0,1,190.53,171.67
2008-07-13,2008,7,13,195,185.65,37.9,28.0,85.7,100.0,2.3,31.4,1003.7,26.0,1.0,1,189.48,173.46
2008-07-14,2008,7,14,196,109.71,38.0,26.6,88.2,100.0,1.9,30.4,1003.4,26.0,1.23,1,190.64,170.86
2008-07-15,2008,7,15,197,105.7,38.0,27.0,94.1,100.0,2.2,25.1,1002.7,26.0,1.0,1,177.29,171.46
2008-07-16,2008,7,16,198,190.62,38.0,27.6,91.9,100.0,2.3,31.6,1002.8,26.0,1.0,1,172.89,174.59
2008-07-17,2008,7,17,199,135.82,36.7,28.0,96.6,100.0,2.2,30.4,1002.7,26.0,1.0,1,162.23,176.55
2008-07-18,2008,7,18,200,349.1,38.0,27.5,98.0,100.0,2.0,30.7,1002.2,26.0,1.0,1,196.06,178.15
2008-07-19,2008,7,19,201,636.32,35.7,28.0,94.3,100.0,4.2,18.3,1002.4,26.0,1.0,1,244.7,196.56
2008-07-20,2008,7,20,202,69.53,38.0,28.0,91.6,92.0,3.2,22.4,1004.0,26.0,1.0,1,228.11,197.44
2008-07-21,2008,7,21,203,93.5,38.0,27.8,98.0,99.4,2.2,32.3,1000.7,26.0,1.0,1,225.8,195.58
2008-07-22,2008,7,22,204,305.78,38.0,26.7,98.0,100.0,2.7,35.0,999.7,26.0,1.0,1,254.38,201.03
2008-07-23,2008,7,23,205,174.94,36.2,28.0,98.0,100.0,3.5,27.7,1000.9,26.0,1.0,1,252.14,199.28
2008-07-24,2008,7,24,206,74.05,38.0,26.8,98.0,96.0,2.3,29.1,1001.9,26.0,1.0,1,243.32,199.83
2008-07-25,2008,7,25,207,296.44,36.6,27.1,95.7,100.0,3.2,22.5,1002.4,26.0,1.0,1,235.79,208.36
2008-07-26,2008,7,26,208,140.88,37.9,28.0,95.3,100.0,2.7,29.5,1002.8,26.0,1.0,1,165.02,208.0
2008-07-27,2008,7,27,209,210.19,38.0,28.0,93.4,100.0,2.1,30.2,1001.2,26.0,1.0,1,185.11,205.55
2008-07-28,2008,7,28,210,274.43,38.0,27.1,98.0,100.0,2.9,29.0,1005.9,26.0,1.0,1,210.96,210.26
2008-07-29,2008,7,29,211,190.8,36.6,26.9,98.0,100.0,3.6,35.0,1003.4,26.0,1.0,1,194.53,206.25
2008-07-30,2008,7,30,212,310.94,36.4,28.0,98.0,100.0,2.6,32.0,1001.6,26.0,1.0,1,213.96,212.11
2008-07-31,2008,7,31,213,45.23,37.5,24.6,87.3,96.5,3.4,24.3,1001.9,26.0,1.0,1,209.84,205.38
2008-08-01,2008,8,1,214,513.08,37.5,27.6,98.0,100.0,2.6,32.9,1002.0,26.0,1.0,1,240.79,218.22
2008-08-02,2008,8,2,215,140.19,37.5,27.2,96.5,100.0,5.1,34.8,1003.7,26.0,1.0,1,240.69,210.81
2008-08-03,2008,8,3,216,509.71,35.1,26.6,90.3,100.0,2.6,28.0,1005.4,26.0,1.0,1,283.48,222.88
2008-08-04,2008,8,4,217,149.02,38.0,27.4,93.6,100.0,4.3,28.9,1005.7,26.0,1.0,1,265.57,218.18
2008-08-05,2008,8,5,218,29.07,38.0,25.8,91.4,84.8,5.0,19.2,1004.0,26.0,1.0,1,242.46,212.71
2008-08-06,2008,8,6,219,87.6,37.8,25.4,95.7,100.0,2.5,31.2,1000.7,26.0,1.0,1,210.56,212.25
2008-08-07,2008,8,7,220,23.98,35.7,28.0,92.8,89.9,3.0,24.4,1005.3,26.0,1.0,1,207.52,206.41
2008-08-08,2008,8,8,221,191.46,36.0,26.1,98.0,100.0,2.4,29.5,1001.9,26.0,1.0,1,161.58,205.41
2008-08-09,2008,8,9,222,106.63,35.5,26.7,98.0,100.0,2.9,35.0,1002.2,26.0,1.0,1,156.78,201.95
2008-08-10,2008,8,10,223,404.11,35.3,24.1,98.0,100.0,2.8,34.9,1002.5,26.0,1.0,1,141.7,211.68
2008-08-11,2008,8,11,224,43.9,35.8,24.7,97.4,100.0,1.6,24.2,1001.0,26.0,1.0,1,126.68,203.28
2008-08-12,2008,8,12,225,104.34,37.3,27.0,98.0,100.0,2.6,29.5,1002.2,26.0,1.0,1,137.43,200.57
2008-08-13,2008,8,13,226,62.5,36.8,27.9,98.0,100.0,1.7,25.7,1000.8,26.0,1.0,1,133.85,199.0
2008-08-14,2008,8,14,227,51.47,38.0,25.7,95.7,97.2,3.8,27.1,1004.6,26.0,1.0,1,137.77,197.19
2008-08-15,2008,8,15,228,169.3,34.2,28.0,98.0,100.0,1.4,35.0,999.9,26.0,1.0,1,134.61,196.48
2008-08-16,2008,8,16,229,400.69,35.0,28.0,98.0,100.0,1.2,30.2,1005.4,26.0,1.0,1,176.62,205.31
2008-08-17,2008,8,17,230,151.86,33.3,27.5,96.4,100.0,2.5,34.6,1003.5,26.0,1.0,1,140.58,198.73
2008-08-18,2008,8,18,231,74.73,36.4,27.6,98.0,100.0,1.9,32.4,1002.7,26.0,1.0,1,144.98,180.01
2008-08-19,2008,8,19,232,34.47,38.0,27.9,93.3,100.0,2.6,21.0,1001.1,26.0,1.0,1,135.0,178.84
2008-08-20,2008,8,20,233,64.26,35.3,25.6,95.1,100.0,3.4,33.5,1006.0,26.0,1.0,1,135.25,177.87
2008-08-21,2008,8,21,234,43.02,38.0,25.6,98.0,100.0,3.7,26.3,1005.8,26.0,1.0,1,134.05,169.11
2008-08-22,2008,8,22,235,246.11,36.9,26.9,98.0,100.0,1.1,31.7,1002.7,26.0,1.0,1,145.02,171.48
2008-08-23,2008,8,23,236,44.31,37.0,24.5,98.0,100.0,2.0,28.1,1000.5,26.0,1.0,1,94.11,170.49
2008-08-24,2008,8,24,237,102.14,36.5,26.3,98.0,100.0,2.8,32.7,1001.1,26.0,1.0,1,87.01,164.01
2008-08-25,2008,8,25,238,85.74,38.0,26.4,98.0,100.0,3.1,35.0,1002.2,26.0,1.0,1,88.58,162.18
2008-08-26,2008,8,26,239,212.98,35.1,26.7,98.0,100.0,1.0,31.9,1000.8,26.0,1.0,1,114.08,162.27
2008-08-27,2008,8,27,240,84.24,36.4,26.4,98.0,100.0,1.8,34.5,1002.1,26.0,1.0,1,116.93,155.93
2008-08-28,2008,8,28,241,118.03,38.0,24.1,98.0,100.0,3.7,35.0,1000.5,26.0,1.0,1,127.65,153.5
2008-08-29,2008,8,29,242,148.93,33.6,23.5,98.0,100.0,1.9,30.6,1001.5,26.0,1.0,1,113.77,148.1
2008-08-30,2008,8,30,243,128.7,34.7,25.6,98.0,100.0,2.9,34.2,1003.0,26.0,1.0,1,125.82,150.89
2008-08-31,2008,8,31,244,183.61,35.8,28.0,98.0,100.0,3.3,31.3,1001.6,26.0,1.0,1,137.46,139.9
2008-09-01,2008,9,1,245,72.56,33.5,24.2,97.5,100.0,3.1,34.4,1001.3,26.0,1.0,1,135.58,137.65
2008-09-02,2008,9,2,246,51.42,33.4,24.9,96.5,100.0,2.1,22.6,1001.9,26.0,1.0,1,112.5,122.37
2008-09-03,2008,9,3,247,70.09,37.6,25.6,95.8,100.0,3.2,35.0,1001.0,26.0,1.0,1,110.48,119.74
2008-09-04,2008,9,4,248,126.1,33.3,24.5,98.0,100.0,1.9,32.8,1001.1,26.0,1.0,1,111.63,122.98
2008-09-05,2008,9,5,249,45.1,33.8,25.8,98.0,100.0,0.6,29.6,1007.0,26.0,1.0,1,96.8,121.56
2008-09-06,2008,9,6,250,98.0,34.6,25.8,98.0,100.0,0.3,35.0,1001.1,26.0,1.0,1,92.41,124.03
2008-09-07,2008,9,7,251,194.72,34.8,26.7,98.0,100.0,1.9,32.9,1003.0,26.0,1.0,1,94.0,124.14
2008-09-08,2008,9,8,252,92.14,33.2,25.5,98.0,100.0,2.5,32.6,1000.4,26.0,1.0,1,96.8,123.65
2008-09-09,2008,9,9,253,148.56,33.6,24.3,98.0,100.0,1.4,35.0,998.7,26.0,1.0,1,110.67,115.13
2008-09-10,2008,9,10,254,56.0,32.3,25.7,98.0,100.0,2.6,34.8,1000.8,26.0,1.0,1,108.66,115.54
2008-09-11,2008,9,11,255,94.92,32.8,24.5,98.0,100.0,1.3,35.0,1002.2,26.0,1.0,1,104.21,115.22
2008-09-12,2008,9,12,256,146.51,34.6,24.0,98.0,100.0,2.7,33.5,1000.8,26.0,1.0,1,118.69,118.02
2008-09-13,2008,9,13,257,163.6,34.8,23.9,98.0,100.0,3.1,35.0,999.0,26.0,1.0,1,128.06,121.76
2008-09-14,2008,9,14,258,168.8,34.8,23.7,98.0,100.0,2.4,35.0,1001.4,26.0,1.0,1,124.36,121.74
2008-09-15,2008,9,15,259,178.22,33.1,25.5,98.0,100.0,1.1,34.0,1002.4,26.0,1.0,1,136.66,114.33
2008-09-16,2008,9,16,260,29.36,32.7,25.4,94.0,100.0,1.4,28.1,1003.8,26.0,1.0,1,119.63,110.25
2008-09-17,2008,9,17,261,185.38,30.9,24.4,98.0,100.0,1.9,35.0,1002.1,26.0,1.0,1,138.11,113.93
2008-09-18,2008,9,18,262,54.21,32.2,23.4,98.0,100.0,2.4,35.0,1000.7,26.0,1.0,1,132.3,114.59
2008-09-19,2008,9,19,263,26.68,32.9,24.1,98.0,100.0,2.0,28.9,1004.6,26.0,1.0,1,115.18,113.34
2008-09-20,2008,9,20,264,188.32,34.1,22.9,98.0,100.0,0.9,35.0,1006.1,26.0,1.0,1,118.71,118.18
2008-09-21,2008,9,21,265,180.43,29.5,23.6,98.0,100.0,2.9,35.0,1002.8,26.0,1.0,1,120.37,115.99
2008-09-22,2008,9,22,266,151.14,31.7,21.8,98.0,100.0,3.3,35.0,1005.2,26.0,1.0,1,116.5,119.55
2008-09-23,2008,9,23,267,123.39,28.7,23.3,98.0,100.0,2.3,35.0,1003.7,26.0,1.0,1,129.94,120.26
2008-09-24,2008,9,24,268,60.13,29.6,24.4,97.6,100.0,2.0,32.9,1006.2,26.0,1.0,1,112.04,119.41
2008-09-25,2008,9,25,269,113.38,33.8,22.7,98.0,100.0,1.0,34.8,1002.6,26.0,1.0,1,120.5,116.09
2008-09-26,2008,9,26,270,182.02,29.8,24.4,98.0,100.0,0.0,30.9,1004.1,26.0,1.0,1,142.69,119.35
2008-09-27,2008,9,27,271,100.21,31.7,23.8,98.0,100.0,2.0,31.7,1005.0,26.0,1.0,1,130.1,118.75
2008-09-28,2008,9,28,272,86.06,33.0,23.5,98.0,100.0,2.3,30.3,1002.4,26.0,1.0,1,116.62,116.66
2008-09-29,2008,9,29,273,92.2,30.6,22.2,98.0,100.0,3.2,35.0,1003.8,26.0,1.0,1,108.2,115.44
2008-09-30,2008,9,30,274,7.21,29.3,21.7,92.1,93.1,3.2,25.9,1004.0,26.0,1.0,1,91.6,109.56
2008-10-01,2008,10,1,275,7.02,31.2,23.9,86.8,100.0,3.2,20.8,1002.6,26.0,1.0,1,84.01,107.38
2008-10-02,2008,10,2,276,18.8,33.2,21.2,98.0,100.0,2.4,23.9,999.6,26.0,1.0,1,70.5,106.29
2008-10-03,2008,10,3,277,18.55,32.2,22.1,98.0,92.0,3.7,25.5,1004.9,26.0,1.0,1,47.15,104.57
2008-10-04,2008,10,4,278,6.9,30.2,22.7,93.4,100.0,1.0,28.6,1006.9,26.0,1.0,1,33.82,100.6
2008-10-05,2008,10,5,279,34.56,29.6,25.2,98.0,100.0,2.4,27.1,1002.0,26.0,1.0,1,26.46,100.25
2008-10-06,2008,10,6,280,10.44,32.1,23.1,98.0,94.7,2.2,29.2,1001.6,26.0,1.0,1,14.78,97.33
2008-10-07,2008,10,7,281,7.99,28.0,21.4,98.0,100.0,2.0,14.9,1004.6,26.0,1.0,1,14.89,91.1
2008-10-08,2008,10,8,282,31.76,31.5,22.0,98.0,100.0,2.4,30.6,1003.1,26.0,1.0,1,18.43,89.09
2008-10-09,2008,10,9,283,14.94,29.1,21.7,87.5,98.4,1.7,21.0,1000.1,26.0,1.0,1,17.88,84.64
2008-10-10,2008,10,10,284,39.22,27.6,22.2,97.8,92.5,1.5,28.3,1005.2,26.0,1.0,1,20.83,84.08
2008-10-11,2008,10,11,285,214.85,27.0,23.0,98.0,100.0,1.7,32.0,1001.1,26.0,1.0,1,50.54,88.08
2008-10-12,2008,10,12,286,27.25,32.0,20.9,98.0,100.0,1.1,26.1,1001.7,26.0,1.0,1,49.49,84.1
2008-10-13,2008,10,13,287,112.82,29.1,21.8,98.0,100.0,2.6,33.9,1000.9,26.0,1.0,1,64.12,82.41
2008-10-14,2008,10,14,288,52.46,27.9,22.6,97.6,100.0,2.6,28.3,1000.3,26.0,1.0,1,70.47,78.53
2008-10-15,2008,10,15,289,26.7,29.0,19.9,98.0,100.0,2.3,26.5,998.4,26.0,1.0,1,69.75,73.48
2008-10-16,2008,10,16,290,20.83,28.1,21.1,92.1,100.0,2.9,26.1,1002.8,26.0,1.0,1,70.59,73.2
2008-10-17,2008,10,17,291,9.31,28.0,20.7,96.0,100.0,2.0,20.4,1001.2,26.0,1.0,1,66.32,67.33
2008-10-18,2008,10,18,292,15.98,28.0,21.1,90.8,94.7,2.4,21.9,1004.2,26.0,1.0,1,37.91,66.05
2008-10-19,2008,10,19,293,37.09,28.6,18.3,98.0,100.0,2.3,32.2,1002.3,26.0,1.0,1,39.31,66.4
2008-10-20,2008,10,20,294,15.05,29.6,20.1,95.8,100.0,2.1,24.5,1002.6,26.0,1.0,1,25.35,60.62
2008-10-21,2008,10,21,295,19.51,26.0,18.3,94.4,100.0,1.1,25.5,1001.9,25.4,1.0,1,20.64,55.26
2008-10-22,2008,10,22,296,14.43,30.2,19.4,95.6,100.0,2.4,21.9,1004.0,26.0,1.0,1,18.89,50.7
2008-10-23,2008,10,23,297,10.49,26.6,20.8,90.4,96.4,0.1,24.2,1003.7,24.6,1.0,1,17.41,46.94
2008-10-24,2008,10,24,298,63.69,28.3,21.0,98.0,100.0,2.9,30.0,1004.9,26.0,1.0,1,25.18,47.06
2008-10-25,2008,10,25,299,12.58,27.7,20.0,89.5,81.0,4.3,25.7,1001.7,25.2,1.0,1,24.69,43.7
2008-10-26,2008,10,26,300,14.54,26.4,17.8,95.1,98.5,0.8,22.8,1007.0,26.0,1.0,1,21.47,38.11
2008-10-27,2008,10,27,301,6.94,29.2,19.5,90.2,90.6,3.2,22.2,1007.0,26.0,1.0,1,20.31,35.01
2008-10-28,2008,10,28,302,15.86,26.2,18.6,93.3,100.0,2.3,30.4,1005.2,24.9,1.0,1,19.79,32.67
2008-10-29,2008,10,29,303,10.1,29.4,19.8,91.9,89.1,3.3,24.9,1003.0,26.0,1.0,1,19.17,29.93
2008-10-30,2008,10,30,304,12.66,28.1,20.1,89.3,99.6,2.0,23.0,1005.1,25.8,1.0,1,19.48,30.11
2008-10-31,2008,10,31,305,21.26,25.9,18.0,98.0,100.0,0.7,25.0,1003.4,25.5,1.0,1,13.42,30.59
2008-11-01,2008,11,1,306,17.23,25.1,19.3,93.1,100.0,2.7,27.7,1001.3,23.9,1.0,1,14.08,30.53
2008-11-02,2008,11,2,307,10.58,28.3,17.1,96.1,100.0,0.6,19.8,1001.6,26.0,1.0,1,13.52,30.27
2008-11-03,2008,11,3,308,29.82,24.9,19.4,91.9,100.0,1.2,25.9,1002.2,23.2,1.0,1,16.79,31.03
2008-11-04,2008,11,4,309,6.4,26.3,19.3,80.8,100.0,0.4,22.4,1000.9,22.4,1.0,1,15.44,30.09
2008-11-05,2008,11,5,310,12.92,27.4,17.6,93.1,97.5,2.1,23.7,1001.7,26.0,1.0,1,15.84,30.18
2008-11-06,2008,11,6,311,12.91,26.9,17.6,96.1,97.4,1.6,21.5,1002.2,25.7,1.0,1,15.87,30.34
2008-11-07,2008,11,7,312,64.04,25.8,21.4,98.0,100.0,0.6,30.0,1003.1,25.0,1.0,1,21.99,31.42
2008-11-08,2008,11,8,313,26.82,24.9,19.6,98.0,100.0,3.3,19.3,1003.0,24.9,1.0,1,23.36,31.81
2008-11-09,2008,11,9,314,36.48,27.0,18.3,95.8,98.5,0.7,28.2,999.0,25.2,1.0,1,27.06,31.72
2008-11-10,2008,11,10,315,12.58,22.9,18.6,93.4,84.8,3.1,20.2,1006.2,21.4,1.0,1,24.59,24.98
2008-11-11,2008,11,11,316,9.04,26.0,17.5,87.1,75.4,4.0,27.7,1001.1,24.1,1.0,1,24.97,24.37
2008-11-12,2008,11,12,317,15.21,23.6,19.1,89.1,90.1,1.9,23.0,999.8,22.8,1.0,1,25.3,21.12
2008-11-13,2008,11,13,318,4.02,24.1,18.6,88.2,77.3,3.9,18.1,1005.5,21.3,1.0,1,24.03,19.5
2008-11-14,2008,11,14,319,74.24,25.9,19.6,98.0,100.0,1.6,27.1,1004.6,25.4,1.0,1,25.48,21.09
2008-11-15,2008,11,15,320,17.68,24.1,19.9,89.6,96.6,1.7,22.2,1003.0,22.1,1.0,1,24.18,20.98
2008-11-16,2008,11,16,321,5.16,26.8,20.2,87.9,78.0,2.5,22.4,1005.1,24.3,1.0,1,19.7,20.84
2008-11-17,2008,11,17,322,6.83,26.0,19.5,92.3,77.6,3.4,22.5,1005.2,24.7,1.0,1,18.88,20.54
2008-11-18,2008,11,18,323,2.17,23.8,18.1,81.9,69.8,5.0,17.5,1004.6,20.2,1.0,1,17.9,19.37
2008-11-19,2008,11,19,324,6.27,24.4,16.7,89.8,79.9,3.1,30.5,1004.7,22.4,1.0,1,16.62,19.08
2008-11-20,2008,11,20,325,19.88,23.0,17.9,85.8,81.9,3.0,25.7,1001.8,20.9,1.0,1,18.89,19.09
2008-11-21,2008,11,21,326,7.82,25.3,18.1,80.5,69.6,4.3,25.0,1003.6,21.2,1.0,1,9.4,18.87
2008-11-22,2008,11,22,327,4.19,26.8,18.6,86.8,89.4,2.7,21.3,1005.7,24.6,1.0,1,7.47,18.66
2008-11-23,2008,11,23,328,58.8,22.6,17.4,96.0,100.0,2.5,25.3,1004.8,22.3,1.0,1,15.14,18.5
2008-11-24,2008,11,24,329,4.42,24.5,16.5,85.7,68.3,5.0,20.4,1003.8,21.4,1.0,1,14.79,18.23
2008-11-25,2008,11,25,330,6.01,24.6,18.2,86.1,72.3,4.8,19.7,1002.3,22.8,1.0,1,15.34,17.94
2008-11-26,2008,11,26,331,14.25,22.2,20.2,92.2,92.6,3.2,23.6,1008.4,21.3,1.0,1,16.48,18.19
2008-11-27,2008,11,27,332,26.66,22.5,19.5,93.5,79.3,4.1,21.8,1003.0,20.7,1.0,1,17.45,18.55
2008-11-28,2008,11,28,333,12.45,22.0,19.2,89.3,75.3,3.6,19.9,999.8,21.1,1.0,1,18.11,18.63
2008-11-29,2008,11,29,334,32.69,24.6,17.2,97.6,91.1,2.2,18.3,1001.3,25.2,1.0,1,22.18,19.29
2008-11-30,2008,11,30,335,0.0,23.2,16.7,85.5,70.3,4.5,19.2,1000.1,20.4,1.0,0,13.78,18.59
2008-12-01,2008,12,1,336,0.0,22.5,18.5,82.3,91.1,3.6,15.9,1005.1,19.2,1.0,0,13.15,18.01
2008-12-02,2008,12,2,337,0.0,26.6,19.0,85.6,79.2,2.5,17.9,1005.0,23.8,1.0,0,12.29,17.66
2008-12-03,2008,12,3,338,0.0,22.0,17.1,80.0,74.5,4.0,17.4,1004.9,18.4,1.0,0,10.26,16.66
2008-12-04,2008,12,4,339,0.0,25.3,16.7,79.9,71.4,4.3,14.0,1004.1,21.0,1.0,0,6.45,16.45
2008-12-05,2008,12,5,340,0.0,22.0,16.7,85.9,81.2,2.6,16.4,1004.5,19.4,1.0,0,4.67,16.02
2008-12-06,2008,12,6,341,3.66,22.5,17.5,81.2,74.8,3.8,16.6,1005.7,19.2,1.0,0,0.52,15.71
2008-12-07,2008,12,7,342,1.61,22.0,17.1,82.6,68.2,4.2,19.0,1006.6,18.0,1.0,0,0.75,13.63
2008-12-08,2008,12,8,343,0.26,22.0,17.2,81.5,57.6,6.6,15.3,1004.3,19.2,1.0,0,0.79,12.75
2008-12-09,2008,12,9,344,1.93,22.2,18.6,81.3,65.5,4.9,19.6,1005.2,18.0,1.0,0,1.07,11.59
2008-12-10,2008,12,10,345,0.07,22.0,18.1,86.7,69.6,3.7,19.0,1006.1,19.6,1.0,0,1.08,11.18
2008-12-11,2008,12,11,346,0.0,23.3,16.8,78.7,71.6,3.0,15.7,1007.3,19.3,1.0,0,1.08,10.88
2008-12-12,2008,12,12,347,1.28,24.1,17.0,86.7,79.1,3.3,16.8,1003.4,22.3,1.0,0,1.26,10.41
2008-12-13,2008,12,13,348,2.67,22.6,18.2,75.7,66.1,5.8,18.0,1008.2,18.3,1.0,0,1.12,10.37
2008-12-14,2008,12,14,349,0.0,23.2,17.5,78.3,66.7,4.3,15.3,1006.7,19.0,1.0,0,0.89,7.89
2008-12-15,2008,12,15,350,0.0,25.0,18.8,77.2,55.4,5.0,17.8,1004.9,20.7,1.0,0,0.85,7.3
2008-12-16,2008,12,16,351,0.15,22.0,17.6,81.1,59.6,6.0,19.3,1004.7,19.4,1.0,0,0.6,7.14
2008-12-17,2008,12,17,352,0.0,23.9,17.1,72.3,47.1,6.7,20.0,1005.4,19.0,1.0,0,0.59,6.91
2008-12-18,2008,12,18,353,0.0,26.3,16.2,79.0,59.5,5.8,19.5,1002.8,23.1,1.0,0,0.59,6.84
2008-12-19,2008,12,19,354,0.0,25.2,16.0,80.9,67.4,6.7,16.6,1003.3,22.0,1.0,0,0.4,6.63
2008-12-20,2008,12,20,355,0.0,24.9,18.0,75.6,66.9,5.7,14.1,1002.6,20.9,1.0,0,0.02,5.96
2008-12-21,2008,12,21,356,0.0,23.5,17.9,74.2,55.1,5.4,19.7,1006.1,19.5,1.17,0,0.02,5.7
2008-12-22,2008,12,22,357,2.8,24.1,18.3,75.3,69.9,3.8,16.0,1004.3,20.2,1.0,0,0.42,5.66
2008-12-23,2008,12,23,358,6.6,22.0,16.0,81.1,76.6,2.5,17.7,1004.9,18.6,1.0,0,1.34,3.92
2008-12-24,2008,12,24,359,0.0,22.1,17.0,69.6,63.5,5.0,7.2,1006.8,16.1,1.0,0,1.34,3.77
2008-12-25,2008,12,25,360,0.0,22.0,16.0,70.4,66.0,5.6,20.6,1006.9,15.6,1.0,0,1.34,3.57
2008-12-26,2008,12,26,361,5.34,22.0,16.4,78.2,54.1,4.9,20.9,1000.5,18.0,1.0,0,2.11,3.27
2008-12-27,2008,12,27,362,0.0,22.4,16.0,77.5,47.5,7.4,11.6,1004.4,17.6,1.0,0,2.11,2.38
2008-12-28,2008,12,28,363,3.12,22.0,16.0,77.5,66.8,5.3,14.4,1001.9,17.2,1.0,0,2.55,2.07
2008-12-29,2008,12,29,364,0.0,22.2,16.4,77.0,68.8,4.9,13.2,1003.7,18.2,1.0,0,2.15,0.98
2008-12-30,2008,12,30,365,0.95,22.0,16.9,70.6,67.6,4.3,10.3,1000.7,16.3,1.0,0,1.34,1.01
2008-12-31,2008,12,31,366,0.0,22.0,17.3,67.1,38.4,7.8,12.0,1006.8,14.8,1.0,0,1.34,1.01
2009-01-01,2009,1,1,1,0.0,24.0,18.4,77.6,57.4,6.3,21.1,1001.5,20.2,1.0,0,1.34,1.01
2009-01-02,2009,1,2,2,0.0,22.3,16.3,68.8,43.0,7.6,15.4,1002.9,16.7,1.0,0,0.58,1.01
2009-01-03,2009,1,3,3,0.15,24.0,16.0,75.7,53.6,6.2,18.4,1003.1,19.2,1.19,0,0.6,1.02
2009-01-04,2009,1,4,4,0.0,22.0,16.8,66.0,56.4,6.0,14.0,1006.9,15.8,1.0,0,0.16,1.02
2009-01-05,2009,1,5,5,0.0,22.0,16.8,75.8,57.0,6.7,7.5,1005.2,17.7,1.0,0,0.16,0.9
2009-01-06,2009,1,6,6,4.85,22.3,16.0,75.0,42.8,6.7,13.8,1003.3,18.0,1.0,0,0.71,1.01
2009-01-07,2009,1,7,7,0.0,22.0,16.0,76.7,52.0,6.8,13.5,1002.7,17.8,1.0,0,0.71,1.0
2009-01-08,2009,1,8,8,0.0,22.0,19.2,75.5,48.2,8.0,12.4,1005.7,18.0,1.0,0,0.71,0.93
2009-01-09,2009,1,9,9,0.0,22.9,16.7,70.7,56.8,5.3,8.2,1001.5,17.1,1.0,0,0.71,0.93
2009-01-10,2009,1,10,10,0.0,22.0,17.4,69.6,42.6,7.0,15.9,1003.3,16.4,1.0,0,0.69,0.93
2009-01-11,2009,1,11,11,0.0,22.0,17.1,72.8,50.8,5.0,10.3,1008.5,16.4,1.0,0,0.69,0.89
2009-01-12,2009,1,12,12,0.0,22.0,17.0,69.3,44.7,7.0,11.8,1007.0,16.3,1.0,0,0.69,0.8
2009-01-13,2009,1,13,13,0.0,22.0,17.9,57.9,56.3,6.7,15.1,1002.1,12.2,1.0,0,0.0,0.8
2009-01-14,2009,1,14,14,0.68,22.0,19.1,70.0,52.4,6.8,10.1,1007.5,16.5,1.0,0,0.1,0.82
2009-01-15,2009,1,15,15,0.0,22.9,17.1,67.1,43.7,6.4,12.6,1005.0,17.3,1.0,0,0.1,0.82
2009-01-16,2009,1,16,16,0.0,22.0,16.6,68.2,41.8,6.8,13.7,1006.5,16.1,1.0,0,0.1,0.82
2009-01-17,2009,1,17,17,0.0,22.0,17.7,71.2,45.7,6.4,18.4,1005.8,16.5,1.0,0,0.1,0.82
2009-01-18,2009,1,18,18,0.04,24.7,16.2,74.8,64.6,5.9,11.7,1004.6,19.9,1.06,0,0.1,0.82
2009-01-19,2009,1,19,19,0.0,25.1,16.0,76.9,52.3,4.7,14.4,1005.3,21.6,1.0,0,0.1,0.82
2009-01-20,2009,1,20,20,1.35,22.9,17.3,72.0,47.6,6.0,11.0,1007.3,17.9,1.0,0,0.3,0.86
2009-01-21,2009,1,21,21,6.76,24.1,16.0,69.7,50.6,6.6,17.6,1007.6,18.1,1.0,0,1.16,0.99
2009-01-22,2009,1,22,22,0.0,22.0,16.0,72.7,48.7,6.7,6.4,1005.6,17.2,1.0,0,1.16,0.77
2009-01-23,2009,1,23,23,0.0,23.2,16.0,62.6,43.9,5.9,7.3,1003.3,15.7,1.0,0,1.16,0.77
2009-01-24,2009,1,24,24,0.0,23.2,16.0,65.6,45.1,8.1,11.9,1004.9,16.8,1.2,0,1.16,0.77
2009-01-25,2009,1,25,25,0.0,22.0,16.0,67.2,32.1,7.6,9.7,1009.3,15.4,1.0,0,1.16,0.6
2009-01-26,2009,1,26,26,0.0,22.6,16.8,60.2,25.6,8.2,13.2,1006.5,14.3,1.0,0,1.16,0.6
2009-01-27,2009,1,27,27,0.0,22.0,18.1,68.7,45.3,6.5,13.5,1006.6,15.7,1.0,0,0.97,0.49
2009-01-28,2009,1,28,28,0.0,23.0,16.1,64.2,40.0,7.4,5.5,1005.5,15.7,1.0,0,0.0,0.49
2009-01-29,2009,1,29,29,0.0,22.0,16.0,68.2,34.3,8.9,14.0,1006.6,15.5,1.0,0,0.0,0.46
2009-01-30,2009,1,30,30,2.37,22.0,16.7,67.1,32.9,9.1,12.0,1004.2,16.4,1.0,0,0.34,0.54
2009-01-31,2009,1,31,31,0.0,22.6,16.7,63.5,39.5,8.6,16.4,1005.8,15.9,1.15,0,0.34,0.54
2009-02-01,2009,2,1,32,0.0,23.9,16.8,62.6,38.6,6.5,9.0,1003.1,15.5,1.0,0,0.34,0.54
2009-02-02,2009,2,2,33,0.7,23.9,18.2,66.5,24.2,9.2,12.8,1002.3,16.3,1.0,0,0.44,0.56
2009-02-03,2009,2,3,34,0.0,22.0,16.6,69.1,37.3,7.5,12.1,1003.1,16.1,1.0,0,0.44,0.56
2009-02-04,2009,2,4,35,0.0,23.1,16.4,68.8,35.3,8.4,14.6,1007.5,16.6,1.0,0,0.44,0.56
2009-02-05,2009,2,5,36,0.0,23.9,17.0,66.9,32.9,9.1,5.0,1002.5,16.8,1.0,0,0.44,0.4
2009-02-06,2009,2,6,37,0.0,23.1,17.8,67.9,26.4,8.6,5.2,1009.1,18.0,1.0,0,0.1,0.4
2009-02-07,2009,2,7,38,0.0,24.3,20.5,65.7,28.1,9.0,13.0,1006.8,17.2,1.27,0,0.1,0.4
2009-02-08,2009,2,8,39,0.0,22.0,19.2,62.5,29.1,8.4,14.0,1007.0,13.9,1.0,0,0.1,0.4
2009-02-09,2009,2,9,40,0.0,22.0,17.5,70.6,20.4,8.6,11.7,1002.4,15.7,1.0,0,0.0,0.4
2009-02-10,2009,2,10,41,0.0,24.1,16.6,62.2,39.1,6.7,5.8,1004.0,17.3,1.08,0,0.0,0.4
2009-02-11,2009,2,11,42,0.0,22.8,17.2,70.9,34.1,9.3,8.5,1005.6,17.0,1.19,0,0.0,0.4
2009-02-12,2009,2,12,43,0.0,25.1,16.5,67.0,27.7,10.5,12.4,1005.1,18.8,1.0,0,0.0,0.4
2009-02-13,2009,2,13,44,1.54,23.9,17.7,64.0,22.8,8.7,8.6,1007.6,16.9,1.0,0,0.22,0.43
2009-02-14,2009,2,14,45,0.0,22.2,17.8,58.9,30.1,9.1,8.8,1004.2,13.6,1.0,0,0.22,0.43
2009-02-15,2009,2,15,46,0.0,22.2,18.2,65.2,16.9,9.9,13.3,1006.9,16.4,1.0,0,0.22,0.43
2009-02-16,2009,2,16,47,0.0,22.0,16.0,63.5,35.0,7.0,10.7,1007.1,14.5,1.0,0,0.22,0.43
2009-02-17,2009,2,17,48,3.57,24.8,16.6,70.1,39.7,8.4,9.7,1005.1,18.2,1.0,0,0.73,0.54
2009-02-18,2009,2,18,49,0.0,23.7,19.4,59.2,21.5,9.6,10.0,1004.9,14.5,1.0,0,0.73,0.54
2009-02-19,2009,2,19,50,0.0,25.3,16.4,67.4,12.0,9.1,10.9,1002.0,18.9,1.18,0,0.73,0.5
2009-02-20,2009,2,20,51,0.0,24.4,16.9,69.0,25.8,9.6,8.4,1005.5,19.0,1.0,0,0.51,0.27
2009-02-21,2009,2,21,52,0.37,24.3,17.5,60.2,23.5,10.7,10.3,1006.7,16.2,1.04,0,0.56,0.28
2009-02-22,2009,2,22,53,4.18,25.4,19.7,67.7,29.6,7.7,6.5,1003.2,18.3,1.0,0,1.16,0.42
2009-02-23,2009,2,23,54,0.0,24.2,18.8,68.2,43.6,6.5,10.9,1002.6,17.8,1.0,0,1.16,0.42
2009-02-24,2009,2,24,55,0.0,23.9,17.7,67.9,31.6,8.9,7.1,1003.8,17.0,1.0,0,0.65,0.42
2009-02-25,2009,2,25,56,0.0,24.5,17.6,66.5,41.5,8.5,5.8,1004.5,17.5,1.0,0,0.65,0.42
2009-02-26,2009,2,26,57,0.7,25.9,17.4,69.4,35.6,7.8,11.9,1006.1,19.4,1.1,0,0.75,0.45
2009-02-27,2009,2,27,58,0.0,23.3,16.8,62.3,28.4,9.3,9.1,1005.3,15.2,1.06,0,0.75,0.45
2009-02-28,2009,2,28,59,0.0,26.2,17.4,61.7,25.7,9.6,8.8,1003.4,17.9,1.35,0,0.7,0.45
2009-03-01,2009,3,1,60,0.0,25.0,20.6,68.1,11.9,11.8,9.3,1000.6,18.3,1.0,0,0.1,0.37
2009-03-02,2009,3,2,61,26.78,24.4,20.3,61.1,15.4,9.4,7.2,1005.8,16.2,1.09,0,3.93,1.26
2009-03-03,2009,3,3,62,14.83,25.4,18.2,66.3,36.8,8.5,12.3,1000.6,18.4,1.0,0,6.04,1.76
2009-03-04,2009,3,4,63,7.72,27.0,18.1,61.6,25.4,10.5,8.5,1003.7,19.6,1.0,0,7.15,1.99
2009-03-05,2009,3,5,64,0.0,27.1,20.1,61.5,31.7,9.1,12.4,1004.8,18.5,1.0,0,7.05,1.99
2009-03-06,2009,3,6,65,0.0,26.1,18.1,62.9,11.4,12.3,15.1,1001.2,17.6,1.96,0,7.05,1.99
2009-03-07,2009,3,7,66,8.6,26.5,19.7,67.2,31.0,8.8,9.9,1001.0,20.1,1.0,0,8.28,2.28
2009-03-08,2009,3,8,67,0.0,25.8,17.7,61.4,26.5,9.2,8.9,1000.4,17.8,1.18,0,8.28,2.28
2009-03-09,2009,3,9,68,46.03,24.9,19.3,73.4,37.3,7.4,15.0,1004.7,19.1,1.0,0,11.03,3.81
2009-03-10,2009,3,10,69,5.28,26.6,18.6,67.2,18.4,10.7,5.0,1003.8,20.9,1.01,0,9.66,3.99
2009-03-11,2009,3,11,70,9.26,25.4,19.8,62.5,17.3,11.6,5.0,1003.7,17.8,1.08,0,9.88,4.3
2009-03-12,2009,3,12,71,4.39,24.6,20.9,61.4,17.8,8.3,5.0,1004.5,17.3,1.0,0,10.51,4.44
2009-03-13,2009,3,13,72,7.3,25.7,18.7,60.2,19.6,9.0,10.4,1000.7,17.4,1.0,0,11.55,4.68
2009-03-14,2009,3,14,73,0.2,24.0,18.2,60.6,16.5,11.0,11.9,1001.2,16.6,1.52,0,10.35,4.69
2009-03-15,2009,3,15,74,25.84,24.7,19.2,62.7,32.6,10.0,12.6,1003.5,18.0,1.0,0,14.04,5.5
2009-03-16,2009,3,16,75,10.45,29.7,21.3,70.0,27.8,10.5,5.1,1003.3,22.9,1.0,0,8.96,5.85
2009-03-17,2009,3,17,76,0.0,28.5,19.9,63.5,12.5,10.9,5.0,1001.3,20.3,1.05,0,8.21,5.85
2009-03-18,2009,3,18,77,9.06,26.6,19.8,60.3,27.9,10.1,7.1,1004.4,18.1,1.13,0,8.18,6.15
2009-03-19,2009,3,19,78,0.0,27.8,21.3,65.2,13.6,10.8,5.9,1005.4,20.7,1.27,0,7.55,6.03
2009-03-20,2009,3,20,79,4.48,25.7,20.6,61.2,19.6,8.5,10.1,1005.8,18.1,1.0,0,7.15,6.18
2009-03-21,2009,3,21,80,0.0,28.3,22.9,57.4,12.1,11.0,10.4,1005.8,19.2,1.16,0,7.12,6.18
2009-03-22,2009,3,22,81,17.61,27.8,18.9,68.3,24.2,8.9,10.2,1004.0,21.5,1.0,0,5.94,6.77
2009-03-23,2009,3,23,82,20.56,26.5,20.3,60.9,22.8,9.8,6.7,1002.6,18.4,1.15,0,7.39,7.44
2009-03-24,2009,3,24,83,12.07,27.2,18.7,63.7,21.9,10.5,9.0,1005.6,20.2,1.29,0,9.11,7.71
2009-03-25,2009,3,25,84,0.01,27.2,19.2,61.5,19.0,9.5,5.0,1006.4,19.0,1.0,0,7.82,7.71
2009-03-26,2009,3,26,85,3.47,29.2,22.1,68.8,25.2,8.2,6.7,1003.8,23.5,1.0,0,8.31,7.82
2009-03-27,2009,3,27,86,0.0,28.0,19.6,55.0,28.3,9.5,10.6,1000.3,18.2,1.1,0,7.67,7.82
2009-03-28,2009,3,28,87,0.0,25.9,22.6,55.2,11.7,12.0,6.6,1003.6,16.2,1.13,0,7.67,7.8
2009-03-29,2009,3,29,88,0.0,27.7,19.5,59.0,0.0,11.3,10.9,1002.6,18.4,1.52,0,5.16,7.8
2009-03-30,2009,3,30,89,2.24,27.3,20.8,59.8,12.0,10.7,6.1,1010.2,19.0,1.62,0,2.54,7.87
2009-03-31,2009,3,31,90,9.87,26.4,19.6,67.3,35.3,9.2,10.0,1001.7,19.6,1.0,0,2.23,8.2
2009-04-01,2009,4,1,91,7.38,27.6,21.9,69.4,32.0,8.3,5.0,1006.1,21.5,1.0,0,3.28,7.56
2009-04-02,2009,4,2,92,18.01,25.7,21.5,70.9,24.5,10.5,10.9,1000.0,19.7,1.0,0,5.36,7.66
2009-04-03,2009,4,3,93,1.73,27.6,22.8,59.1,17.6,8.9,7.1,1001.6,19.4,1.0,0,5.6,7.46
2009-04-04,2009,4,4,94,4.15,29.5,22.4,67.8,9.2,11.5,6.4,1006.6,23.5,1.0,0,6.2,7.6
2009-04-05,2009,4,5,95,0.0,30.0,21.7,59.8,13.2,12.0,10.7,1003.8,21.0,1.1,0,6.2,7.6
2009-04-06,2009,4,6,96,2.87,30.2,21.8,63.6,16.5,10.0,9.0,1009.3,22.5,1.0,0,6.29,7.41
2009-04-07,2009,4,7,97,0.0,31.0,20.2,61.8,27.2,9.4,5.9,1008.1,22.3,1.33,0,4.88,7.41
2009-04-08,2009,4,8,98,0.0,31.5,22.3,62.0,19.9,7.8,11.0,1004.1,22.9,1.0,0,3.82,5.87
2009-04-09,2009,4,9,99,9.75,28.3,21.8,67.9,18.6,9.6,14.9,1001.0,21.7,1.0,0,2.64,6.02
2009-04-10,2009,4,10,100,11.26,27.9,22.8,68.2,16.7,10.4,5.5,1005.3,21.9,1.0,0,4.0,6.09
2009-04-11,2009,4,11,101,13.97,30.2,23.0,68.8,35.9,9.4,8.3,1003.1,23.1,1.15,0,5.41,6.41
2009-04-12,2009,4,12,102,0.0,31.1,21.4,58.3,19.5,11.3,7.8,1007.1,21.5,1.0,0,5.41,6.17
2009-04-13,2009,4,13,103,3.62,29.2,21.4,58.7,14.1,11.3,16.0,1007.9,20.4,1.24,0,5.51,6.28
2009-04-14,2009,4,14,104,18.16,30.9,22.5,70.3,39.4,6.9,7.8,1002.0,24.2,1.0,0,8.11,6.02
2009-04-15,2009,4,15,105,0.0,33.4,22.2,61.9,27.9,9.2,6.8,1006.0,25.7,1.0,0,8.11,5.68
2009-04-16,2009,4,16,106,6.21,28.8,20.8,67.0,22.5,9.7,12.1,1003.1,22.5,1.0,0,7.6,5.88
2009-04-17,2009,4,17,107,15.55,31.0,21.5,65.0,18.9,10.7,14.0,1005.5,23.9,1.34,0,8.22,6.1
2009-04-18,2009,4,18,108,10.46,32.7,24.1,68.2,40.4,8.6,5.8,1002.0,26.0,1.0,0,7.71,6.45
2009-04-19,2009,4,19,109,22.69,30.9,23.4,67.6,37.2,8.3,11.4,1004.7,23.7,1.0,0,10.96,7.05
2009-04-20,2009,4,20,110,37.52,32.0,22.9,70.2,37.1,8.8,12.3,1003.7,25.2,1.0,0,15.8,8.31
2009-04-21,2009,4,21,111,11.07,32.9,24.6,70.4,20.7,9.5,5.0,1001.0,26.0,1.0,0,14.79,8.09
2009-04-22,2009,4,22,112,20.1,31.2,23.1,72.9,38.2,9.3,8.1,1000.3,26.0,1.27,0,17.66,8.07
2009-04-23,2009,4,23,113,1.72,30.2,24.1,63.0,16.2,9.9,10.1,1004.5,21.9,1.0,0,17.02,7.73
2009-04-24,2009,4,24,114,0.86,31.8,23.3,60.4,28.0,9.2,6.0,1003.6,23.2,1.0,0,14.92,7.76
2009-04-25,2009,4,25,115,0.0,30.4,23.5,61.2,27.5,10.5,10.9,1000.1,21.1,1.0,0,13.42,7.64
2009-04-26,2009,4,26,116,14.9,31.4,27.3,68.1,26.0,10.1,11.6,1000.0,24.8,1.12,0,12.31,8.14
2009-04-27,2009,4,27,117,0.0,33.0,22.8,60.2,27.5,9.0,8.5,1002.3,24.1,1.52,0,6.95,8.14
2009-04-28,2009,4,28,118,2.97,32.7,24.4,64.6,22.9,10.1,7.4,1005.9,24.9,1.0,0,5.79,8.24
2009-04-29,2009,4,29,119,0.0,34.1,24.4,60.0,31.9,9.3,8.6,1004.7,25.3,1.0,0,2.92,8.16
2009-04-30,2009,4,30,120,2.68,33.0,25.3,69.6,25.8,11.2,12.1,1002.7,26.0,1.0,0,3.06,7.92
2009-05-01,2009,5,1,121,6.04,31.7,23.9,57.1,31.8,9.9,5.0,1003.3,22.3,1.0,0,3.8,7.88
2009-05-02,2009,5,2,122,0.0,31.5,26.5,59.9,45.4,8.4,5.0,1006.8,22.5,1.0,0,3.8,7.28
2009-05-03,2009,5,3,123,7.94,34.0,23.7,69.1,25.5,9.1,13.5,1007.1,26.0,1.14,0,2.8,7.48
2009-05-04,2009,5,4,124,0.0,33.6,23.7,69.0,18.7,9.8,5.0,1002.0,26.0,1.0,0,2.8,7.34
2009-05-05,2009,5,5,125,0.0,33.0,25.3,60.4,26.3,9.2,5.2,1003.6,24.2,1.39,0,2.38,7.34
2009-05-06,2009,5,6,126,4.33,34.0,25.9,64.1,33.2,10.4,10.8,1005.4,26.0,1.0,0,3.0,7.39
2009-05-07,2009,5,7,127,22.41,32.5,23.0,72.9,32.4,8.8,12.8,1002.3,26.0,1.18,0,5.82,8.14
2009-05-08,2009,5,8,128,0.0,30.0,23.7,65.3,28.3,9.3,6.6,1007.4,22.2,1.0,0,4.95,8.14
2009-05-09,2009,5,9,129,7.47,35.4,24.9,67.3,26.3,8.6,12.5,1002.0,26.0,1.0,0,6.02,8.06
2009-05-10,2009,5,10,130,8.01,34.9,25.5,70.3,22.4,9.1,5.7,1003.2,26.0,1.46,0,6.03,7.96
2009-05-11,2009,5,11,131,10.48,33.9,26.5,69.4,37.3,8.7,18.7,1004.3,26.0,1.0,0,7.53,7.84
2009-05-12,2009,5,12,132,0.0,32.8,25.1,65.2,30.3,10.2,11.2,1004.9,25.5,1.0,0,7.53,7.84
2009-05-13,2009,5,13,133,20.53,34.0,26.4,77.9,34.7,8.9,12.1,1002.1,26.0,1.24,0,9.84,8.4
2009-05-14,2009,5,14,134,8.14,31.8,22.9,67.2,27.5,9.7,14.3,1004.6,24.3,1.0,0,7.8,8.07
2009-05-15,2009,5,15,135,0.0,34.7,23.7,63.5,27.6,11.0,12.4,1006.3,26.0,1.32,0,7.8,8.07
2009-05-16,2009,5,16,136,9.77,31.7,25.2,67.6,34.9,8.9,14.3,1002.9,25.6,1.0,0,8.13,8.19
2009-05-17,2009,5,17,137,0.0,34.9,26.6,62.5,19.3,10.5,8.9,1004.7,26.0,1.0,0,6.99,7.67
2009-05-18,2009,5,18,138,0.0,33.8,25.0,64.6,26.9,10.6,5.0,1002.5,26.0,1.0,0,5.49,7.32
2009-05-19,2009,5,19,139,4.74,34.8,25.1,65.0,43.3,8.8,13.8,1002.7,26.0,1.0,0,6.17,6.72
2009-05-20,2009,5,20,140,0.0,33.4,26.0,67.3,39.2,8.1,12.6,1003.1,26.0,1.19,0,3.24,5.47
2009-05-21,2009,5,21,141,17.21,37.5,25.4,74.1,40.6,8.2,15.2,1003.3,26.0,1.13,0,4.53,5.68
2009-05-22,2009,5,22,142,0.0,35.8,27.4,66.8,43.8,8.4,7.9,1004.7,26.0,1.16,0,4.53,5.01
2009-05-23,2009,5,23,143,5.7,34.4,25.9,70.3,37.3,8.9,14.0,1006.6,26.0,1.0,0,3.95,5.14
2009-05-24,2009,5,24,144,3.97,35.2,28.0,71.4,36.3,10.1,9.7,1002.8,26.0,1.32,0,4.52,5.24
2009-05-25,2009,5,25,145,8.7,38.0,26.1,66.2,40.6,8.2,15.7,1002.9,26.0,1.09,0,5.76,5.53
2009-05-26,2009,5,26,146,0.84,34.3,25.5,68.2,39.1,9.1,10.4,1003.6,26.0,1.0,0,5.2,5.06
2009-05-27,2009,5,27,147,6.38,34.1,26.2,76.2,54.6,7.4,7.9,1009.9,26.0,1.0,0,6.11,5.28
2009-05-28,2009,5,28,148,0.0,34.2,27.4,65.0,28.2,10.0,7.9,1006.9,26.0,1.0,0,3.66,5.18
2009-05-29,2009,5,29,149,0.88,35.0,26.0,77.8,49.4,7.0,9.2,1003.0,26.0,1.0,0,3.78,5.21
2009-05-30,2009,5,30,150,10.54,38.0,22.9,70.8,41.5,8.3,16.5,1002.0,26.0,1.0,0,4.47,5.47
2009-05-31,2009,5,31,151,3.1,35.3,25.7,70.3,31.1,9.4,11.5,1002.1,26.0,1.0,0,4.35,5.37
2009-06-01,2009,6,1,152,98.05,35.6,23.6,83.6,79.8,5.6,22.1,1004.0,26.0,1.25,1,17.11,8.64
2009-06-02,2009,6,2,153,149.42,36.6,27.0,77.4,71.7,5.1,31.4,1006.4,26.0,1.0,1,38.34,13.36
2009-06-03,2009,6,3,154,334.61,36.4,25.1,80.3,87.4,3.7,22.8,1003.7,26.0,1.0,1,85.23,24.51
2009-06-04,2009,6,4,155,233.76,37.9,26.6,86.4,73.9,5.1,20.6,1002.2,26.0,1.0,1,118.62,32.3
2009-06-05,2009,6,5,156,76.27,37.8,24.8,81.9,66.7,7.3,30.1,1000.8,26.0,1.0,1,129.39,34.7
2009-06-06,2009,6,6,157,81.98,37.1,26.6,79.8,73.7,5.7,21.7,1005.0,26.0,1.0,1,139.6,36.68
2009-06-07,2009,6,7,158,272.12,36.4,26.9,89.3,69.5,6.0,20.6,1001.7,26.0,1.05,1,178.03,45.76
2009-06-08,2009,6,8,159,48.4,38.0,26.2,82.9,73.3,5.3,23.0,1004.4,26.0,1.0,1,170.94,47.12
2009-06-09,2009,6,9,160,179.13,35.7,26.8,84.3,90.9,3.1,21.9,1006.1,26.0,1.0,1,175.18,52.82
2009-06-10,2009,6,10,161,70.11,35.7,24.8,92.9,83.2,5.0,22.1,1000.4,26.0,1.0,1,137.4,54.81
2009-06-11,2009,6,11,162,263.77,36.4,27.0,81.4,82.5,3.9,25.1,1005.5,26.0,1.0,1,141.68,63.6
2009-06-12,2009,6,12,163,78.12,38.0,26.2,80.4,79.8,6.0,23.5,1003.1,26.0,1.0,1,141.95,65.52
2009-06-13,2009,6,13,164,153.39,35.9,27.1,84.2,85.9,4.1,24.2,1003.4,26.0,1.0,1,152.15,70.37
2009-06-14,2009,6,14,165,325.64,36.3,26.9,87.3,92.7,3.8,26.8,1004.6,26.0,1.0,1,159.79,81.22
2009-06-15,2009,6,15,166,240.41,37.5,26.8,88.2,100.0,2.5,24.7,998.7,26.0,1.0,1,187.22,88.91
2009-06-16,2009,6,16,167,185.29,37.2,26.6,83.7,84.2,6.2,22.7,1004.1,26.0,1.0,1,188.1,95.08
2009-06-17,2009,6,17,168,146.82,36.8,27.5,81.2,82.2,3.5,24.8,1003.3,26.0,1.0,1,199.06,99.98
2009-06-18,2009,6,18,169,47.52,38.0,28.0,86.4,70.2,5.2,24.1,1004.3,26.0,1.0,1,168.17,101.4
2009-06-19,2009,6,19,170,168.98,36.8,27.1,85.6,78.0,4.0,24.3,1003.1,26.0,1.0,1,181.15,107.04
2009-06-20,2009,6,20,171,191.32,38.0,27.9,87.7,89.9,2.5,28.7,1001.6,26.0,1.0,1,186.57,112.84
2009-06-21,2009,6,21,172,96.58,37.9,28.0,87.7,75.8,5.2,26.5,1001.7,26.0,1.0,1,153.85,116.06
2009-06-22,2009,6,22,173,93.99,38.0,27.8,91.4,99.9,2.2,24.7,1001.8,26.0,1.0,1,132.93,119.0
2009-06-23,2009,6,23,174,132.18,36.5,28.0,86.2,100.0,2.2,24.2,1003.9,26.0,1.0,1,125.34,123.28
2009-06-24,2009,6,24,175,208.49,37.5,26.4,95.1,88.1,3.5,26.4,1005.6,26.0,1.0,1,134.15,129.94
2009-06-25,2009,6,25,176,123.8,34.9,27.8,88.1,83.4,4.2,30.8,999.5,26.0,1.0,1,145.05,134.04
2009-06-26,2009,6,26,177,482.87,38.0,27.9,83.9,97.4,1.6,26.0,1000.8,26.0,1.0,1,189.89,149.92
2009-06-27,2009,6,27,178,39.59,38.0,28.0,81.4,59.2,5.7,17.6,1001.7,26.0,1.0,1,168.21,151.24
2009-06-28,2009,6,28,179,112.01,37.4,26.0,85.2,84.7,3.0,24.6,998.7,26.0,1.0,1,170.42,154.94
2009-06-29,2009,6,29,180,62.26,38.0,28.0,85.2,72.7,5.3,26.7,1000.4,26.0,1.0,1,165.89,156.67
2009-06-30,2009,6,30,181,102.07,38.0,28.0,90.8,98.8,2.7,25.1,1001.2,26.0,1.0,1,161.58,159.96
2009-07-01,2009,7,1,182,50.52,36.0,28.0,91.8,85.0,4.0,27.3,1002.8,26.0,1.0,1,139.02,158.38
2009-07-02,2009,7,2,183,221.81,38.0,26.2,81.9,94.0,3.5,30.6,1003.3,26.0,1.0,1,153.02,160.79
2009-07-03,2009,7,3,184,249.64,37.5,26.5,94.6,98.0,3.0,25.1,1000.8,26.0,1.0,1,119.7,157.96
2009-07-04,2009,7,4,185,241.98,34.9,28.0,96.9,100.0,1.2,27.4,1006.4,26.0,1.0,1,148.61,158.24
2009-07-05,2009,7,5,186,73.47,36.9,25.1,98.0,93.9,3.0,30.4,1001.4,26.0,1.0,1,143.11,158.14
2009-07-06,2009,7,6,187,75.36,35.9,25.8,92.3,100.0,2.6,26.1,1003.3,26.0,1.0,1,144.98,157.92
2009-07-07,2009,7,7,188,173.62,38.0,28.0,84.9,100.0,1.7,28.2,1003.0,26.0,1.0,1,155.2,154.64
2009-07-08,2009,7,8,189,155.12,38.0,28.0,86.9,91.2,2.2,31.1,1003.5,26.0,1.0,1,170.14,158.2
2009-07-09,2009,7,9,190,234.25,38.0,28.0,96.1,99.7,3.1,32.9,1004.3,26.0,1.0,1,171.92,160.03
2009-07-10,2009,7,10,191,135.49,38.0,27.2,93.0,99.8,1.8,30.5,1002.3,26.0,1.0,1,155.61,162.21
2009-07-11,2009,7,11,192,403.83,38.0,26.6,90.6,93.1,3.8,29.1,1004.2,26.0,1.0,1,178.73,166.88
2009-07-12,2009,7,12,193,265.38,36.5,26.7,87.4,100.0,2.5,27.6,1004.2,26.0,1.0,1,206.15,173.12
2009-07-13,2009,7,13,194,185.29,38.0,28.0,89.2,100.0,2.2,25.1,1003.8,26.0,1.0,1,221.85,174.19
2009-07-14,2009,7,14,195,205.01,38.0,27.3,95.9,100.0,3.0,28.1,1002.8,26.0,1.1,1,226.34,170.16
2009-07-15,2009,7,15,196,24.99,37.2,26.0,89.5,83.4,4.2,20.0,1000.3,26.0,1.0,1,207.75,162.98
2009-07-16,2009,7,16,197,217.86,38.0,28.0,98.0,100.0,2.4,31.4,1000.5,26.0,1.0,1,205.41,164.07
2009-07-17,2009,7,17,198,389.4,38.0,26.3,98.0,100.0,1.8,28.9,998.8,26.0,1.0,1,241.68,172.16
2009-07-18,2009,7,18,199,167.17,37.2,28.0,91.3,100.0,3.6,29.7,1004.6,26.0,1.0,1,207.87,176.14
2009-07-19,2009,7,19,200,144.65,38.0,28.0,98.0,92.6,2.4,33.8,1002.4,26.0,1.0,1,190.62,175.33
2009-07-20,2009,7,20,201,49.81,38.0,27.2,89.5,79.5,5.4,25.5,1004.8,26.0,1.0,1,171.27,170.62
2009-07-21,2009,7,21,202,217.59,37.6,27.8,95.0,100.0,1.3,28.3,999.8,26.0,1.0,1,173.07,174.65
2009-07-22,2009,7,22,203,91.27,36.0,27.1,92.1,100.0,2.8,26.5,1002.5,26.0,1.0,1,182.54,174.56
2009-07-23,2009,7,23,204,265.05,38.0,27.4,98.0,100.0,3.0,28.9,1001.0,26.0,1.0,1,189.28,178.99
2009-07-24,2009,7,24,205,391.16,37.9,25.9,93.9,100.0,2.5,27.5,1000.7,26.0,1.0,1,189.53,185.08
2009-07-25,2009,7,25,206,27.55,37.9,23.3,93.1,75.8,5.4,20.8,1000.7,26.0,1.08,1,169.58,181.87
2009-07-26,2009,7,26,207,57.33,36.4,27.2,96.4,89.6,4.4,35.0,1008.0,26.0,1.0,1,157.11,167.68
2009-07-27,2009,7,27,208,332.46,38.0,26.2,98.0,100.0,2.9,29.9,1004.0,26.0,1.0,1,197.49,177.45
2009-07-28,2009,7,28,209,161.7,35.9,26.3,98.0,100.0,3.7,31.9,1001.1,26.0,1.0,1,189.5,179.1
2009-07-29,2009,7,29,210,273.91,34.3,26.2,98.0,100.0,4.1,35.0,1000.1,26.0,1.0,1,215.59,186.16
2009-07-30,2009,7,30,211,162.7,36.5,28.0,95.0,100.0,3.6,28.1,1001.3,26.0,1.0,1,200.97,188.18
2009-07-31,2009,7,31,212,114.42,38.0,28.0,98.0,100.0,2.9,32.4,1005.6,26.0,1.0,1,161.44,190.31
2009-08-01,2009,8,1,213,308.95,38.0,27.6,98.0,100.0,2.1,34.6,1000.9,26.0,1.0,1,201.64,193.21
2009-08-02,2009,8,2,214,73.43,37.6,26.8,94.0,100.0,2.6,31.4,1000.1,26.0,1.0,1,203.94,187.34
2009-08-03,2009,8,3,215,30.02,37.1,27.5,96.8,99.1,2.9,22.7,1000.0,26.0,1.0,1,160.73,180.27
2009-08-04,2009,8,4,216,108.85,37.5,28.0,98.0,100.0,1.4,33.3,1004.4,26.0,1.0,1,153.18,181.45
2009-08-05,2009,8,5,217,183.08,38.0,28.0,96.3,100.0,2.3,29.1,1000.4,26.0,1.0,1,140.21,185.04
2009-08-06,2009,8,6,218,116.97,37.5,26.1,92.1,100.0,1.6,31.3,1005.1,26.0,1.0,1,133.67,183.16
2009-08-07,2009,8,7,219,176.33,36.5,25.2,98.0,100.0,1.9,27.2,1002.6,26.0,1.0,1,142.52,183.86
2009-08-08,2009,8,8,220,206.85,36.9,27.3,96.8,100.0,2.6,33.8,1004.1,26.0,1.0,1,127.93,182.95
2009-08-09,2009,8,9,221,121.69,36.7,24.7,98.0,100.0,2.2,35.0,1005.1,26.0,1.0,1,134.83,182.49
2009-08-10,2009,8,10,222,233.31,37.0,27.2,98.0,100.0,1.9,34.7,1001.1,26.0,1.0,1,163.87,176.81
2009-08-11,2009,8,11,223,172.06,35.5,27.1,98.0,100.0,2.6,34.3,1003.8,26.0,1.0,1,172.9,173.7
2009-08-12,2009,8,12,224,58.05,38.0,26.6,95.2,100.0,2.2,29.1,1002.3,26.0,1.0,1,155.04,169.45
2009-08-13,2009,8,13,225,138.22,37.1,28.0,98.0,100.0,2.3,31.0,1002.9,26.0,1.0,1,158.07,167.23
2009-08-14,2009,8,14,226,154.46,35.4,26.7,95.2,100.0,2.3,28.5,1007.2,26.0,1.0,1,154.95,171.54
2009-08-15,2009,8,15,227,130.69,38.0,27.2,96.7,100.0,2.6,30.2,1002.3,26.0,1.0,1,144.07,168.64
2009-08-16,2009,8,16,228,135.38,33.6,27.9,98.0,100.0,1.0,30.7,1004.3,26.0,1.0,1,146.02,160.17
2009-08-17,2009,8,17,229,167.29,38.0,26.4,97.8,100.0,2.3,34.2,1005.9,26.0,1.0,1,136.59,160.17
2009-08-18,2009,8,18,230,39.91,38.0,25.9,98.0,97.3,3.8,30.6,1001.1,26.0,1.0,1,117.71,156.68
2009-08-19,2009,8,19,231,116.07,38.0,25.9,98.0,100.0,0.2,33.8,1000.5,26.0,1.0,1,126.0,158.89
2009-08-20,2009,8,20,232,47.49,35.4,26.8,98.0,100.0,2.0,28.0,1002.0,26.0,1.0,1,113.04,153.22
2009-08-21,2009,8,21,233,311.1,36.4,26.6,97.8,100.0,2.3,35.0,1000.4,26.0,1.0,1,135.42,160.55
2009-08-22,2009,8,22,234,34.37,35.0,28.0,98.0,99.9,1.3,28.1,1001.4,26.0,1.0,1,121.66,152.86
2009-08-23,2009,8,23,235,291.15,36.5,25.3,98.0,100.0,1.0,29.3,1001.4,26.0,1.0,1,143.91,149.53
2009-08-24,2009,8,24,236,32.36,35.8,25.7,98.0,100.0,1.9,26.2,1001.9,26.0,1.0,1,124.64,149.69
2009-08-25,2009,8,25,237,444.42,35.0,27.1,98.0,100.0,1.7,32.3,1000.4,26.0,1.0,1,182.42,162.59
2009-08-26,2009,8,26,238,182.25,34.8,26.7,95.5,100.0,2.8,28.5,1002.9,26.0,1.0,1,191.88,157.58
2009-08-27,2009,8,27,239,78.86,35.6,25.7,98.0,100.0,1.7,35.0,1001.4,26.0,1.0,1,196.36,154.82
2009-08-28,2009,8,28,240,238.25,38.0,25.5,98.0,100.0,2.6,34.4,1001.7,26.0,1.0,1,185.95,153.63
2009-08-29,2009,8,29,241,129.71,37.2,25.1,98.0,100.0,2.4,35.0,1003.6,26.0,1.0,1,199.57,152.53
2009-08-30,2009,8,30,242,137.61,35.3,24.5,98.0,100.0,2.7,35.0,1002.9,26.0,1.0,1,177.64,153.31
2009-08-31,2009,8,31,243,26.3,34.8,25.5,98.0,100.0,1.9,24.2,1004.6,26.0,1.0,1,176.77,143.88
2009-09-01,2009,9,1,244,54.49,35.9,26.1,92.4,100.0,2.0,31.8,1005.0,26.0,1.0,1,121.07,143.25
2009-09-02,2009,9,2,245,111.09,33.9,25.8,98.0,100.0,3.0,35.0,1001.6,26.0,1.0,1,110.9,145.96
2009-09-03,2009,9,3,246,144.86,34.4,25.2,98.0,100.0,3.2,34.0,1002.6,26.0,1.0,1,120.33,147.16
2009-09-04,2009,9,4,247,118.18,31.7,25.6,98.0,100.0,3.5,28.8,1003.0,26.0,1.0,1,103.18,144.99
2009-09-05,2009,9,5,248,342.82,34.6,24.0,98.0,100.0,1.3,35.0,1001.1,26.0,1.0,1,133.62,152.52
2009-09-06,2009,9,6,249,169.57,34.5,25.7,98.0,100.0,1.4,29.3,1000.4,26.0,1.0,1,138.19,152.3
2009-09-07,2009,9,7,250,108.63,33.4,23.3,98.0,100.0,2.4,30.4,1003.8,26.0,1.0,1,149.95,149.02
2009-09-08,2009,9,8,251,202.63,34.8,25.2,98.0,100.0,1.8,35.0,1004.6,26.0,1.0,1,171.11,151.72
2009-09-09,2009,9,9,252,47.26,34.2,25.5,98.0,100.0,0.4,26.6,1000.7,26.0,1.0,1,161.99,145.52
2009-09-10,2009,9,10,253,105.29,33.1,24.8,98.0,100.0,2.4,32.4,1002.8,26.0,1.0,1,156.34,143.29
2009-09-11,2009,9,11,254,126.42,35.0,24.6,98.0,100.0,1.4,35.0,1001.0,26.0,1.0,1,157.52,145.57
2009-09-12,2009,9,12,255,96.05,33.4,23.3,98.0,100.0,2.1,35.0,1001.2,26.0,1.0,1,122.26,144.17
2009-09-13,2009,9,13,256,83.12,32.0,24.4,98.0,100.0,2.3,33.8,1001.6,26.0,1.0,1,109.91,141.79
2009-09-14,2009,9,14,257,113.35,30.8,26.8,98.0,100.0,1.7,35.0,1003.8,26.0,1.0,1,110.59,141.21
2009-09-15,2009,9,15,258,36.23,35.4,24.2,98.0,100.0,1.8,25.2,1003.2,26.0,1.0,1,86.82,137.9
2009-09-16,2009,9,16,259,96.63,33.3,23.9,98.0,100.0,2.6,35.0,1004.1,26.0,1.0,1,93.87,135.55
2009-09-17,2009,9,17,260,52.83,33.1,22.2,98.0,100.0,0.6,28.3,1002.5,26.0,1.0,1,86.38,135.98
2009-09-18,2009,9,18,261,67.99,32.8,24.5,97.7,100.0,1.0,35.0,999.6,26.0,1.0,1,78.03,134.38
2009-09-19,2009,9,19,262,46.21,34.6,24.5,98.0,100.0,0.0,34.2,1004.8,26.0,1.0,1,70.91,134.33
2009-09-20,2009,9,20,263,302.04,32.8,23.3,98.0,100.0,1.5,35.0,1004.1,26.0,1.0,1,102.18,134.03
2009-09-21,2009,9,21,264,76.61,34.8,23.5,98.0,100.0,3.2,35.0,997.9,26.0,1.0,1,96.93,135.44
2009-09-22,2009,9,22,265,71.23,32.6,22.1,98.0,100.0,1.1,35.0,1001.8,26.0,1.0,1,101.93,128.11
2009-09-23,2009,9,23,266,123.22,28.2,23.7,98.0,100.0,2.1,34.1,1002.1,26.0,1.0,1,105.73,131.14
2009-09-24,2009,9,24,267,27.28,34.0,24.1,89.7,100.0,1.9,27.6,1003.7,26.0,1.0,1,102.08,117.23
2009-09-25,2009,9,25,268,121.21,32.4,20.7,98.0,100.0,1.1,30.9,1004.1,26.0,1.0,1,109.69,115.2
2009-09-26,2009,9,26,269,188.57,31.1,23.2,98.0,100.0,1.4,31.2,1003.3,26.0,1.0,1,130.02,118.86
2009-09-27,2009,9,27,270,335.71,31.3,25.3,98.0,100.0,0.3,35.0,1002.2,26.0,1.0,1,134.83,122.1
2009-09-28,2009,9,28,271,114.47,31.1,23.3,98.0,100.0,2.3,35.0,999.8,26.0,1.0,1,140.24,121.6
2009-09-29,2009,9,29,272,102.02,29.6,23.6,98.0,100.0,3.1,35.0,1006.5,26.0,1.0,1,144.64,120.41
2009-09-30,2009,9,30,273,43.92,32.6,24.2,98.0,100.0,0.9,31.7,1005.5,26.0,1.0,1,133.31,121.0
2009-10-01,2009,10,1,274,67.2,30.5,23.5,98.0,100.0,2.0,33.8,1004.5,26.0,1.0,1,139.01,121.42
2009-10-02,2009,10,2,275,117.0,29.7,22.3,98.0,100.0,2.8,35.0,1005.4,26.0,1.0,1,138.41,121.62
2009-10-03,2009,10,3,276,4.17,37.3,20.7,95.5,85.5,4.1,27.3,1002.0,26.0,1.0,1,112.07,116.93
2009-10-04,2009,10,4,277,17.83,29.0,25.8,98.0,100.0,2.4,23.5,1004.0,26.0,1.0,1,66.66,113.58
2009-10-05,2009,10,5,278,30.25,30.5,23.3,98.0,100.0,3.1,23.5,1003.9,26.0,1.0,1,54.63,103.16
2009-10-06,2009,10,6,279,4.18,27.0,23.4,98.0,100.0,0.7,20.7,1000.2,26.0,1.0,1,40.65,97.65
2009-10-07,2009,10,7,280,9.59,32.2,23.5,98.0,100.0,1.3,28.3,1004.4,26.0,1.0,1,35.75,94.35
2009-10-08,2009,10,8,281,48.56,29.8,23.5,98.0,100.0,1.7,32.7,1000.8,26.0,1.0,1,33.08,89.21
2009-10-09,2009,10,9,282,10.95,31.3,23.0,93.9,100.0,2.4,20.0,1004.4,26.0,1.0,1,17.93,88.0
2009-10-10,2009,10,10,283,33.49,28.5,22.0,98.0,97.1,2.9,27.5,1003.9,26.0,1.0,1,22.12,85.61
2009-10-11,2009,10,11,284,15.66,27.4,21.5,91.1,99.6,1.9,28.6,1003.0,25.1,1.0,1,21.81,81.92
2009-10-12,2009,10,12,285,6.11,28.5,22.6,91.1,96.5,2.6,21.2,1005.9,26.0,1.0,1,18.36,78.92
2009-10-13,2009,10,13,286,111.37,31.5,21.8,98.0,100.0,2.1,34.8,1004.4,26.0,1.0,1,33.68,79.86
2009-10-14,2009,10,14,287,7.24,30.2,21.7,98.0,100.0,0.4,26.9,1001.6,26.0,1.0,1,33.34,76.33
2009-10-15,2009,10,15,288,40.26,26.8,22.7,98.0,100.0,1.2,31.1,998.9,25.5,1.0,1,32.15,76.46
2009-10-16,2009,10,16,289,58.57,25.5,23.5,98.0,100.0,0.1,27.8,999.7,25.4,1.0,1,38.96,75.19
2009-10-17,2009,10,17,290,2.52,28.5,20.1,92.5,84.4,3.0,25.1,1008.0,26.0,1.0,1,34.53,73.51
2009-10-18,2009,10,18,291,8.81,30.5,21.8,86.0,82.7,3.4,24.6,1001.5,26.0,1.0,1,33.55,71.54
2009-10-19,2009,10,19,292,7.15,27.6,19.9,90.8,100.0,1.8,26.1,1003.2,26.0,1.0,1,33.7,70.24
2009-10-20,2009,10,20,293,6.85,30.2,21.2,88.6,100.0,1.4,21.7,1004.1,26.0,1.0,1,18.77,60.4
2009-10-21,2009,10,21,294,17.14,28.6,18.9,98.0,96.9,2.3,27.8,1000.6,26.0,1.0,1,20.19,58.42
2009-10-22,2009,10,22,295,18.98,30.9,20.0,94.0,100.0,1.7,26.6,1002.0,26.0,1.0,1,17.15,56.68
2009-10-23,2009,10,23,296,22.55,27.1,20.7,98.0,100.0,1.1,30.3,998.1,26.0,1.0,1,12.0,53.32
2009-10-24,2009,10,24,297,9.4,27.9,21.9,94.3,95.3,1.1,23.3,1005.8,26.0,1.0,1,12.98,52.72
2009-10-25,2009,10,25,298,26.24,26.9,18.7,96.5,98.8,1.2,23.9,1003.6,26.0,1.0,1,15.47,49.56
2009-10-26,2009,10,26,299,34.7,29.2,21.0,96.4,100.0,1.9,23.6,1005.4,26.0,1.0,1,19.41,44.43
2009-10-27,2009,10,27,300,88.43,28.5,20.3,98.0,100.0,1.6,35.0,1001.6,26.0,1.0,1,31.06,36.19
2009-10-28,2009,10,28,301,5.04,24.9,22.0,96.8,100.0,1.8,16.1,1003.2,24.5,1.0,1,29.33,32.54
2009-10-29,2009,10,29,302,8.17,28.4,19.7,83.4,80.0,3.8,18.3,1004.5,25.6,1.0,1,27.79,29.41
2009-10-30,2009,10,30,303,7.55,25.0,20.6,90.8,96.8,2.9,23.2,1002.9,23.3,1.0,1,25.65,28.2
2009-10-31,2009,10,31,304,41.72,25.7,19.8,98.0,100.0,1.1,26.3,1000.9,26.0,1.0,1,30.26,27.35
2009-11-01,2009,11,1,305,28.5,28.1,18.7,87.7,100.0,2.3,21.8,998.8,25.8,1.0,1,30.59,24.4
2009-11-02,2009,11,2,306,51.32,25.0,19.1,98.0,100.0,3.1,31.1,1006.0,24.6,1.0,1,32.96,25.97
2009-11-03,2009,11,3,307,18.11,26.2,18.8,94.9,100.0,0.5,26.1,1000.9,25.4,1.0,1,22.92,25.98
2009-11-04,2009,11,4,308,13.94,27.7,17.5,95.6,100.0,1.9,24.2,1002.7,26.0,1.0,1,24.19,25.44
2009-11-05,2009,11,5,309,10.25,27.1,21.4,94.3,100.0,1.2,25.9,1002.6,25.6,1.0,1,24.48,25.64
2009-11-06,2009,11,6,310,29.04,26.9,19.0,98.0,100.0,1.0,26.5,1002.0,26.0,1.0,1,27.55,26.29
2009-11-07,2009,11,7,311,7.46,27.4,19.9,93.2,87.6,4.6,16.0,1002.1,26.0,1.0,1,22.66,24.92
2009-11-08,2009,11,8,312,26.77,28.1,17.9,98.0,100.0,2.1,24.1,1001.6,26.0,1.0,1,22.41,25.44
2009-11-09,2009,11,9,313,17.38,24.1,19.2,94.4,99.6,1.4,24.3,1006.5,23.3,1.0,1,17.56,24.91
2009-11-10,2009,11,10,314,67.56,26.4,19.7,98.0,93.2,3.1,32.9,1003.8,26.0,1.0,1,24.63,26.64
2009-11-11,2009,11,11,315,1.67,27.2,19.1,97.7,92.7,3.1,22.0,1001.7,26.0,1.0,1,22.88,26.49
2009-11-12,2009,11,12,316,8.64,26.8,18.0,86.1,96.8,2.0,23.8,1002.8,24.2,1.0,1,22.65,23.07
2009-11-13,2009,11,13,317,43.85,25.3,19.8,98.0,96.0,2.1,25.6,999.9,24.4,1.0,1,24.76,24.29
2009-11-14,2009,11,14,318,16.92,25.1,16.3,95.2,84.7,3.0,23.1,999.7,23.3,1.0,1,26.11,23.51
2009-11-15,2009,11,15,319,46.84,26.5,16.8,90.9,100.0,1.5,29.2,1004.4,24.0,1.0,1,28.98,23.12
2009-11-16,2009,11,16,320,13.53,25.5,18.5,98.0,83.9,2.5,29.2,1002.6,24.8,1.0,1,28.43,23.48
2009-11-17,2009,11,17,321,12.95,26.7,16.0,92.7,99.0,1.2,19.4,1005.8,25.2,1.0,1,20.63,23.62
2009-11-18,2009,11,18,322,37.05,25.1,17.5,96.5,94.5,2.1,27.6,1000.6,24.4,1.0,1,25.68,24.62
2009-11-19,2009,11,19,323,20.47,24.3,17.8,90.4,95.6,1.7,19.7,1004.8,22.9,1.0,1,27.37,25.07
2009-11-20,2009,11,20,324,19.1,22.1,20.1,94.7,84.2,2.6,21.0,1002.5,20.4,1.0,1,23.84,25.14
2009-11-21,2009,11,21,325,15.84,24.3,17.5,85.7,100.0,3.0,25.2,1003.0,20.8,1.0,1,23.68,25.03
2009-11-22,2009,11,22,326,29.97,22.7,17.6,98.0,100.0,1.9,25.2,1004.3,22.2,1.0,1,21.27,25.28
2009-11-23,2009,11,23,327,6.64,22.0,16.0,90.8,93.6,1.9,20.0,1004.4,20.3,1.0,1,20.29,25.19
2009-11-24,2009,11,24,328,57.29,23.1,18.1,95.7,96.4,2.8,34.8,1002.9,22.4,1.0,1,26.62,26.22
2009-11-25,2009,11,25,329,33.05,25.3,18.0,98.0,94.7,1.8,22.6,1003.6,24.8,1.0,1,26.05,26.17
2009-11-26,2009,11,26,330,48.59,23.8,16.6,88.0,78.7,3.3,27.9,997.8,21.0,1.0,1,30.07,24.84
2009-11-27,2009,11,27,331,32.77,24.3,18.9,88.7,100.0,0.7,26.2,1003.8,22.4,1.0,1,32.02,25.76
2009-11-28,2009,11,28,332,8.98,25.0,18.8,86.6,82.0,3.2,15.4,1002.7,23.5,1.0,1,31.04,25.79
2009-11-29,2009,11,29,333,8.63,23.8,17.1,86.5,79.7,4.2,19.6,1001.5,21.1,1.0,1,27.99,25.83
2009-11-30,2009,11,30,334,19.3,22.8,16.0,91.0,78.2,4.2,18.1,1001.4,20.9,1.0,1,29.8,25.08
2009-12-01,2009,12,1,335,0.0,23.0,16.3,82.7,82.9,3.5,11.7,1003.2,19.2,1.0,0,21.62,24.13
2009-12-02,2009,12,2,336,0.0,24.8,19.4,86.6,80.8,3.6,19.6,1007.8,22.8,1.0,0,16.9,22.42
2009-12-03,2009,12,3,337,0.0,23.5,17.7,75.6,70.9,4.1,19.9,1003.3,19.7,1.0,0,9.95,21.82
2009-12-04,2009,12,4,338,0.0,22.0,16.5,73.5,72.5,5.6,16.5,1006.1,17.6,1.0,0,5.27,21.35
2009-12-05,2009,12,5,339,0.0,22.9,19.0,75.3,84.9,5.0,15.2,1006.1,18.3,1.0,0,3.99,21.01
2009-12-06,2009,12,6,340,0.0,24.1,17.1,75.5,61.8,5.3,22.6,1004.2,19.5,1.0,0,2.76,20.04
2009-12-07,2009,12,7,341,0.0,23.5,17.3,80.6,61.1,5.4,23.8,1003.5,19.6,1.0,0,0.0,19.79
2009-12-08,2009,12,8,342,0.04,22.0,20.0,79.7,64.0,3.6,19.6,1004.8,17.8,1.0,0,0.01,18.9
2009-12-09,2009,12,9,343,0.92,22.0,18.3,81.7,80.6,3.5,18.0,1003.0,19.2,1.0,0,0.14,18.35
2009-12-10,2009,12,10,344,2.04,22.0,16.8,82.2,73.3,3.6,16.0,1003.0,18.8,1.0,0,0.43,16.17
2009-12-11,2009,12,11,345,0.11,23.8,17.5,80.7,63.1,6.2,18.3,1006.9,19.4,1.0,0,0.44,16.12
2009-12-12,2009,12,12,346,0.0,23.8,17.7,73.1,69.2,5.7,17.1,1008.5,18.2,1.0,0,0.44,15.83
2009-12-13,2009,12,13,347,1.58,22.6,18.0,79.0,63.9,4.1,19.4,1004.7,17.8,1.0,0,0.67,14.42
2009-12-14,2009,12,14,348,0.0,22.2,16.0,76.8,67.2,4.4,20.7,1002.3,17.4,1.0,0,0.67,13.86
2009-12-15,2009,12,15,349,2.56,22.0,18.9,84.7,73.8,4.3,18.2,1006.9,20.0,1.0,0,1.03,12.38
2009-12-16,2009,12,16,350,0.16,23.2,18.6,79.8,61.5,6.5,16.9,1005.9,19.9,1.0,0,0.92,11.93
2009-12-17,2009,12,17,351,0.0,22.0,16.0,85.5,54.1,7.0,12.1,1006.8,19.5,1.0,0,0.63,11.5
2009-12-18,2009,12,18,352,0.0,23.7,16.8,73.9,64.3,6.1,17.7,1004.2,19.0,1.0,0,0.61,10.27
2009-12-19,2009,12,19,353,0.0,23.4,16.8,76.4,61.5,5.2,18.2,1007.0,19.3,1.0,0,0.61,9.59
2009-12-20,2009,12,20,354,6.47,24.2,16.9,83.9,63.3,6.2,20.3,1003.5,21.3,1.0,0,1.31,9.16
2009-12-21,2009,12,21,355,0.0,22.5,17.6,75.1,63.4,3.8,10.7,1003.2,18.4,1.0,0,1.31,8.64
2009-12-22,2009,12,22,356,0.95,22.0,16.3,78.8,68.0,5.1,17.1,1002.5,17.9,1.0,0,1.08,7.67
2009-12-23,2009,12,23,357,4.49,23.0,17.1,76.2,44.8,7.1,14.4,1004.5,18.6,1.14,0,1.7,7.6
2009-12-24,2009,12,24,358,0.0,23.5,17.4,81.0,63.7,6.4,17.8,1008.7,20.1,1.0,0,1.7,5.69
2009-12-25,2009,12,25,359,0.0,22.0,17.2,70.4,56.1,5.4,16.1,1006.5,16.4,1.0,0,1.7,4.59
2009-12-26,2009,12,26,360,0.0,22.1,17.1,83.4,60.0,6.1,13.4,1003.2,19.7,1.0,0,1.7,2.97
2009-12-27,2009,12,27,361,0.0,22.6,17.2,78.6,65.3,6.6,20.2,1004.4,18.8,1.0,0,0.78,1.87
2009-12-28,2009,12,28,362,2.47,22.9,16.8,78.4,45.3,6.9,14.3,1007.9,18.5,1.0,0,1.13,1.66
2009-12-29,2009,12,29,363,0.0,22.0,16.0,76.6,34.5,8.4,13.1,1005.9,18.1,1.0,0,0.99,1.37
2009-12-30,2009,12,30,364,0.0,23.1,16.0,72.0,42.3,7.2,13.5,1005.9,18.6,1.0,0,0.35,0.73
2009-12-31,2009,12,31,365,0.0,22.0,16.0,77.3,63.0,4.7,9.0,1004.6,18.2,1.0,0,0.35,0.73
2010-01-01,2010,1,1,1,0.0,25.1,16.0,72.2,50.5,6.1,9.7,1003.3,20.2,1.0,0,0.35,0.73
2010-01-02,2010,1,2,2,2.74,22.0,16.0,66.9,50.0,6.9,18.4,1009.3,14.8,1.1,0,0.74,0.82
2010-01-03,2010,1,3,3,0.0,22.7,17.7,74.1,67.8,4.3,14.4,1003.9,18.0,1.0,0,0.74,0.82
2010-01-04,2010,1,4,4,0.0,22.0,18.0,70.5,55.4,6.1,15.6,1007.8,16.2,1.0,0,0.39,0.82
2010-01-05,2010,1,5,5,0.0,22.2,17.2,73.8,61.2,4.8,14.7,1004.9,16.7,1.0,0,0.39,0.82
2010-01-06,2010,1,6,6,0.48,22.0,16.0,73.1,51.8,7.2,14.8,1002.0,16.4,1.0,0,0.46,0.83
2010-01-07,2010,1,7,7,0.0,23.6,16.0,67.0,31.4,9.0,13.6,1005.9,17.5,1.0,0,0.46,0.83
2010-01-08,2010,1,8,8,0.0,22.0,16.0,78.9,52.3,5.4,11.7,1008.4,18.5,1.0,0,0.46,0.8
2010-01-09,2010,1,9,9,0.0,22.1,16.0,69.5,42.2,7.0,15.2,1004.4,15.8,1.0,0,0.07,0.73
2010-01-10,2010,1,10,10,0.0,22.0,18.0,76.2,45.2,6.5,13.9,1004.0,18.2,1.0,0,0.07,0.73
2010-01-11,2010,1,11,11,0.0,22.0,16.0,68.8,50.6,6.3,9.8,1005.1,16.1,1.0,0,0.07,0.73
2010-01-12,2010,1,12,12,0.0,22.0,16.8,71.5,30.6,9.1,14.9,1002.6,17.0,1.17,0,0.07,0.68
2010-01-13,2010,1,13,13,0.0,23.6,16.0,72.3,42.7,6.7,17.6,1003.8,17.6,1.0,0,0.0,0.68
2010-01-14,2010,1,14,14,0.0,22.2,17.0,62.8,39.5,7.1,13.8,1007.9,14.1,1.0,0,0.0,0.59
2010-01-15,2010,1,15,15,0.0,22.0,16.0,68.2,50.4,6.3,10.8,1004.4,15.2,1.28,0,0.0,0.59
2010-01-16,2010,1,16,16,0.0,22.0,16.0,71.5,63.0,5.6,13.2,1002.3,17.1,1.0,0,0.0,0.59
2010-01-17,2010,1,17,17,2.75,22.0,16.0,71.7,30.0,6.9,15.1,1004.1,16.4,1.0,0,0.39,0.68
2010-01-18,2010,1,18,18,0.0,22.0,17.1,70.1,45.5,7.3,9.0,1004.8,16.7,1.0,0,0.39,0.68
2010-01-19,2010,1,19,19,0.0,22.0,16.0,73.3,43.0,5.5,10.6,1004.9,18.4,1.0,0,0.39,0.46
2010-01-20,2010,1,20,20,0.0,24.3,16.0,66.2,43.8,7.2,12.1,1008.1,16.8,1.0,0,0.39,0.46
2010-01-21,2010,1,21,21,0.0,22.0,16.3,69.5,63.8,4.7,10.9,1009.8,16.2,1.0,0,0.39,0.43
2010-01-22,2010,1,22,22,0.74,22.5,16.0,63.9,28.7,7.3,12.4,1005.4,15.0,1.0,0,0.5,0.31
2010-01-23,2010,1,23,23,18.99,23.2,16.0,73.7,45.0,7.8,18.7,1005.7,18.8,1.0,0,3.21,0.94
2010-01-24,2010,1,24,24,2.63,23.2,18.3,74.7,55.1,5.7,7.4,1005.1,18.3,1.0,0,3.19,1.03
2010-01-25,2010,1,25,25,0.0,23.7,16.0,68.3,44.0,6.2,7.2,1001.5,18.1,1.0,0,3.19,1.03
2010-01-26,2010,1,26,26,0.0,22.5,16.0,66.1,45.3,7.3,10.0,1001.2,15.9,1.0,0,3.19,1.03
2010-01-27,2010,1,27,27,0.0,22.8,17.3,64.5,34.2,9.0,11.8,1004.1,15.0,1.0,0,3.19,0.94
2010-01-28,2010,1,28,28,0.0,22.0,16.6,62.0,43.7,6.3,7.2,1002.9,14.2,1.0,0,3.19,0.94
2010-01-29,2010,1,29,29,1.23,22.0,16.1,71.8,48.0,7.6,16.5,1002.9,16.9,1.0,0,3.26,0.99
2010-01-30,2010,1,30,30,0.0,23.0,17.7,75.6,44.7,5.9,13.4,1001.7,18.4,1.0,0,0.55,0.99
2010-01-31,2010,1,31,31,3.44,22.0,16.0,66.8,53.9,4.6,7.2,1008.3,15.0,1.0,0,0.67,1.1
2010-02-01,2010,2,1,32,0.0,22.0,17.7,59.4,35.4,7.8,10.7,1008.5,13.8,1.0,0,0.67,1.01
2010-02-02,2010,2,2,33,0.0,23.2,16.0,72.6,42.5,7.3,11.6,1005.9,17.0,1.0,0,0.67,1.01
2010-02-03,2010,2,3,34,0.0,23.4,16.0,62.6,30.1,9.5,7.7,1003.3,14.8,1.0,0,0.67,1.01
2010-02-04,2010,2,4,35,0.0,22.0,19.5,67.5,39.2,7.3,5.1,1006.3,16.2,1.0,0,0.67,1.01
2010-02-05,2010,2,5,36,0.0,23.2,17.0,67.9,37.8,7.8,7.7,1005.6,17.5,1.0,0,0.49,0.99
2010-02-06,2010,2,6,37,0.0,22.8,18.0,70.1,41.6,7.0,12.9,1006.4,17.8,1.0,0,0.49,0.99
2010-02-07,2010,2,7,38,4.84,23.3,18.4,66.7,38.5,9.5,6.8,1003.7,17.4,1.31,0,0.69,1.15
2010-02-08,2010,2,8,39,0.0,24.9,16.0,67.0,37.0,7.6,13.7,1002.0,18.0,1.0,0,0.69,1.15
2010-02-09,2010,2,9,40,0.02,23.8,16.9,63.7,28.5,8.4,6.8,1004.4,16.8,1.0,0,0.69,1.15
2010-02-10,2010,2,10,41,2.87,23.8,17.2,58.2,35.9,7.9,5.0,1004.3,15.1,1.0,0,1.1,1.25
2010-02-11,2010,2,11,42,0.0,22.0,16.4,62.9,32.1,8.3,13.0,1005.1,14.8,1.02,0,1.1,1.25
2010-02-12,2010,2,12,43,0.0,22.2,18.8,65.9,29.2,7.2,7.9,1002.9,15.8,1.0,0,1.1,1.25
2010-02-13,2010,2,13,44,2.46,24.2,19.0,61.4,23.6,8.6,8.9,1004.2,17.1,1.0,0,1.46,1.33
2010-02-14,2010,2,14,45,0.0,22.0,17.3,64.4,37.0,7.0,10.0,1006.2,15.1,1.0,0,0.76,1.33
2010-02-15,2010,2,15,46,0.0,23.1,18.1,65.0,36.9,7.4,5.1,1004.9,16.6,1.0,0,0.76,1.33
2010-02-16,2010,2,16,47,0.0,22.5,18.6,69.1,31.0,9.9,5.7,1006.5,16.6,1.0,0,0.76,1.24
2010-02-17,2010,2,17,48,0.0,23.5,18.0,59.8,16.9,8.3,7.7,1002.0,14.7,1.0,0,0.35,1.24
2010-02-18,2010,2,18,49,0.21,23.5,17.0,64.5,41.0,6.6,11.9,1007.0,16.3,1.0,0,0.38,1.25
2010-02-19,2010,2,19,50,0.0,24.1,16.0,58.8,37.0,8.5,9.6,1003.0,15.4,1.0,0,0.38,1.25
2010-02-20,2010,2,20,51,0.15,24.7,17.9,55.0,45.3,6.6,9.5,1005.8,14.4,1.0,0,0.05,1.25
2010-02-21,2010,2,21,52,1.0,25.6,18.8,61.5,11.8,11.4,11.6,1005.1,17.0,1.0,0,0.19,1.26
2010-02-22,2010,2,22,53,3.07,25.8,16.8,62.0,25.2,10.2,11.3,1002.3,18.4,1.34,0,0.63,0.73
2010-02-23,2010,2,23,54,0.0,24.0,18.2,64.0,21.3,8.2,5.9,1002.8,17.0,1.0,0,0.63,0.64
2010-02-24,2010,2,24,55,0.83,23.5,18.6,67.5,14.6,9.3,6.1,1003.8,17.4,1.0,0,0.75,0.67
2010-02-25,2010,2,25,56,2.2,23.3,18.7,63.8,27.7,10.5,10.1,1005.7,16.6,1.0,0,1.04,0.74
2010-02-26,2010,2,26,57,2.05,24.1,18.4,60.6,27.3,9.4,8.0,1006.6,16.4,1.05,0,1.33,0.81
2010-02-27,2010,2,27,58,0.0,23.2,17.1,58.8,23.5,8.3,7.8,1006.5,15.4,1.0,0,1.31,0.81
2010-02-28,2010,2,28,59,3.63,25.5,19.8,68.3,16.1,9.5,5.0,1005.5,19.0,1.0,0,1.68,0.89
2010-03-01,2010,3,1,60,5.02,26.5,18.4,66.9,33.5,9.0,8.7,1006.1,20.3,1.0,0,1.96,1.06
2010-03-02,2010,3,2,61,0.0,22.7,17.9,58.1,13.8,10.4,10.2,1004.0,13.7,1.0,0,1.96,0.94
2010-03-03,2010,3,3,62,0.0,25.1,16.6,56.1,31.5,8.9,6.7,1003.0,15.4,1.12,0,1.84,0.94
2010-03-04,2010,3,4,63,33.57,27.6,19.2,68.0,44.9,6.9,12.2,1003.3,20.4,1.0,0,6.32,2.06
2010-03-05,2010,3,5,64,7.79,23.1,21.1,68.7,32.5,8.2,13.5,1008.1,17.3,1.04,0,7.14,2.32
2010-03-06,2010,3,6,65,8.43,27.7,18.5,61.1,22.3,10.5,7.0,1003.8,19.9,1.0,0,8.35,2.6
2010-03-07,2010,3,7,66,12.83,24.3,18.3,68.2,31.4,9.4,14.9,1004.0,17.9,1.0,0,9.66,3.03
2010-03-08,2010,3,8,67,0.0,24.8,19.0,67.8,21.1,8.6,5.0,1005.9,17.9,1.0,0,8.95,3.03
2010-03-09,2010,3,9,68,0.0,26.7,19.0,57.8,26.9,8.8,8.9,1004.8,18.3,1.0,0,8.95,2.87
2010-03-10,2010,3,10,69,6.56,26.7,18.7,62.3,36.1,9.0,5.0,1006.4,19.0,1.0,0,9.88,3.09
2010-03-11,2010,3,11,70,6.84,25.9,21.7,63.7,35.8,6.1,10.2,1002.9,18.4,1.0,0,6.06,3.32
2010-03-12,2010,3,12,71,1.05,25.0,19.4,55.0,21.9,8.0,5.0,1009.8,15.8,1.0,0,5.1,3.26
2010-03-13,2010,3,13,72,2.42,24.4,17.8,58.9,33.3,10.0,5.0,1004.0,16.8,1.0,0,4.24,3.34
2010-03-14,2010,3,14,73,6.35,26.3,18.1,64.1,27.8,9.2,6.4,1007.1,19.1,1.0,0,3.32,3.55
2010-03-15,2010,3,15,74,0.0,26.2,20.9,56.6,2.3,11.6,5.3,1008.9,17.2,1.0,0,3.32,3.47
2010-03-16,2010,3,16,75,3.41,25.5,20.0,70.6,37.6,8.8,7.5,1001.9,20.2,1.0,0,3.8,3.58
2010-03-17,2010,3,17,76,24.69,26.4,19.3,66.8,33.0,7.1,13.1,1002.9,19.2,1.0,0,6.39,4.4
2010-03-18,2010,3,18,77,0.0,27.3,19.3,59.6,24.3,9.7,10.8,1007.0,17.7,1.0,0,5.42,4.4
2010-03-19,2010,3,19,78,0.71,28.6,20.8,58.3,17.6,11.0,13.1,1006.4,19.8,1.55,0,5.37,4.43
2010-03-20,2010,3,20,79,4.93,27.5,19.1,61.5,33.4,8.3,7.3,1004.0,19.6,1.0,0,5.73,4.58
2010-03-21,2010,3,21,80,9.58,27.0,19.9,61.4,18.0,11.5,7.8,1004.8,19.0,1.0,0,6.19,4.9
2010-03-22,2010,3,22,81,9.63,26.2,21.1,56.0,33.2,10.1,9.0,1000.7,17.0,1.0,0,7.56,5.22
2010-03-23,2010,3,23,82,0.32,26.4,19.4,58.8,12.4,11.9,5.7,1005.6,18.1,1.31,0,7.12,5.2
2010-03-24,2010,3,24,83,10.2,28.0,21.9,71.6,31.2,9.2,5.0,1004.3,22.2,1.0,0,5.05,5.43
2010-03-25,2010,3,25,84,3.78,28.2,18.5,68.3,36.4,8.3,8.4,1004.5,21.8,1.0,0,5.59,5.56
2010-03-26,2010,3,26,85,0.0,27.6,20.6,55.8,32.0,8.5,5.0,1003.9,17.3,1.0,0,5.49,5.53
2010-03-27,2010,3,27,86,0.0,29.4,20.8,55.0,26.9,9.3,7.0,1004.9,19.9,1.05,0,4.79,5.46
2010-03-28,2010,3,28,87,5.19,28.3,18.2,55.0,30.5,9.8,6.3,1002.4,18.7,1.0,0,4.16,5.56
2010-03-29,2010,3,29,88,2.23,27.6,20.0,57.2,28.1,8.2,5.0,1006.0,17.9,1.0,0,3.1,5.64
2010-03-30,2010,3,30,89,0.37,27.5,21.7,58.0,16.8,10.6,5.0,1005.8,18.2,1.4,0,3.11,5.53
2010-03-31,2010,3,31,90,0.0,27.5,20.2,61.6,25.0,10.2,5.0,1004.9,19.4,1.0,0,1.65,5.36
2010-04-01,2010,4,1,91,0.0,29.5,20.8,58.4,22.3,9.2,7.3,1003.0,20.5,1.0,0,1.11,5.36
2010-04-02,2010,4,2,92,0.46,28.0,20.7,63.8,30.8,9.0,5.7,1007.0,20.1,1.0,0,1.18,5.38
2010-04-03,2010,4,3,93,7.76,29.2,22.5,65.8,34.6,9.3,8.7,1001.9,22.3,1.0,0,2.29,4.52
2010-04-04,2010,4,4,94,3.31,27.9,21.8,63.0,23.1,10.2,5.0,1002.7,20.8,1.07,0,2.02,4.37
2010-04-05,2010,4,5,95,2.3,29.1,21.0,60.7,20.5,9.7,8.5,1011.1,20.2,1.37,0,2.03,4.16
2010-04-06,2010,4,6,96,0.0,29.4,20.8,64.1,30.7,8.3,11.9,1005.4,20.9,1.0,0,1.98,3.74
2010-04-07,2010,4,7,97,2.82,33.1,22.8,64.0,21.7,9.1,8.3,1001.9,25.8,1.14,0,2.38,3.83
2010-04-08,2010,4,8,98,1.4,27.8,22.0,55.0,29.9,9.1,10.5,1005.6,17.8,1.54,0,2.58,3.88
2010-04-09,2010,4,9,99,9.96,31.1,23.1,66.6,27.9,9.7,7.8,1004.1,24.0,1.02,0,3.94,3.99
2010-04-10,2010,4,10,100,0.0,28.8,22.7,58.0,16.2,10.5,6.2,1003.7,19.2,1.0,0,2.83,3.76
2010-04-11,2010,4,11,101,0.0,32.2,18.2,64.0,19.6,9.6,9.1,1006.0,24.9,1.0,0,2.35,3.73
2010-04-12,2010,4,12,102,0.0,29.2,23.5,63.0,0.0,12.6,6.5,1005.2,20.6,1.21,0,2.03,3.65
2010-04-13,2010,4,13,103,6.33,32.0,22.4,70.2,27.4,9.4,11.4,1002.0,26.0,1.69,0,2.93,3.65
2010-04-14,2010,4,14,104,1.15,30.9,22.7,55.0,26.5,8.8,7.1,1005.2,21.8,1.0,0,2.69,3.68
2010-04-15,2010,4,15,105,0.0,28.7,20.1,61.8,42.5,7.0,8.0,1004.4,20.9,1.0,0,2.49,3.57
2010-04-16,2010,4,16,106,0.0,31.1,22.0,58.1,16.4,10.3,5.9,1004.8,22.5,1.55,0,1.07,2.75
2010-04-17,2010,4,17,107,0.0,31.7,22.7,69.3,23.4,9.6,5.0,1005.0,25.8,1.44,0,1.07,2.75
2010-04-18,2010,4,18,108,2.12,32.0,21.2,55.0,16.9,10.2,7.4,1004.1,22.1,1.64,0,1.37,2.79
2010-04-19,2010,4,19,109,24.57,30.9,24.5,71.0,28.5,10.6,10.4,1003.8,24.4,1.19,0,4.88,3.45
2010-04-20,2010,4,20,110,0.0,35.3,23.9,63.2,28.2,9.7,5.9,1005.3,26.0,1.0,0,3.98,3.13
2010-04-21,2010,4,21,111,0.0,34.4,22.6,55.0,19.0,10.5,9.0,1002.8,23.0,1.7,0,3.81,2.81
2010-04-22,2010,4,22,112,0.0,32.1,25.3,63.3,18.2,10.0,10.9,1005.9,24.3,1.36,0,3.81,2.8
2010-04-23,2010,4,23,113,11.41,29.8,23.7,58.0,29.2,9.7,13.0,1005.1,20.1,1.0,0,5.44,2.84
2010-04-24,2010,4,24,114,22.91,30.4,25.0,66.5,37.3,8.2,10.8,998.0,23.3,1.0,0,8.72,3.48
2010-04-25,2010,4,25,115,0.0,31.6,22.5,63.1,19.0,11.9,6.1,999.2,22.9,1.12,0,8.41,3.48
2010-04-26,2010,4,26,116,16.24,32.0,24.1,64.0,38.8,9.6,7.8,1003.3,24.3,1.0,0,7.22,4.02
2010-04-27,2010,4,27,117,0.0,31.1,25.2,62.0,37.8,7.5,14.4,1004.5,22.5,1.0,0,7.22,3.84
2010-04-28,2010,4,28,118,8.28,31.6,25.1,65.5,34.6,8.1,13.1,1005.5,24.3,1.0,0,8.41,4.05
2010-04-29,2010,4,29,119,0.0,29.6,25.0,64.1,30.4,10.6,8.2,1003.5,21.8,1.0,0,8.41,4.03
2010-04-30,2010,4,30,120,9.95,29.5,25.4,62.1,10.0,11.1,5.0,1004.4,21.5,1.21,0,8.2,4.37
2010-05-01,2010,5,1,121,0.5,32.9,25.8,66.2,21.0,10.5,7.9,1006.3,24.9,1.0,0,5.0,4.38
2010-05-02,2010,5,2,122,6.45,35.3,21.3,55.0,15.7,10.4,11.9,1005.3,23.9,1.18,0,5.92,4.58
2010-05-03,2010,5,3,123,0.0,30.8,23.6,68.6,36.8,6.4,6.2,1003.4,24.6,1.0,0,3.6,4.32
2010-05-04,2010,5,4,124,6.3,32.9,22.2,64.5,37.3,7.7,6.0,1004.2,24.9,1.0,0,4.5,4.42
2010-05-05,2010,5,5,125,13.85,33.3,22.3,67.8,37.3,8.9,12.6,1002.4,26.0,1.0,0,5.29,4.81
2010-05-06,2010,5,6,126,0.0,34.0,23.8,64.2,26.0,9.7,8.7,1005.2,26.0,1.0,0,5.29,4.81
2010-05-07,2010,5,7,127,3.29,32.8,24.0,65.5,27.9,9.3,9.3,1005.3,24.8,1.19,0,4.34,4.82
2010-05-08,2010,5,8,128,9.97,32.1,26.2,67.5,64.2,5.9,10.3,1006.5,25.4,1.0,0,5.69,5.11
2010-05-09,2010,5,9,129,14.45,34.8,23.3,74.2,44.7,6.9,7.1,1002.9,26.0,1.0,0,6.84,5.26
2010-05-10,2010,5,10,130,1.8,31.0,25.0,58.4,27.0,8.6,7.1,1006.7,22.7,1.0,0,7.09,5.32
2010-05-11,2010,5,11,131,8.34,34.6,26.8,63.6,35.8,7.2,10.1,1006.1,26.0,1.0,0,7.39,5.6
2010-05-12,2010,5,12,132,13.42,33.0,24.7,71.1,27.3,9.7,7.3,1003.4,26.0,1.0,0,7.32,6.04
2010-05-13,2010,5,13,133,7.18,34.7,27.4,65.9,38.0,9.4,7.5,1002.9,26.0,1.08,0,8.35,6.07
2010-05-14,2010,5,14,134,0.0,36.2,22.8,69.5,31.4,10.0,13.8,1004.8,26.0,1.0,0,7.88,6.03
2010-05-15,2010,5,15,135,10.05,33.5,24.2,77.7,44.9,8.8,11.6,1005.4,26.0,1.0,0,7.89,6.37
2010-05-16,2010,5,16,136,6.14,34.1,27.1,67.5,27.4,8.1,11.1,1004.5,26.0,1.07,0,6.7,6.57
2010-05-17,2010,5,17,137,0.14,34.1,24.5,58.1,44.4,7.6,11.8,1002.7,23.7,1.0,0,6.47,6.58
2010-05-18,2010,5,18,138,2.83,38.0,25.1,62.9,25.4,10.3,12.0,1004.9,26.0,1.56,0,5.68,6.6
2010-05-19,2010,5,19,139,15.92,34.8,27.5,63.3,34.2,9.0,12.7,1001.5,26.0,1.42,0,6.04,6.31
2010-05-20,2010,5,20,140,15.65,34.8,26.4,74.0,33.8,8.7,10.1,1003.1,26.0,1.0,0,7.25,6.84
2010-05-21,2010,5,21,141,7.8,35.1,23.7,65.3,30.5,10.1,8.2,1007.8,26.0,1.43,0,8.36,7.1
2010-05-22,2010,5,22,142,2.07,37.3,26.4,66.2,34.4,10.5,11.5,1007.3,26.0,1.0,0,7.22,7.16
2010-05-23,2010,5,23,143,0.0,34.4,24.9,64.9,35.0,7.6,14.8,1004.2,26.0,1.0,0,6.34,6.78
2010-05-24,2010,5,24,144,0.0,36.7,25.3,70.8,36.0,10.0,5.0,1005.3,26.0,1.0,0,6.32,6.02
2010-05-25,2010,5,25,145,2.25,34.5,25.8,67.8,41.6,8.0,13.2,1006.6,26.0,1.35,0,6.24,6.1
2010-05-26,2010,5,26,146,7.5,34.5,25.3,68.9,59.0,6.7,7.9,1002.8,26.0,1.0,0,5.04,5.8
2010-05-27,2010,5,27,147,2.28,36.3,26.6,64.3,35.1,8.8,12.3,1010.5,26.0,1.38,0,3.13,5.88
2010-05-28,2010,5,28,148,0.0,37.7,25.1,69.6,35.1,8.0,10.1,1001.9,26.0,1.11,0,2.01,5.6
2010-05-29,2010,5,29,149,10.61,35.4,26.5,67.4,52.6,7.3,11.3,1004.8,26.0,1.12,0,3.23,5.96
2010-05-30,2010,5,30,150,3.29,35.5,27.2,64.1,30.6,9.8,11.8,1004.1,26.0,1.0,0,3.7,5.74
2010-05-31,2010,5,31,151,6.68,37.1,26.2,68.4,55.0,6.5,13.8,1004.6,26.0,1.03,0,4.66,5.94
2010-06-01,2010,6,1,152,51.84,36.2,26.5,88.7,51.3,5.7,22.5,1003.3,26.0,1.0,1,11.74,7.46
2010-06-02,2010,6,2,153,184.15,37.3,26.5,82.8,86.0,4.0,21.3,1003.0,26.0,1.0,1,36.98,13.59
2010-06-03,2010,6,3,154,23.84,34.0,26.6,76.5,44.8,9.0,16.6,1000.6,26.0,1.13,1,40.06,14.18
2010-06-04,2010,6,4,155,89.14,34.9,26.4,84.2,68.5,5.5,24.6,1001.8,26.0,1.0,1,52.79,16.69
2010-06-05,2010,6,5,156,391.65,36.5,26.4,84.9,83.6,3.7,25.0,999.0,26.0,1.0,1,107.23,29.74
2010-06-06,2010,6,6,157,255.65,37.3,26.5,83.3,87.4,4.4,23.6,1001.7,26.0,1.0,1,143.28,38.15
2010-06-07,2010,6,7,158,345.21,36.5,26.9,80.6,84.8,3.8,25.6,1003.2,26.0,1.0,1,191.64,49.33
2010-06-08,2010,6,8,159,33.97,36.9,26.2,78.1,53.1,6.9,22.9,1004.2,26.0,1.0,1,189.09,49.98
2010-06-09,2010,6,9,160,31.26,37.8,26.6,78.8,65.6,5.8,17.5,1001.3,26.0,1.0,1,167.25,50.96
2010-06-10,2010,6,10,161,169.62,35.1,28.0,79.5,73.4,4.8,23.9,1003.1,26.0,1.0,1,188.07,56.34
2010-06-11,2010,6,11,162,77.77,37.9,28.0,83.4,73.9,5.0,23.5,1001.8,26.0,1.0,1,186.45,58.48
2010-06-12,2010,6,12,163,125.24,38.0,28.0,86.2,79.8,4.8,25.3,1003.6,26.0,1.0,1,148.39,62.42
2010-06-13,2010,6,13,164,274.16,36.6,27.2,83.8,82.5,5.2,24.5,1002.2,26.0,1.0,1,151.03,71.56
2010-06-14,2010,6,14,165,119.09,35.9,25.8,90.8,83.4,2.4,29.9,1003.5,26.0,1.0,1,118.73,75.19
2010-06-15,2010,6,15,166,6.61,38.0,26.8,75.5,54.0,6.7,10.6,1004.1,26.0,1.29,1,114.82,75.21
2010-06-16,2010,6,16,167,166.38,38.0,27.3,83.6,74.3,6.2,29.3,1004.7,26.0,1.0,1,134.12,80.75
2010-06-17,2010,6,17,168,95.48,37.6,28.0,84.6,89.5,3.2,24.1,1005.2,26.0,1.0,1,123.53,83.84
2010-06-18,2010,6,18,169,66.83,36.1,26.3,90.5,75.6,5.8,23.3,999.2,26.0,1.0,1,121.97,85.53
2010-06-19,2010,6,19,170,377.42,37.5,27.1,85.0,78.9,4.8,27.5,1002.7,26.0,1.0,1,158.0,97.59
2010-06-20,2010,6,20,171,63.13,36.3,26.1,82.6,83.9,5.2,21.6,1001.6,26.0,1.0,1,127.85,99.44
2010-06-21,2010,6,21,172,329.72,38.0,28.0,84.6,100.0,2.7,24.1,1003.6,26.0,1.0,1,157.94,110.36
2010-06-22,2010,6,22,173,61.62,37.5,28.0,86.6,82.6,5.2,20.7,1000.2,26.0,1.0,1,165.8,112.41
2010-06-23,2010,6,23,174,93.28,36.3,26.9,88.7,91.2,3.6,24.0,1001.5,26.0,1.0,1,155.35,115.52
2010-06-24,2010,6,24,175,333.55,38.0,27.5,91.4,90.0,4.4,26.8,1003.5,26.0,1.0,1,189.36,126.57
2010-06-25,2010,6,25,176,199.91,36.7,25.8,86.0,80.3,5.9,32.5,1003.4,26.0,1.0,1,208.38,132.98
2010-06-26,2010,6,26,177,57.24,35.8,28.0,93.1,86.8,4.4,24.9,1002.1,26.0,1.0,1,162.64,134.81
2010-06-27,2010,6,27,178,180.3,38.0,27.9,91.5,82.2,5.0,29.2,1000.7,26.0,1.0,1,179.37,140.82
2010-06-28,2010,6,28,179,171.63,38.0,25.4,88.0,97.2,2.3,23.5,1003.0,26.0,1.0,1,156.79,146.19
2010-06-29,2010,6,29,180,240.35,37.1,26.6,93.3,82.8,4.2,23.8,1004.2,26.0,1.0,1,182.32,154.09
2010-06-30,2010,6,30,181,198.11,38.0,27.2,97.9,100.0,1.5,29.6,1001.6,26.0,1.0,1,197.3,160.47
2010-07-01,2010,7,1,182,64.54,36.8,27.2,90.7,96.0,3.3,19.2,1003.1,26.0,1.0,1,158.87,160.89
2010-07-02,2010,7,2,183,77.97,37.3,26.9,96.7,96.2,3.5,26.9,1001.7,26.0,1.0,1,141.45,157.36
2010-07-03,2010,7,3,184,471.29,38.0,27.7,87.0,100.0,1.6,31.0,1001.0,26.0,1.0,1,200.6,172.27
2010-07-04,2010,7,4,185,41.56,38.0,28.0,79.8,86.7,5.2,21.3,1001.0,26.0,1.0,1,180.78,170.68
2010-07-05,2010,7,5,186,81.12,38.0,28.0,92.7,94.1,2.8,27.2,1003.4,26.0,1.0,1,167.85,160.33
2010-07-06,2010,7,6,187,240.5,37.1,28.0,96.3,100.0,3.3,30.2,1004.1,26.0,1.0,1,167.87,159.83
2010-07-07,2010,7,7,188,161.74,37.6,28.0,86.7,95.2,2.7,27.6,999.7,26.0,1.0,1,162.67,153.71
2010-07-08,2010,7,8,189,205.03,37.0,27.2,97.3,95.4,2.7,31.2,1001.7,26.0,1.0,1,182.74,159.42
2010-07-09,2010,7,9,190,250.45,37.5,27.4,90.8,92.6,1.0,26.5,1002.7,26.0,1.0,1,207.38,166.72
2010-07-10,2010,7,10,191,358.91,37.6,28.0,95.3,100.0,2.5,32.1,999.7,26.0,1.0,1,191.33,173.03
2010-07-11,2010,7,11,192,161.49,38.0,28.0,94.1,100.0,1.6,28.6,1003.0,26.0,1.0,1,208.46,175.82
2010-07-12,2010,7,12,193,286.18,37.0,28.0,95.2,100.0,3.1,24.8,1002.0,26.0,1.0,1,237.76,181.19
2010-07-13,2010,7,13,194,21.0,38.0,27.6,88.4,83.6,3.5,20.9,1001.0,26.0,1.0,1,206.4,172.75
2010-07-14,2010,7,14,195,167.92,37.9,25.9,93.4,91.9,2.8,24.8,1004.5,26.0,1.0,1,207.28,174.38
2010-07-15,2010,7,15,196,34.73,36.7,27.3,87.6,100.0,2.4,22.4,1002.6,26.0,1.0,1,182.95,175.31
2010-07-16,2010,7,16,197,308.55,38.0,25.8,95.7,97.2,3.4,26.4,1002.2,26.0,1.0,1,191.25,180.05
2010-07-17,2010,7,17,198,58.39,37.8,27.4,91.3,97.2,2.9,21.0,1003.8,26.0,1.0,1,148.32,178.82
2010-07-18,2010,7,18,199,404.54,37.2,26.1,92.0,100.0,2.1,23.6,1001.6,26.0,1.0,1,183.04,190.07
2010-07-19,2010,7,19,200,159.8,38.0,27.4,96.3,100.0,2.9,32.2,1000.7,26.0,1.0,1,164.99,182.82
2010-07-20,2010,7,20,201,167.32,37.4,27.7,92.9,100.0,2.7,26.5,1000.7,26.0,1.0,1,185.89,186.29
2010-07-21,2010,7,21,202,126.92,37.2,27.4,94.5,100.0,2.1,31.5,998.0,26.0,1.0,1,180.04,179.53
2010-07-22,2010,7,22,203,87.72,38.0,27.2,92.9,100.0,0.6,31.5,1005.1,26.0,1.0,1,187.61,180.4
2010-07-23,2010,7,23,204,102.63,38.0,27.0,98.0,100.0,3.5,34.2,1005.0,26.0,1.0,1,158.19,180.71
2010-07-24,2010,7,24,205,298.04,38.0,28.0,96.7,93.2,2.6,31.7,999.3,26.0,1.0,1,192.42,179.53
2010-07-25,2010,7,25,206,95.05,36.9,27.8,89.5,100.0,3.0,24.1,1003.1,26.0,1.0,1,148.21,176.03
2010-07-26,2010,7,26,207,300.52,38.0,25.6,98.0,100.0,2.8,33.5,1000.0,26.0,1.0,1,168.31,184.14
2010-07-27,2010,7,27,208,315.1,35.6,27.5,89.7,100.0,1.3,30.0,999.0,26.0,1.0,1,189.43,188.64
2010-07-28,2010,7,28,209,65.69,34.7,28.0,98.0,100.0,2.0,33.0,1000.5,26.0,1.0,1,180.68,185.11
2010-07-29,2010,7,29,210,440.37,36.7,26.8,97.6,100.0,1.1,31.6,1003.1,26.0,1.0,1,231.06,191.77
2010-07-30,2010,7,30,211,457.76,37.6,26.8,95.1,99.1,1.3,33.1,1000.8,26.0,1.0,1,281.79,200.43
2010-07-31,2010,7,31,212,237.86,38.0,28.0,96.4,100.0,2.2,33.7,1000.4,26.0,1.0,1,273.19,206.2
2010-08-01,2010,8,1,213,308.59,38.0,26.2,91.7,100.0,2.8,28.9,1005.7,26.0,1.0,1,303.7,213.89
2010-08-02,2010,8,2,214,36.05,35.8,25.8,93.4,84.7,5.0,27.0,1002.7,26.0,1.0,1,265.92,199.38
2010-08-03,2010,8,3,215,170.42,38.0,25.3,96.7,100.0,2.3,32.7,1003.3,26.0,1.0,1,245.25,203.68
2010-08-04,2010,8,4,216,127.74,35.3,27.9,98.0,100.0,1.4,33.8,1003.7,26.0,1.0,1,254.11,205.23
2010-08-05,2010,8,5,217,227.03,38.0,28.0,98.0,100.0,2.4,32.2,1000.6,26.0,1.0,1,223.64,204.78
2010-08-06,2010,8,6,218,174.81,36.4,26.3,98.0,100.0,2.3,30.4,1003.9,26.0,1.0,1,183.21,205.22
2010-08-07,2010,8,7,219,79.9,36.2,25.6,93.7,100.0,2.3,28.5,1000.7,26.0,1.0,1,160.65,201.05
2010-08-08,2010,8,8,220,51.32,38.0,28.0,92.9,100.0,2.5,27.6,1002.6,26.0,1.0,1,123.9,194.41
2010-08-09,2010,8,9,221,108.51,36.1,26.7,98.0,100.0,4.0,34.6,1001.2,26.0,1.0,1,134.25,186.06
2010-08-10,2010,8,10,222,26.47,38.0,24.4,95.7,79.0,4.9,24.1,1002.6,26.0,1.0,1,113.68,181.56
2010-08-11,2010,8,11,223,47.23,36.0,27.2,96.7,100.0,1.1,28.9,1001.7,26.0,1.0,1,102.18,173.6
2010-08-12,2010,8,12,224,137.59,38.0,27.1,98.0,100.0,2.4,23.9,1002.5,26.0,1.0,1,89.4,177.49
2010-08-13,2010,8,13,225,52.66,36.9,28.0,98.0,100.0,1.1,31.7,1003.3,26.0,1.0,1,71.95,173.64
2010-08-14,2010,8,14,226,62.32,37.6,27.6,98.0,100.0,2.7,32.3,1001.0,26.0,1.0,1,69.44,174.56
2010-08-15,2010,8,15,227,192.04,35.0,27.6,98.0,100.0,2.3,33.8,1003.7,26.0,1.0,1,89.55,170.68
2010-08-16,2010,8,16,228,83.63,33.7,25.5,98.0,100.0,1.3,35.0,1001.6,26.0,1.0,1,85.99,171.52
2010-08-17,2010,8,17,229,73.09,35.0,24.8,98.0,100.0,2.0,32.4,1002.5,26.0,1.0,1,92.65,160.47
2010-08-18,2010,8,18,230,68.45,35.7,27.0,98.0,100.0,2.2,34.3,1000.5,26.0,1.0,1,95.68,157.43
2010-08-19,2010,8,19,231,73.08,35.9,26.4,98.0,100.0,3.7,32.0,1002.0,26.0,1.0,1,86.47,154.29
2010-08-20,2010,8,20,232,139.81,35.4,27.1,98.0,100.0,1.0,32.0,1003.8,26.0,1.0,1,98.92,154.72
2010-08-21,2010,8,21,233,381.15,32.8,26.4,98.0,100.0,2.3,34.1,1002.6,26.0,1.0,1,144.46,164.5
2010-08-22,2010,8,22,234,176.06,35.0,27.9,98.0,100.0,2.4,29.9,1002.2,26.0,1.0,1,142.18,166.94
2010-08-23,2010,8,23,235,354.59,35.9,25.6,94.9,100.0,2.0,35.0,1005.9,26.0,1.0,1,180.89,168.83
2010-08-24,2010,8,24,236,220.2,35.4,26.1,97.9,100.0,2.0,35.0,1001.0,26.0,1.0,1,201.91,173.0
2010-08-25,2010,8,25,237,144.23,35.1,25.2,98.0,100.0,1.4,35.0,1005.7,26.0,1.0,1,212.73,167.79
2010-08-26,2010,8,26,238,65.65,34.9,24.8,98.0,100.0,2.5,31.3,1003.4,26.0,1.0,1,211.67,159.48
2010-08-27,2010,8,27,239,101.79,35.5,27.4,98.0,100.0,1.8,34.3,1005.9,26.0,1.0,1,206.24,160.68
2010-08-28,2010,8,28,240,157.1,33.8,25.6,95.0,100.0,1.7,34.3,1000.7,26.0,1.0,1,174.23,151.24
2010-08-29,2010,8,29,241,128.11,34.9,28.0,98.0,100.0,2.8,32.8,1001.1,26.0,1.0,1,167.38,140.25
2010-08-30,2010,8,30,242,178.17,34.5,24.0,98.0,100.0,2.8,34.7,1004.3,26.0,1.0,1,142.18,138.26
2010-08-31,2010,8,31,243,126.84,33.2,25.6,98.0,100.0,3.1,35.0,1001.1,26.0,1.0,1,128.84,132.2
2010-09-01,2010,9,1,244,131.53,34.7,25.6,98.0,100.0,1.7,26.5,1001.8,26.0,1.0,1,127.03,135.38
2010-09-02,2010,9,2,245,206.66,31.8,26.9,98.0,100.0,3.5,31.2,1007.0,26.0,1.0,1,147.17,136.59
2010-09-03,2010,9,3,246,26.82,33.7,24.2,96.2,99.1,1.4,29.4,998.2,26.0,1.0,1,136.46,133.23
2010-09-04,2010,9,4,247,68.24,35.1,24.5,98.0,100.0,1.7,33.4,1002.2,26.0,1.0,1,123.77,127.93
2010-09-05,2010,9,5,248,261.97,35.1,23.4,98.0,100.0,0.6,28.9,1000.0,26.0,1.0,1,142.89,130.84
2010-09-06,2010,9,6,249,227.67,34.4,26.8,98.0,100.0,1.0,31.4,1004.2,26.0,1.0,1,149.96,135.77
2010-09-07,2010,9,7,250,135.19,34.6,22.9,98.0,100.0,3.1,34.7,1001.1,26.0,1.0,1,151.15,138.56
2010-09-08,2010,9,8,251,17.6,35.1,25.0,92.6,94.9,1.9,22.6,1002.2,26.0,1.0,1,134.88,135.53
2010-09-09,2010,9,9,252,237.62,34.2,27.8,98.0,100.0,2.4,35.0,1004.8,26.0,1.0,1,139.3,142.57
2010-09-10,2010,9,10,253,439.68,35.7,26.1,98.0,100.0,0.7,35.0,1000.8,26.0,1.0,1,198.28,155.65
2010-09-11,2010,9,11,254,23.58,30.6,26.1,98.0,100.0,2.0,27.8,1002.1,26.0,1.0,1,191.9,151.85
2010-09-12,2010,9,12,255,52.8,34.9,26.6,98.0,100.0,0.0,30.8,1000.0,26.0,1.0,1,162.02,151.86
2010-09-13,2010,9,13,256,192.38,30.3,24.7,98.0,100.0,1.4,34.5,998.9,26.0,1.0,1,156.98,156.19
2010-09-14,2010,9,14,257,94.79,32.5,24.6,98.0,100.0,2.5,35.0,998.6,26.0,1.0,1,151.21,152.95
2010-09-15,2010,9,15,258,101.38,34.4,24.3,98.0,100.0,2.8,32.1,998.1,26.0,1.0,1,163.18,153.54
2010-09-16,2010,9,16,259,155.1,34.1,24.1,98.0,100.0,2.4,26.3,998.3,26.0,1.0,1,151.39,156.27
2010-09-17,2010,9,17,260,91.36,31.6,23.4,98.0,100.0,3.5,29.6,1000.1,26.0,1.0,1,101.63,157.04
2010-09-18,2010,9,18,261,64.61,32.8,25.7,98.0,100.0,1.8,30.0,1003.1,26.0,1.0,1,107.49,156.76
2010-09-19,2010,9,19,262,68.16,31.9,23.3,98.0,100.0,2.3,35.0,1000.4,26.0,1.0,1,109.68,154.37
2010-09-20,2010,9,20,263,47.71,33.9,23.5,98.0,100.0,2.0,32.8,1000.8,26.0,1.0,1,89.02,143.25
2010-09-21,2010,9,21,264,40.69,32.4,22.2,98.0,99.0,3.0,25.4,1002.7,26.0,1.0,1,81.29,138.74
2010-09-22,2010,9,22,265,111.1,31.4,24.7,98.0,100.0,2.3,32.2,1003.2,26.0,1.0,1,82.68,130.62
2010-09-23,2010,9,23,266,47.95,32.8,25.5,98.0,100.0,2.1,31.4,1003.4,26.0,1.0,1,67.37,124.88
2010-09-24,2010,9,24,267,59.34,33.0,20.8,98.0,100.0,3.4,31.3,1003.0,26.0,1.0,1,62.79,122.05
2010-09-25,2010,9,25,268,83.7,31.7,25.2,98.0,100.0,1.3,31.3,1004.5,26.0,1.0,1,65.52,122.65
2010-09-26,2010,9,26,269,90.04,32.8,24.2,98.0,100.0,2.6,31.2,1003.2,26.0,1.0,1,68.65,122.26
2010-09-27,2010,9,27,270,138.55,34.1,24.7,98.0,100.0,2.0,32.4,1001.2,26.0,1.0,1,81.62,121.64
2010-09-28,2010,9,28,271,64.15,28.5,23.5,98.0,100.0,0.6,29.4,1006.0,26.0,1.0,1,84.98,119.51
2010-09-29,2010,9,29,272,207.68,33.2,23.7,98.0,100.0,1.9,32.5,1005.9,26.0,1.0,1,98.77,120.5
2010-09-30,2010,9,30,273,50.95,33.5,23.3,98.0,100.0,2.6,31.1,1000.2,26.0,1.0,1,99.2,117.97
2010-10-01,2010,10,1,274,36.66,31.8,21.6,91.3,100.0,1.9,29.0,1003.2,26.0,1.0,1,95.96,114.8
2010-10-02,2010,10,2,275,79.37,30.6,22.6,98.0,100.0,1.0,28.8,1001.6,26.0,1.0,1,95.34,110.56
2010-10-03,2010,10,3,276,34.56,28.6,22.0,98.0,100.0,1.9,28.0,1004.1,26.0,1.0,1,87.42,110.82
2010-10-04,2010,10,4,277,44.8,30.8,23.8,98.0,100.0,0.1,27.6,1003.8,26.0,1.0,1,74.02,110.04
2010-10-05,2010,10,5,278,19.28,30.0,22.1,98.0,100.0,2.5,26.8,998.4,26.0,1.0,1,67.61,101.95
2010-10-06,2010,10,6,279,34.69,28.4,22.9,96.8,96.8,1.2,30.9,1004.8,26.0,1.0,1,42.9,95.52
2010-10-07,2010,10,7,280,31.06,29.4,20.9,96.6,100.0,2.4,29.2,1003.3,26.0,1.0,1,40.06,92.04
2010-10-08,2010,10,8,281,47.26,30.1,24.4,94.7,100.0,2.0,26.2,1004.2,26.0,1.0,1,41.57,93.03
2010-10-09,2010,10,9,282,16.68,30.5,22.4,95.9,98.9,0.3,25.8,1004.9,26.0,1.0,1,32.62,85.67
2010-10-10,2010,10,10,283,39.04,28.4,20.3,94.3,100.0,1.6,31.7,1002.6,26.0,1.0,1,33.26,72.31
2010-10-11,2010,10,11,284,32.83,26.2,23.1,91.5,99.5,1.6,26.2,1003.2,24.3,1.0,1,31.55,72.62
2010-10-12,2010,10,12,285,25.12,29.3,22.1,94.4,100.0,1.1,17.7,1002.9,26.0,1.0,1,32.38,71.7
2010-10-13,2010,10,13,286,58.38,28.1,22.6,98.0,100.0,2.4,33.8,1002.6,26.0,1.0,1,35.77,67.23
2010-10-14,2010,10,14,287,5.59,28.7,25.3,92.3,99.6,0.2,19.8,1002.8,26.0,1.0,1,32.13,64.26
2010-10-15,2010,10,15,288,3.13,26.2,22.8,92.4,85.6,2.3,27.2,1003.9,24.2,1.0,1,25.82,60.98
2010-10-16,2010,10,16,289,22.69,28.6,22.7,97.3,93.8,2.3,24.9,1001.7,26.0,1.0,1,26.68,56.57
2010-10-17,2010,10,17,290,39.5,29.5,20.9,98.0,100.0,3.2,31.6,1006.3,26.0,1.0,1,26.75,54.84
2010-10-18,2010,10,18,291,26.79,28.2,21.3,98.0,100.0,2.7,23.5,1001.2,26.0,1.0,1,25.89,53.58
2010-10-19,2010,10,19,292,26.84,28.9,20.7,98.0,99.3,1.4,25.5,1002.6,26.0,1.0,1,26.13,52.2
2010-10-20,2010,10,20,293,11.28,28.1,19.4,89.7,96.3,1.6,25.5,1003.4,26.0,1.0,1,19.4,50.99
2010-10-21,2010,10,21,294,14.34,25.5,20.4,95.9,89.6,3.9,28.2,1004.0,24.9,1.0,1,20.65,50.11
2010-10-22,2010,10,22,295,16.83,28.4,22.2,95.3,100.0,2.5,26.1,1002.9,26.0,1.0,1,22.61,46.97
2010-10-23,2010,10,23,296,13.99,27.0,21.2,95.9,100.0,1.6,25.3,1006.1,25.6,1.0,1,21.37,45.84
2010-10-24,2010,10,24,297,12.44,26.0,19.2,92.9,100.0,2.4,25.1,1003.9,24.4,1.0,1,17.5,44.27
2010-10-25,2010,10,25,298,18.38,28.9,20.4,91.8,100.0,2.6,21.3,1004.6,26.0,1.0,1,16.3,42.1
2010-10-26,2010,10,26,299,27.36,28.2,19.5,96.7,100.0,1.3,28.9,1002.3,26.0,1.0,1,16.37,40.01
2010-10-27,2010,10,27,300,36.1,26.7,20.9,95.8,98.0,2.1,20.4,998.3,26.0,1.0,1,19.92,36.59
2010-10-28,2010,10,28,301,45.57,27.3,19.4,95.8,86.7,1.6,30.2,1001.0,26.0,1.0,1,24.38,35.97
2010-10-29,2010,10,29,302,17.47,27.6,19.5,98.0,100.0,2.1,18.8,1004.3,26.0,1.0,1,24.47,29.63
2010-10-30,2010,10,30,303,40.89,24.7,18.5,98.0,100.0,1.9,28.0,1003.7,24.0,1.0,1,28.32,29.3
2010-10-31,2010,10,31,304,2.37,25.4,22.0,80.9,100.0,1.4,21.0,1006.5,21.7,1.0,1,26.88,28.15
2010-11-01,2010,11,1,305,34.73,25.3,19.8,84.6,94.4,1.4,25.6,1004.3,22.3,1.0,1,29.21,26.67
2010-11-02,2010,11,2,306,26.64,27.6,19.7,95.6,100.0,0.8,26.7,1002.5,26.0,1.0,1,29.11,26.4
2010-11-03,2010,11,3,307,98.03,29.1,20.1,98.0,100.0,2.8,33.3,1003.7,26.0,1.0,1,37.96,28.18
2010-11-04,2010,11,4,308,2.23,27.5,20.1,88.3,99.7,2.6,23.3,1006.7,25.6,1.0,1,31.77,27.61
2010-11-05,2010,11,5,309,101.17,26.7,18.7,98.0,100.0,3.7,35.0,1005.5,26.0,1.0,1,43.72,29.82
2010-11-06,2010,11,6,310,26.36,24.8,19.7,95.5,100.0,0.7,16.9,1005.6,23.6,1.0,1,41.65,29.67
2010-11-07,2010,11,7,311,18.51,27.3,19.5,90.4,88.8,2.9,28.9,1007.4,26.0,1.0,1,43.95,28.71
2010-11-08,2010,11,8,312,22.03,25.6,20.5,98.0,99.1,1.3,21.0,999.6,26.0,1.0,1,42.14,28.89
2010-11-09,2010,11,9,313,37.17,24.5,20.1,92.3,100.0,0.6,27.7,1001.7,22.5,1.0,1,43.64,28.83
2010-11-10,2010,11,10,314,6.97,27.0,19.1,94.1,82.8,3.7,24.7,1001.3,25.4,1.0,1,30.63,27.96
2010-11-11,2010,11,11,315,19.56,27.7,19.1,95.5,86.8,4.3,25.8,1000.5,26.0,1.0,1,33.11,27.78
2010-11-12,2010,11,12,316,4.93,26.7,18.7,85.4,100.0,1.7,24.3,1006.4,23.7,1.0,1,19.36,26.0
2010-11-13,2010,11,13,317,124.99,29.1,19.0,98.0,100.0,2.1,29.0,1002.3,26.0,1.0,1,33.45,29.98
2010-11-14,2010,11,14,318,19.7,24.3,18.7,91.2,88.1,4.0,23.2,1004.7,23.1,1.0,1,33.62,30.53
2010-11-15,2010,11,15,319,23.38,24.6,18.9,98.0,92.3,2.0,26.2,1001.6,24.3,1.0,1,33.81,30.55
2010-11-16,2010,11,16,320,3.34,23.9,16.9,84.1,70.0,4.0,19.8,1007.0,20.5,1.0,1,28.98,29.35
2010-11-17,2010,11,17,321,32.21,23.7,17.8,97.9,100.0,2.7,27.6,1002.8,24.3,1.0,1,32.59,29.53
2010-11-18,2010,11,18,322,0.62,27.1,20.2,79.9,90.9,2.1,21.4,1005.2,23.0,1.0,1,29.88,28.65
2010-11-19,2010,11,19,323,7.14,23.2,17.6,89.0,71.7,5.8,21.3,1005.4,21.9,1.0,1,30.2,28.52
2010-11-20,2010,11,20,324,13.95,23.9,18.2,91.0,85.4,3.3,25.2,1003.0,22.3,1.0,1,14.33,28.5
2010-11-21,2010,11,21,325,10.56,26.5,18.5,91.0,74.2,4.3,15.6,1001.7,25.7,1.0,1,13.03,28.29
2010-11-22,2010,11,22,326,101.69,25.1,18.0,98.0,100.0,2.1,26.5,999.4,24.5,1.0,1,24.22,31.22
2010-11-23,2010,11,23,327,80.53,22.9,17.4,96.4,100.0,1.1,33.5,1005.7,22.7,1.0,1,35.24,33.49
2010-11-24,2010,11,24,328,13.09,24.2,19.2,80.9,73.2,3.9,21.2,1003.2,21.2,1.0,1,32.51,33.31
2010-11-25,2010,11,25,329,29.39,22.0,16.7,87.2,85.2,2.3,23.3,1001.1,19.5,1.0,1,36.62,33.38
2010-11-26,2010,11,26,330,24.77,23.9,16.0,83.1,95.7,1.2,22.5,1002.4,21.3,1.0,1,39.14,33.0
2010-11-27,2010,11,27,331,39.31,24.2,19.4,92.6,92.5,1.6,28.8,1000.3,22.8,1.0,1,42.76,32.79
2010-11-28,2010,11,28,332,12.49,24.2,16.2,92.2,79.9,3.9,19.5,1004.1,22.9,1.0,1,43.04,32.62
2010-11-29,2010,11,29,333,3.7,26.7,18.6,81.1,84.0,3.1,20.3,1005.0,22.6,1.0,1,29.04,31.39
2010-11-30,2010,11,30,334,1.7,24.9,17.2,81.3,75.9,3.9,19.9,1005.7,21.1,1.0,1,17.78,31.36
2010-12-01,2010,12,1,335,0.0,22.0,19.4,79.5,83.7,2.4,21.9,1004.3,18.7,1.0,0,15.91,30.21
2010-12-02,2010,12,2,336,0.0,23.8,17.2,82.6,82.2,4.4,19.3,1007.9,20.8,1.0,0,11.71,29.32
2010-12-03,2010,12,3,337,0.0,23.5,16.8,82.1,79.0,4.9,19.6,1006.0,20.7,1.0,0,8.17,26.05
2010-12-04,2010,12,4,338,5.27,26.3,18.5,81.9,67.8,4.6,15.3,1007.1,23.0,1.0,0,3.31,26.15
2010-12-05,2010,12,5,339,0.0,22.7,18.9,77.0,81.0,3.5,14.6,1003.2,18.6,1.0,0,1.52,22.78
2010-12-06,2010,12,6,340,0.0,23.5,19.3,83.2,73.0,5.1,15.3,1007.2,20.8,1.0,0,1.0,21.9
2010-12-07,2010,12,7,341,0.0,23.6,16.0,84.8,73.9,5.2,17.1,1003.6,20.1,1.0,0,0.75,21.28
2010-12-08,2010,12,8,342,0.0,22.0,16.0,83.4,60.1,6.2,15.4,1004.8,19.1,1.0,0,0.75,20.55
2010-12-09,2010,12,9,343,3.25,22.0,16.0,76.9,63.9,5.9,17.8,1005.0,17.8,1.0,0,1.22,19.42
2010-12-10,2010,12,10,344,0.0,22.7,16.0,70.6,57.3,5.0,16.6,1004.6,17.1,1.0,0,1.22,19.19
2010-12-11,2010,12,11,345,1.32,24.0,16.5,79.1,72.9,3.6,11.0,1006.8,20.8,1.0,0,0.65,18.58
2010-12-12,2010,12,12,346,0.0,22.0,17.1,84.7,78.0,5.3,16.1,1005.7,18.7,1.0,0,0.65,18.41
2010-12-13,2010,12,13,347,0.0,22.7,17.2,71.0,61.2,5.4,14.8,1001.1,16.7,1.0,0,0.65,14.25
2010-12-14,2010,12,14,348,0.0,22.0,17.6,77.1,67.1,4.8,19.8,1008.4,17.9,1.0,0,0.65,13.59
2010-12-15,2010,12,15,349,0.0,22.0,16.1,84.9,68.8,5.7,18.3,1006.6,19.4,1.0,0,0.65,12.81
2010-12-16,2010,12,16,350,0.0,23.0,16.8,82.1,81.6,2.8,20.0,1007.9,20.4,1.0,0,0.19,12.7
2010-12-17,2010,12,17,351,0.0,23.2,16.7,78.9,46.8,7.2,20.1,1004.7,19.4,1.0,0,0.19,11.63
2010-12-18,2010,12,18,352,0.0,23.6,16.8,72.9,53.1,7.7,23.6,1004.5,19.1,1.0,0,0.0,11.61
2010-12-19,2010,12,19,353,0.16,23.7,16.1,83.5,64.4,4.6,14.0,1003.7,20.7,1.0,0,0.02,11.37
2010-12-20,2010,12,20,354,0.0,22.3,17.0,76.4,65.1,3.9,18.0,1005.0,17.3,1.0,0,0.02,10.91
2010-12-21,2010,12,21,355,2.75,23.0,16.0,69.3,55.4,5.2,15.3,1006.0,16.9,1.0,0,0.42,10.65
2010-12-22,2010,12,22,356,0.0,22.7,18.7,82.5,51.6,6.0,15.0,1004.6,19.8,1.0,0,0.42,7.26
2010-12-23,2010,12,23,357,0.0,22.0,16.0,72.3,64.3,4.5,12.0,1003.7,16.7,1.0,0,0.42,4.57
2010-12-24,2010,12,24,358,0.0,22.0,17.1,88.9,80.3,3.8,13.0,1006.2,19.6,1.0,0,0.42,4.14
2010-12-25,2010,12,25,359,0.0,22.0,16.2,75.2,46.9,6.8,20.7,1004.7,17.7,1.0,0,0.42,3.16
2010-12-26,2010,12,26,360,0.0,22.3,16.0,77.3,63.1,6.6,14.8,1005.7,18.6,1.03,0,0.39,2.33
2010-12-27,2010,12,27,361,0.59,22.6,16.0,76.1,68.1,4.7,10.5,1002.3,18.4,1.0,0,0.48,1.04
2010-12-28,2010,12,28,362,0.19,23.1,16.0,74.2,61.1,5.7,12.9,1002.9,18.0,1.0,0,0.11,0.63
2010-12-29,2010,12,29,363,0.0,23.1,16.2,78.0,67.2,4.9,14.2,1003.4,18.6,1.0,0,0.11,0.51
2010-12-30,2010,12,30,364,3.79,22.4,16.0,77.2,56.0,6.5,12.0,1004.3,18.5,1.0,0,0.65,0.58
2010-12-31,2010,12,31,365,2.59,22.8,17.3,75.8,50.3,5.9,17.0,1003.2,17.9,1.0,0,1.02,0.66
2011-01-01,2011,1,1,1,3.53,24.4,18.5,71.6,65.5,4.7,14.4,1004.6,19.3,1.0,0,1.53,0.78
2011-01-02,2011,1,2,2,2.11,22.7,16.4,74.3,58.5,6.7,15.8,1003.5,17.0,1.0,0,1.83,0.85
2011-01-03,2011,1,3,3,0.0,22.0,17.0,68.9,53.2,6.8,9.0,1009.0,15.8,1.0,0,1.74,0.68
2011-01-04,2011,1,4,4,0.0,22.7,17.9,74.9,56.0,6.8,10.5,1006.4,17.1,1.0,0,1.72,0.68
2011-01-05,2011,1,5,5,0.0,23.2,16.0,74.4,41.7,7.1,10.6,1004.5,18.2,1.0,0,1.72,0.68
2011-01-06,2011,1,6,6,0.0,24.3,18.5,73.5,47.2,8.0,16.8,1007.4,19.8,1.0,0,1.18,0.68
2011-01-07,2011,1,7,7,0.0,22.0,16.0,77.5,55.3,5.5,12.9,1005.6,18.2,1.0,0,0.81,0.68
2011-01-08,2011,1,8,8,0.0,22.0,16.4,75.5,66.2,4.5,14.6,1004.9,17.4,1.0,0,0.3,0.57
2011-01-09,2011,1,9,9,6.08,22.3,17.2,83.1,48.9,6.6,20.6,1002.3,19.2,1.0,0,0.87,0.77
2011-01-10,2011,1,10,10,2.41,22.0,18.3,76.9,47.0,8.0,11.6,1004.9,16.7,1.0,0,1.21,0.81
2011-01-11,2011,1,11,11,0.0,22.0,16.4,72.2,53.9,5.7,12.7,1004.7,16.0,1.0,0,1.21,0.81
2011-01-12,2011,1,12,12,0.53,24.7,16.5,70.4,28.7,7.7,12.5,1007.9,19.1,1.0,0,1.29,0.82
2011-01-13,2011,1,13,13,0.0,22.0,18.4,65.4,43.2,8.3,8.9,1001.9,15.8,1.0,0,1.29,0.82
2011-01-14,2011,1,14,14,0.0,22.1,16.0,76.3,39.9,7.0,13.9,1004.7,17.9,1.0,0,1.29,0.82
2011-01-15,2011,1,15,15,0.0,22.0,16.0,72.8,64.7,6.0,9.8,1003.5,17.0,1.0,0,1.29,0.82
2011-01-16,2011,1,16,16,0.0,24.3,16.0,68.5,51.2,5.9,7.9,1004.2,19.3,1.0,0,0.42,0.82
2011-01-17,2011,1,17,17,0.0,22.7,16.0,71.3,38.4,7.6,5.0,1003.4,17.1,1.0,0,0.08,0.82
2011-01-18,2011,1,18,18,3.57,22.0,16.0,72.0,47.3,8.1,12.9,1004.5,15.8,1.0,0,0.59,0.94
2011-01-19,2011,1,19,19,0.0,24.3,18.0,69.2,36.0,9.1,12.4,1002.3,18.1,1.0,0,0.51,0.94
2011-01-20,2011,1,20,20,3.57,22.4,18.3,74.7,38.8,8.9,14.6,1004.2,17.4,1.12,0,1.02,0.97
2011-01-21,2011,1,21,21,0.0,22.0,17.0,62.9,29.4,8.3,16.3,1006.8,15.3,1.0,0,1.02,0.97
2011-01-22,2011,1,22,22,0.0,22.0,17.7,72.3,38.2,8.0,11.5,1005.3,17.4,1.0,0,1.02,0.97
2011-01-23,2011,1,23,23,0.0,22.4,17.5,73.9,47.3,7.3,11.5,1005.5,17.5,1.0,0,1.02,0.97
2011-01-24,2011,1,24,24,0.0,22.0,16.6,63.9,48.3,7.3,6.1,1006.6,15.0,1.0,0,1.02,0.97
2011-01-25,2011,1,25,25,0.0,22.0,17.7,60.3,27.9,8.9,17.4,1006.4,14.3,1.53,0,0.51,0.97
2011-01-26,2011,1,26,26,0.0,22.0,17.6,69.8,33.3,9.5,5.0,1003.2,16.7,1.0,0,0.51,0.95
2011-01-27,2011,1,27,27,0.0,22.0,17.4,71.6,59.2,4.7,10.5,1006.3,16.7,1.0,0,0.0,0.94
2011-01-28,2011,1,28,28,0.0,26.3,16.8,64.0,38.0,8.7,15.7,1004.2,19.1,1.06,0,0.0,0.94
2011-01-29,2011,1,29,29,0.0,22.0,17.0,61.7,33.0,8.5,9.2,1007.1,14.4,1.0,0,0.0,0.81
2011-01-30,2011,1,30,30,0.31,23.5,16.6,59.7,27.5,11.3,6.6,1006.5,15.0,1.09,0,0.04,0.74
2011-01-31,2011,1,31,31,0.0,22.3,16.0,71.2,34.0,8.2,12.4,1004.0,17.2,1.0,0,0.04,0.62
2011-02-01,2011,2,1,32,1.9,22.0,16.8,67.1,37.7,7.0,16.3,1002.0,15.8,1.0,0,0.32,0.61
2011-02-02,2011,2,2,33,0.0,22.5,16.9,71.6,47.8,6.7,17.6,1006.3,16.7,1.0,0,0.32,0.61
2011-02-03,2011,2,3,34,0.29,22.9,16.0,55.2,23.5,8.5,7.3,1005.2,13.8,1.57,0,0.36,0.62
2011-02-04,2011,2,4,35,1.49,22.0,16.4,67.0,34.0,9.3,11.9,1006.8,15.5,1.0,0,0.57,0.67
2011-02-05,2011,2,5,36,2.86,25.0,17.8,71.6,52.5,6.2,14.2,1004.8,20.0,1.0,0,0.98,0.77
2011-02-06,2011,2,6,37,0.0,25.6,18.1,61.8,19.8,9.6,11.8,1004.1,17.9,1.0,0,0.93,0.77
2011-02-07,2011,2,7,38,0.16,23.4,16.0,68.4,45.1,7.2,11.4,1003.0,17.2,1.0,0,0.96,0.77
2011-02-08,2011,2,8,39,0.0,23.7,16.3,61.0,47.6,6.3,8.1,1003.5,14.8,1.0,0,0.69,0.57
2011-02-09,2011,2,9,40,0.0,22.0,18.1,61.2,30.9,8.0,8.6,1007.7,13.4,1.0,0,0.69,0.49
2011-02-10,2011,2,10,41,6.73,22.0,16.0,68.1,46.2,6.0,8.9,1004.0,17.3,1.0,0,1.61,0.71
2011-02-11,2011,2,11,42,0.0,22.3,17.1,62.2,15.0,8.6,5.2,1006.6,14.7,1.0,0,1.39,0.7
2011-02-12,2011,2,12,43,0.05,26.4,16.0,69.9,31.7,8.4,6.3,1003.0,20.8,1.0,0,0.99,0.7
2011-02-13,2011,2,13,44,0.99,22.6,16.3,64.8,39.8,7.3,6.7,1002.1,15.9,1.0,0,1.13,0.73
2011-02-14,2011,2,14,45,0.0,25.5,17.9,69.7,21.4,8.8,11.9,1005.7,20.6,1.0,0,1.11,0.73
2011-02-15,2011,2,15,46,0.0,22.5,18.3,66.6,41.5,8.0,10.8,1006.7,16.2,1.0,0,1.11,0.73
2011-02-16,2011,2,16,47,0.0,22.2,18.8,60.1,47.7,7.7,8.2,1010.3,14.2,1.0,0,1.11,0.73
2011-02-17,2011,2,17,48,0.0,23.0,21.0,64.4,23.5,9.7,7.1,1001.6,16.4,1.0,0,0.15,0.61
2011-02-18,2011,2,18,49,0.0,23.1,17.5,60.0,32.7,8.6,5.0,1003.2,14.9,1.0,0,0.15,0.61
2011-02-19,2011,2,19,50,0.0,22.8,17.6,67.8,38.0,9.4,7.6,1007.0,15.5,1.0,0,0.14,0.49
2011-02-20,2011,2,20,51,0.0,26.4,19.4,68.9,43.4,7.1,9.1,1002.9,19.8,1.0,0,0.0,0.49
2011-02-21,2011,2,21,52,0.0,24.0,19.2,56.0,16.7,10.9,15.0,1005.8,15.4,1.27,0,0.0,0.49
2011-02-22,2011,2,22,53,0.0,23.9,18.6,65.0,22.8,11.7,11.5,1005.4,16.9,1.36,0,0.0,0.49
2011-02-23,2011,2,23,54,0.56,24.3,17.6,67.7,34.4,9.2,8.6,1007.3,18.4,1.0,0,0.08,0.51
2011-02-24,2011,2,24,55,0.0,25.8,19.0,66.0,28.6,8.2,8.2,1007.6,18.1,1.0,0,0.08,0.51
2011-02-25,2011,2,25,56,0.0,24.5,17.4,61.9,40.2,7.1,5.0,1005.8,17.2,1.0,0,0.08,0.51
2011-02-26,2011,2,26,57,0.0,25.1,17.4,73.2,28.5,8.1,8.9,1007.6,20.5,1.0,0,0.08,0.51
2011-02-27,2011,2,27,58,0.0,26.2,18.6,63.0,22.2,10.1,8.8,1005.9,19.0,1.0,0,0.08,0.51
2011-02-28,2011,2,28,59,0.0,23.2,20.9,56.0,26.8,8.5,8.8,1003.8,14.4,1.0,0,0.08,0.51
2011-03-01,2011,3,1,60,20.31,23.7,18.1,71.9,38.4,8.1,8.2,1000.4,17.4,1.0,0,2.98,1.18
2011-03-02,2011,3,2,61,10.4,25.2,18.6,70.4,30.7,7.3,14.5,1002.5,19.9,1.0,0,4.39,1.52
2011-03-03,2011,3,3,62,0.0,24.1,16.7,63.9,17.7,11.6,13.5,1003.5,15.5,1.47,0,4.39,1.46
2011-03-04,2011,3,4,63,1.27,24.9,17.6,62.9,25.9,9.1,7.8,1010.1,17.1,1.0,0,4.57,1.5
2011-03-05,2011,3,5,64,1.88,23.7,19.2,56.7,27.0,9.7,10.3,1005.8,14.3,1.0,0,4.84,1.56
2011-03-06,2011,3,6,65,0.0,24.2,19.4,55.0,15.7,9.9,5.0,1003.6,14.6,1.0,0,4.84,1.51
2011-03-07,2011,3,7,66,14.59,27.2,21.2,63.0,19.1,9.3,5.9,1003.4,18.7,1.0,0,6.92,1.9
2011-03-08,2011,3,8,67,3.5,25.1,17.7,55.0,26.1,10.3,9.8,1000.7,14.5,1.38,0,4.52,2.01
2011-03-09,2011,3,9,68,11.68,25.1,19.2,71.9,56.1,6.3,10.9,1002.8,19.9,1.0,0,4.7,2.4
2011-03-10,2011,3,10,69,4.55,24.7,18.6,63.3,34.9,7.6,9.8,1001.1,17.4,1.0,0,5.35,2.55
2011-03-11,2011,3,11,70,0.0,24.7,19.6,59.4,20.1,10.3,7.4,1004.7,16.4,1.0,0,5.17,2.55
2011-03-12,2011,3,12,71,34.2,24.6,18.7,65.1,32.6,9.3,14.8,999.7,17.2,1.0,0,9.79,3.47
2011-03-13,2011,3,13,72,5.7,24.4,17.3,58.1,24.3,9.4,5.1,1003.4,15.5,1.0,0,10.6,3.66
2011-03-14,2011,3,14,73,4.02,25.4,20.3,62.5,18.9,9.0,7.0,1003.0,17.4,1.0,0,9.09,3.79
2011-03-15,2011,3,15,74,0.89,26.4,18.7,59.8,24.5,10.7,13.4,1003.7,17.4,1.14,0,8.72,3.79
2011-03-16,2011,3,16,75,14.8,27.6,19.4,66.8,17.0,11.0,8.9,1001.1,20.6,1.1,0,9.17,4.28
2011-03-17,2011,3,17,76,17.58,26.7,19.8,61.7,23.3,9.0,13.1,1003.2,18.5,1.34,0,11.03,4.86
2011-03-18,2011,3,18,77,0.54,25.4,19.8,62.1,32.8,8.4,6.4,1007.5,17.1,1.0,0,11.1,4.88
2011-03-19,2011,3,19,78,19.35,26.2,16.4,72.5,38.4,8.1,10.8,1006.5,21.4,1.0,0,8.98,5.53
2011-03-20,2011,3,20,79,2.43,26.3,18.1,60.2,26.9,10.3,10.7,1001.1,18.4,1.0,0,8.52,5.61
2011-03-21,2011,3,21,80,14.3,26.3,19.8,69.0,38.3,8.5,5.6,1002.2,20.8,1.0,0,9.98,6.08
2011-03-22,2011,3,22,81,7.25,26.9,23.0,62.7,21.2,10.9,12.2,1006.2,19.4,1.0,0,10.89,6.33
2011-03-23,2011,3,23,82,0.0,28.9,19.2,58.6,9.1,10.8,6.1,1003.8,20.4,1.0,0,8.78,6.33
2011-03-24,2011,3,24,83,0.0,28.7,19.9,61.8,22.8,10.6,8.6,1006.5,21.0,1.0,0,6.27,6.33
2011-03-25,2011,3,25,84,6.76,30.2,22.1,61.2,26.6,10.2,5.8,1004.9,21.9,1.17,0,7.16,6.53
2011-03-26,2011,3,26,85,0.65,26.6,21.4,57.8,34.2,9.1,5.2,1005.5,17.8,1.0,0,4.48,6.56
2011-03-27,2011,3,27,86,3.85,26.4,21.2,66.2,18.8,8.9,5.0,1001.1,19.9,1.0,0,4.69,6.68
2011-03-28,2011,3,28,87,10.76,27.7,20.9,57.3,21.3,10.5,5.8,1006.1,18.7,1.06,0,4.18,7.04
2011-03-29,2011,3,29,88,5.1,30.1,18.6,62.7,32.4,9.0,7.8,1007.0,22.2,1.0,0,3.87,7.21
2011-03-30,2011,3,30,89,0.0,25.3,19.0,55.8,27.2,11.7,7.2,1004.3,16.3,1.0,0,3.87,7.21
2011-03-31,2011,3,31,90,10.61,28.8,19.9,71.7,17.4,10.8,10.8,1004.4,23.2,1.0,0,5.39,6.89
2011-04-01,2011,4,1,91,0.0,28.3,20.7,63.6,31.2,8.4,6.3,1004.4,21.1,1.0,0,4.42,6.54
2011-04-02,2011,4,2,92,7.27,29.8,22.7,68.4,40.5,8.7,11.2,1004.3,22.8,1.0,0,5.37,6.78
2011-04-03,2011,4,3,93,0.0,29.7,21.4,60.8,16.5,10.0,10.2,1006.9,22.0,1.0,0,4.82,6.74
2011-04-04,2011,4,4,94,0.0,30.1,20.7,62.6,30.8,9.0,5.2,1003.5,21.7,1.0,0,3.28,6.68
2011-04-05,2011,4,5,95,4.35,30.0,21.2,63.0,28.4,8.1,5.0,1005.9,21.7,1.22,0,3.18,6.82
2011-04-06,2011,4,6,96,0.0,33.7,23.3,57.9,13.6,11.4,8.1,1006.5,25.0,1.76,0,3.18,6.34
2011-04-07,2011,4,7,97,2.34,32.3,21.9,68.4,15.0,9.6,7.3,1006.8,25.5,1.0,0,1.99,6.3
2011-04-08,2011,4,8,98,0.32,31.0,22.6,63.2,25.5,9.9,5.0,1005.0,23.2,1.32,0,2.04,5.92
2011-04-09,2011,4,9,99,6.09,29.1,21.3,59.7,31.3,8.7,12.6,1002.3,20.5,1.01,0,1.87,5.97
2011-04-10,2011,4,10,100,24.54,29.4,19.7,62.4,26.4,9.4,9.5,1002.4,21.7,1.0,0,5.38,6.79
2011-04-11,2011,4,11,101,3.35,31.9,22.9,57.9,12.4,11.3,5.0,1005.0,23.7,1.0,0,5.86,5.76
2011-04-12,2011,4,12,102,0.0,32.1,22.6,60.6,3.9,10.8,14.0,1007.2,23.4,1.27,0,5.23,5.57
2011-04-13,2011,4,13,103,10.95,29.1,23.5,62.4,26.5,10.4,7.8,1005.1,21.5,1.16,0,6.8,5.8
2011-04-14,2011,4,14,104,0.0,27.6,22.5,64.2,17.2,10.2,7.3,1002.6,19.9,1.0,0,6.46,5.77
2011-04-15,2011,4,15,105,8.3,27.9,25.4,65.3,19.8,11.3,9.7,1001.1,20.4,1.13,0,7.6,5.56
2011-04-16,2011,4,16,106,11.73,32.6,21.4,64.5,40.8,7.3,5.1,1002.2,24.9,1.0,0,8.41,5.36
2011-04-17,2011,4,17,107,6.42,33.0,21.4,63.6,31.4,9.2,6.2,1003.2,25.3,1.0,0,5.82,5.56
2011-04-18,2011,4,18,108,9.16,31.1,22.5,64.3,32.1,9.0,8.2,1002.4,22.5,1.07,0,6.65,5.22
2011-04-19,2011,4,19,109,0.0,31.7,22.5,60.0,21.4,11.1,12.2,999.2,23.0,1.36,0,6.65,5.14
2011-04-20,2011,4,20,110,9.49,34.0,22.7,66.6,32.4,10.1,6.1,1002.3,26.0,1.0,0,6.44,4.98
2011-04-21,2011,4,21,111,9.73,34.5,22.9,63.2,29.2,10.3,12.0,1004.2,25.8,1.27,0,7.83,5.06
2011-04-22,2011,4,22,112,7.54,32.7,22.8,59.8,21.9,10.8,10.1,1006.7,23.6,1.0,0,7.72,5.31
2011-04-23,2011,4,23,113,3.55,31.7,22.6,66.0,26.5,9.1,7.8,1007.3,25.0,1.17,0,6.56,5.43
2011-04-24,2011,4,24,114,6.68,31.3,22.1,61.2,35.3,8.8,6.5,1006.2,23.1,1.19,0,6.59,5.43
2011-04-25,2011,4,25,115,0.0,31.6,24.1,66.5,29.1,10.4,5.0,1005.4,24.1,1.0,0,5.28,5.4
2011-04-26,2011,4,26,116,30.79,31.0,25.0,70.6,57.0,6.2,22.2,1006.7,25.2,1.07,0,9.68,6.3
2011-04-27,2011,4,27,117,0.0,33.3,27.6,60.0,33.8,8.8,11.2,1004.6,25.3,1.0,0,8.33,5.94
2011-04-28,2011,4,28,118,17.52,32.2,24.2,64.8,30.9,7.3,9.8,1004.4,23.8,1.07,0,9.44,6.36
2011-04-29,2011,4,29,119,4.18,31.3,25.2,62.7,28.3,8.6,8.3,1004.1,23.9,1.0,0,8.96,6.5
2011-04-30,2011,4,30,120,9.29,34.4,24.2,67.5,31.0,9.0,7.7,1004.0,26.0,1.0,0,9.78,6.45
2011-05-01,2011,5,1,121,0.0,33.7,24.8,59.1,35.9,8.8,5.0,1006.5,24.1,1.0,0,8.83,6.45
2011-05-02,2011,5,2,122,2.81,33.3,24.0,66.7,19.7,10.7,7.0,1003.0,26.0,1.0,0,9.23,6.3
2011-05-03,2011,5,3,123,2.11,32.8,23.8,59.1,24.7,8.2,7.3,1006.3,24.0,1.17,0,5.13,6.37
2011-05-04,2011,5,4,124,4.99,33.9,24.0,68.6,36.9,10.4,13.5,1003.1,26.0,1.04,0,5.84,6.54
2011-05-05,2011,5,5,125,7.06,32.8,26.6,66.4,35.4,8.6,9.7,1004.8,25.5,1.0,0,4.35,6.63
2011-05-06,2011,5,6,126,2.56,37.6,26.6,62.4,40.0,8.1,7.1,1005.6,26.0,1.0,0,4.12,6.72
2011-05-07,2011,5,7,127,5.31,37.0,23.5,67.1,28.3,8.7,14.6,1005.8,26.0,1.19,0,3.55,6.82
2011-05-08,2011,5,8,128,0.0,32.5,25.2,69.7,19.0,9.3,6.6,1004.7,26.0,1.0,0,3.55,6.81
2011-05-09,2011,5,9,129,0.92,33.4,24.4,68.5,35.6,9.6,8.1,1002.2,26.0,1.0,0,3.28,6.63
2011-05-10,2011,5,10,130,0.72,32.6,26.9,65.4,31.9,9.6,12.8,1007.5,25.5,1.0,0,3.08,5.84
2011-05-11,2011,5,11,131,10.84,31.3,23.4,72.1,40.7,8.4,7.5,1004.2,25.4,1.26,0,3.92,6.09
2011-05-12,2011,5,12,132,5.84,36.7,26.3,64.9,29.2,9.6,7.8,1001.9,26.0,1.04,0,3.74,6.28
2011-05-13,2011,5,13,133,11.74,34.1,25.1,66.5,40.2,8.6,9.3,1009.2,26.0,1.0,0,5.05,6.31
2011-05-14,2011,5,14,134,0.0,32.8,22.9,67.2,30.4,9.8,10.4,1006.8,25.7,1.13,0,4.29,6.31
2011-05-15,2011,5,15,135,5.87,31.9,27.5,68.1,40.4,7.9,5.3,1007.1,24.4,1.0,0,5.13,6.23
2011-05-16,2011,5,16,136,0.0,35.0,23.2,63.5,30.1,9.9,8.8,1004.7,26.0,1.0,0,5.0,5.84
2011-05-17,2011,5,17,137,0.72,35.3,24.1,68.5,47.0,7.7,6.4,1008.2,26.0,1.0,0,5.0,5.65
2011-05-18,2011,5,18,138,15.25,35.5,23.9,71.2,26.2,8.7,11.2,1001.1,26.0,1.35,0,5.63,5.85
2011-05-19,2011,5,19,139,5.0,36.6,27.0,72.7,24.3,10.4,12.1,1005.0,26.0,1.3,0,5.51,6.02
2011-05-20,2011,5,20,140,2.54,36.4,24.8,58.2,37.0,7.8,6.8,1005.7,26.0,1.0,0,4.2,5.79
2011-05-21,2011,5,21,141,6.4,33.3,24.2,66.5,24.8,9.0,7.2,1002.5,26.0,1.0,0,5.11,5.67
2011-05-22,2011,5,22,142,3.09,33.7,26.4,71.0,39.6,9.2,9.0,1003.8,26.0,1.37,0,4.71,5.53
2011-05-23,2011,5,23,143,4.0,36.9,24.4,74.6,36.8,8.2,9.1,1004.4,26.0,1.0,0,5.29,5.54
2011-05-24,2011,5,24,144,15.12,34.6,26.4,77.5,56.7,5.9,14.8,1000.3,26.0,1.0,0,7.34,5.82
2011-05-25,2011,5,25,145,13.54,33.4,26.4,69.4,42.2,7.8,6.7,1004.4,26.0,1.0,0,7.1,6.27
2011-05-26,2011,5,26,146,0.0,33.6,26.3,71.8,35.2,8.2,10.0,1003.9,26.0,1.0,0,6.38,5.25
2011-05-27,2011,5,27,147,0.0,37.2,23.7,59.7,47.3,9.6,7.8,1004.8,26.0,1.0,0,6.02,5.25
2011-05-28,2011,5,28,148,3.07,37.3,27.5,64.9,42.8,8.2,7.2,1006.5,26.0,1.0,0,5.55,4.77
2011-05-29,2011,5,29,149,0.0,36.2,27.9,66.3,28.9,10.1,7.6,1006.4,26.0,1.14,0,5.1,4.63
2011-05-30,2011,5,30,150,8.05,34.7,27.4,72.9,28.7,10.5,9.6,1002.5,26.0,1.13,0,5.68,4.58
2011-05-31,2011,5,31,151,1.54,36.1,27.2,64.6,49.0,7.7,7.7,1004.1,26.0,1.0,0,3.74,4.64
2011-06-01,2011,6,1,152,50.84,36.0,26.2,79.7,63.9,7.1,16.0,1001.9,26.0,1.0,1,9.07,6.24
2011-06-02,2011,6,2,153,143.73,35.7,28.0,88.6,87.8,4.3,22.6,1001.4,26.0,1.0,1,29.6,10.96
2011-06-03,2011,6,3,154,129.23,37.4,24.8,78.6,85.7,4.4,20.2,1002.2,26.0,1.0,1,48.07,15.1
2011-06-04,2011,6,4,155,93.73,35.8,23.8,78.1,79.5,4.7,23.5,1002.0,26.0,1.0,1,61.02,17.99
2011-06-05,2011,6,5,156,428.1,37.4,28.0,80.8,80.8,5.3,25.1,1001.4,26.0,1.0,1,122.17,32.17
2011-06-06,2011,6,6,157,60.31,37.2,24.6,91.8,71.5,3.6,21.5,999.7,26.0,1.0,1,129.64,34.01
2011-06-07,2011,6,7,158,50.17,34.6,28.0,83.3,69.1,5.5,18.2,1003.1,26.0,1.0,1,136.59,35.68
2011-06-08,2011,6,8,159,190.35,38.0,25.1,81.2,77.4,4.6,24.5,1001.6,26.0,1.0,1,156.52,41.99
2011-06-09,2011,6,9,160,98.73,37.7,27.6,88.1,94.2,3.1,19.6,1000.8,26.0,1.0,1,150.09,45.26
2011-06-10,2011,6,10,161,22.46,34.6,26.0,70.7,58.1,7.6,11.6,1001.4,26.0,1.41,1,134.84,45.65
2011-06-11,2011,6,11,162,219.09,34.9,27.4,84.9,95.2,2.9,25.3,1002.8,26.0,1.0,1,152.74,52.76
2011-06-12,2011,6,12,163,271.07,38.0,28.0,86.2,87.1,3.1,23.4,999.9,26.0,1.0,1,130.31,61.4
2011-06-13,2011,6,13,164,88.87,37.4,26.0,89.6,84.0,2.3,23.9,1006.0,26.0,1.0,1,134.39,64.36
2011-06-14,2011,6,14,165,244.39,38.0,28.0,80.4,81.9,4.2,23.3,1003.8,26.0,1.0,1,162.14,72.31
2011-06-15,2011,6,15,166,64.56,37.8,27.1,89.8,90.8,4.2,25.0,1001.6,26.0,1.0,1,144.17,74.46
2011-06-16,2011,6,16,167,266.78,38.0,27.3,90.8,79.3,4.5,29.6,999.9,26.0,1.27,1,168.17,83.33
2011-06-17,2011,6,17,168,98.67,38.0,28.0,91.7,74.6,5.2,23.5,1004.1,26.0,1.0,1,179.06,86.11
2011-06-18,2011,6,18,169,159.09,36.1,28.0,82.3,84.0,4.0,25.4,1001.7,26.0,1.0,1,170.49,91.25
2011-06-19,2011,6,19,170,119.01,38.0,27.2,94.1,91.1,3.9,27.6,999.8,26.0,1.0,1,148.77,95.13
2011-06-20,2011,6,20,171,475.23,35.4,25.4,80.2,94.4,3.3,27.4,1001.3,26.0,1.0,1,203.96,110.76
2011-06-21,2011,6,21,172,65.77,35.9,27.4,81.3,87.4,3.7,21.0,1001.1,26.0,1.0,1,178.44,112.85
2011-06-22,2011,6,22,173,200.48,37.2,25.5,88.9,89.9,2.3,20.5,1003.1,26.0,1.0,1,197.86,119.4
2011-06-23,2011,6,23,174,121.22,35.1,27.2,86.7,87.0,3.1,31.6,1001.7,26.0,1.0,1,177.07,122.94
2011-06-24,2011,6,24,175,482.84,36.5,27.0,83.3,69.9,5.6,22.8,1004.2,26.0,1.0,1,231.95,138.58
2011-06-25,2011,6,25,176,92.13,34.5,25.7,97.7,100.0,3.4,31.4,1001.7,26.0,1.0,1,222.38,141.65
2011-06-26,2011,6,26,177,189.48,37.7,26.4,82.4,94.7,3.0,32.5,1003.1,26.0,1.0,1,232.45,147.97
2011-06-27,2011,6,27,178,315.7,38.0,28.0,82.5,100.0,2.6,28.4,1000.4,26.0,1.0,1,209.66,158.39
2011-06-28,2011,6,28,179,133.85,37.9,27.1,90.9,100.0,2.1,29.3,1002.2,26.0,1.0,1,219.39,162.85
2011-06-29,2011,6,29,180,136.76,37.9,26.9,89.6,80.5,4.5,26.2,1001.9,26.0,1.0,1,210.28,167.14
2011-06-30,2011,6,30,181,136.79,37.3,28.0,84.3,88.8,3.8,27.4,1002.7,26.0,1.0,1,212.51,171.65
2011-07-01,2011,7,1,182,20.51,38.0,28.0,91.7,73.1,5.8,15.6,1001.6,26.0,1.0,1,146.46,170.64
2011-07-02,2011,7,2,183,86.11,37.8,26.8,90.3,91.2,2.0,31.1,1001.1,26.0,1.0,1,145.6,168.72
2011-07-03,2011,7,3,184,496.78,36.3,28.0,88.8,100.0,1.7,34.4,1001.5,26.0,1.0,1,189.5,180.97
2011-07-04,2011,7,4,185,88.75,38.0,27.6,90.5,83.7,4.2,31.4,1000.2,26.0,1.0,1,157.08,180.8
2011-07-05,2011,7,5,186,128.84,38.0,28.0,85.1,92.3,3.8,26.8,1003.3,26.0,1.0,1,156.36,170.83
2011-07-06,2011,7,6,187,216.36,35.8,28.0,96.1,100.0,1.6,24.6,1001.7,26.0,1.0,1,167.73,176.03
2011-07-07,2011,7,7,188,10.57,36.6,27.2,82.6,61.1,5.0,23.4,999.8,26.0,1.0,1,149.7,174.71
2011-07-08,2011,7,8,189,512.56,37.8,27.9,91.3,100.0,3.3,24.5,1002.9,26.0,1.0,1,220.0,185.45
2011-07-09,2011,7,9,190,190.27,37.5,26.6,92.5,100.0,2.5,29.1,1000.4,26.0,1.0,1,234.88,188.5
2011-07-10,2011,7,10,191,316.2,38.0,27.8,89.3,100.0,2.5,31.1,1000.9,26.0,1.0,1,209.08,198.29
2011-07-11,2011,7,11,192,201.42,36.5,26.6,97.6,100.0,2.3,32.0,1008.9,26.0,1.0,1,225.17,197.7
2011-07-12,2011,7,12,193,14.75,37.2,26.8,81.5,70.4,4.2,22.7,1004.4,26.0,1.0,1,208.88,189.16
2011-07-13,2011,7,13,194,266.98,38.0,28.0,91.4,100.0,3.2,28.2,1001.4,26.0,1.0,1,216.11,195.09
2011-07-14,2011,7,14,195,160.86,38.0,27.9,94.6,89.8,4.4,27.5,1002.5,26.0,1.0,1,237.58,192.31
2011-07-15,2011,7,15,196,119.63,38.0,28.0,85.8,89.4,4.1,25.6,1002.1,26.0,1.0,1,181.44,194.15
2011-07-16,2011,7,16,197,160.2,38.0,27.0,96.5,100.0,1.4,22.9,1008.4,26.0,1.0,1,177.15,190.59
2011-07-17,2011,7,17,198,112.37,35.6,27.2,94.1,100.0,2.0,29.7,1003.0,26.0,1.0,1,148.03,191.05
2011-07-18,2011,7,18,199,220.98,36.4,27.1,96.9,100.0,0.8,33.2,1003.4,26.0,1.0,1,150.82,193.11
2011-07-19,2011,7,19,200,249.63,35.9,26.8,94.1,100.0,3.1,27.7,999.3,26.0,1.0,1,184.38,197.47
2011-07-20,2011,7,20,201,213.97,38.0,26.8,91.9,95.1,4.4,30.9,1002.3,26.0,1.0,1,176.81,188.76
2011-07-21,2011,7,21,202,31.72,36.3,26.5,90.8,88.5,2.9,24.2,1000.5,26.0,1.0,1,158.36,187.62
2011-07-22,2011,7,22,203,38.16,38.0,25.8,95.6,87.2,4.9,22.4,1004.4,26.0,1.0,1,146.72,182.21
2011-07-23,2011,7,23,204,101.28,38.0,27.4,93.3,100.0,2.6,32.3,1005.2,26.0,1.0,1,138.3,181.55
2011-07-24,2011,7,24,205,88.75,35.6,26.3,98.0,100.0,1.9,35.0,1000.2,26.0,1.0,1,134.93,168.41
2011-07-25,2011,7,25,206,166.53,37.1,28.0,95.2,100.0,1.3,30.2,1000.1,26.0,1.0,1,127.15,170.89
2011-07-26,2011,7,26,207,211.34,37.3,25.8,94.9,100.0,1.5,31.5,1000.3,26.0,1.0,1,121.68,171.62
2011-07-27,2011,7,27,208,106.5,35.3,26.9,98.0,100.0,2.2,31.0,1006.2,26.0,1.0,1,106.33,164.65
2011-07-28,2011,7,28,209,177.63,38.0,28.0,98.0,100.0,2.2,25.3,1000.9,26.0,1.0,1,127.17,166.11
2011-07-29,2011,7,29,210,124.21,37.8,24.7,91.7,100.0,1.3,24.5,1001.9,26.0,1.0,1,139.46,165.69
2011-07-30,2011,7,30,211,243.33,38.0,28.0,96.8,100.0,3.3,31.5,1003.5,26.0,1.0,1,159.76,169.24
2011-07-31,2011,7,31,212,193.95,38.0,26.3,93.2,100.0,3.4,31.0,998.3,26.0,1.0,1,174.78,175.02
2011-08-01,2011,8,1,213,423.37,37.7,25.9,98.0,100.0,1.3,29.1,1003.9,26.0,1.0,1,211.48,186.26
2011-08-02,2011,8,2,214,271.53,38.0,27.9,94.6,100.0,2.8,31.7,1003.2,26.0,1.0,1,220.07,178.75
2011-08-03,2011,8,3,215,94.49,36.2,28.0,98.0,100.0,2.9,33.8,1000.0,26.0,1.0,1,218.36,178.95
2011-08-04,2011,8,4,216,63.16,38.0,25.8,98.0,100.0,3.5,25.4,1001.0,26.0,1.0,1,202.01,176.76
2011-08-05,2011,8,5,217,184.87,37.2,26.7,98.0,100.0,1.0,29.7,1000.9,26.0,1.0,1,210.67,175.71
2011-08-06,2011,8,6,218,73.43,36.5,28.0,95.6,100.0,1.8,22.4,1003.5,26.0,1.0,1,186.4,177.8
2011-08-07,2011,8,7,219,117.94,36.0,26.4,98.0,100.0,1.3,34.1,1004.6,26.0,1.0,1,175.54,164.65
2011-08-08,2011,8,8,220,261.04,37.1,25.7,96.7,100.0,2.3,35.0,1002.1,26.0,1.0,1,152.35,167.01
2011-08-09,2011,8,9,221,118.58,37.9,26.7,97.7,100.0,2.1,33.0,1003.9,26.0,1.0,1,130.5,160.42
2011-08-10,2011,8,10,222,153.51,37.2,26.7,96.0,100.0,1.7,27.5,1000.8,26.0,1.0,1,138.93,158.82
2011-08-11,2011,8,11,223,246.39,37.5,26.5,98.0,100.0,5.1,35.0,1002.3,26.0,1.15,1,165.11,166.54
2011-08-12,2011,8,12,224,242.77,36.4,27.3,98.0,100.0,1.4,33.9,1001.4,26.0,1.0,1,173.38,165.74
2011-08-13,2011,8,13,225,128.33,37.4,25.9,96.9,100.0,1.8,30.5,1002.1,26.0,1.0,1,181.22,164.65
2011-08-14,2011,8,14,226,244.0,37.3,27.4,97.3,100.0,3.2,35.0,1000.2,26.0,1.0,1,199.23,168.8
2011-08-15,2011,8,15,227,181.95,38.0,26.1,98.0,100.0,2.2,34.2,998.8,26.0,1.0,1,187.93,169.52
2011-08-16,2011,8,16,228,211.31,37.7,24.8,97.7,100.0,2.2,30.4,1002.9,26.0,1.0,1,201.18,172.82
2011-08-17,2011,8,17,229,69.91,36.6,28.0,98.0,100.0,2.6,27.7,1001.8,26.0,1.0,1,189.24,167.79
2011-08-18,2011,8,18,230,69.88,36.9,24.5,98.0,100.0,3.3,29.6,1001.4,26.0,1.0,1,164.02,161.79
2011-08-19,2011,8,19,231,161.55,34.5,27.3,98.0,98.9,2.7,33.3,1002.0,26.0,1.0,1,152.42,160.05
2011-08-20,2011,8,20,232,52.75,38.0,26.1,98.0,100.0,1.3,31.8,1004.2,26.0,1.0,1,141.62,160.75
2011-08-21,2011,8,21,233,17.4,35.6,26.2,93.8,100.0,1.8,21.9,998.3,26.0,1.0,1,109.25,160.06
2011-08-22,2011,8,22,234,49.54,35.7,25.1,93.7,97.4,3.1,27.1,1007.8,26.0,1.0,1,90.33,158.33
2011-08-23,2011,8,23,235,81.61,35.1,25.5,98.0,100.0,1.8,30.7,1000.5,26.0,1.0,1,71.81,158.09
2011-08-24,2011,8,24,236,51.09,34.4,27.0,97.8,100.0,2.7,32.1,1001.2,26.0,1.0,1,69.12,154.25
2011-08-25,2011,8,25,237,61.31,34.4,24.6,98.0,100.0,2.6,33.2,1004.8,26.0,1.0,1,67.89,149.24
2011-08-26,2011,8,26,238,118.87,33.9,25.3,98.0,100.0,1.4,32.4,1005.0,26.0,1.0,1,61.8,149.66
2011-08-27,2011,8,27,239,24.99,35.1,27.1,98.0,100.0,2.4,21.5,998.8,26.0,1.0,1,57.83,144.57
2011-08-28,2011,8,28,240,132.17,36.6,25.0,98.0,100.0,1.9,34.1,1000.5,26.0,1.0,1,74.23,144.83
2011-08-29,2011,8,29,241,29.76,35.2,25.7,95.6,100.0,1.0,21.5,1002.8,26.0,1.0,1,71.4,137.72
2011-08-30,2011,8,30,242,121.99,36.1,25.7,98.0,100.0,1.4,30.2,1000.1,26.0,1.0,1,77.17,135.32
2011-08-31,2011,8,31,243,19.47,35.8,24.5,90.1,100.0,2.2,27.5,1003.5,26.0,1.0,1,72.65,121.85
2011-09-01,2011,9,1,244,133.49,34.2,26.0,98.0,100.0,1.7,35.0,1002.0,26.0,1.0,1,82.96,117.25
2011-09-02,2011,9,2,245,90.37,36.7,25.3,98.0,100.0,2.5,27.6,998.6,26.0,1.0,1,78.89,117.11
2011-09-03,2011,9,3,246,93.34,36.2,24.3,98.0,100.0,1.6,35.0,1004.7,26.0,1.0,1,88.66,118.12
2011-09-04,2011,9,4,247,204.52,35.8,26.0,98.0,100.0,3.8,26.4,1003.8,26.0,1.0,1,98.99,118.78
2011-09-05,2011,9,5,248,82.0,35.1,25.3,98.0,100.0,1.6,33.8,1002.6,26.0,1.0,1,106.45,119.06
2011-09-06,2011,9,6,249,303.57,33.9,25.0,98.0,100.0,2.8,32.4,1005.9,26.0,1.0,1,132.39,125.25
2011-09-07,2011,9,7,250,152.01,33.7,24.6,98.0,100.0,1.7,35.0,1003.3,26.0,1.0,1,151.33,121.61
2011-09-08,2011,9,8,251,176.16,34.1,23.1,98.0,100.0,2.6,35.0,1000.4,26.0,1.0,1,157.42,123.53
2011-09-09,2011,9,9,252,37.31,36.1,24.6,98.0,100.0,1.7,30.6,999.6,26.0,1.0,1,149.84,119.66
2011-09-10,2011,9,10,253,90.25,35.6,22.1,98.0,100.0,4.2,30.6,997.6,26.0,1.0,1,149.4,114.46
2011-09-11,2011,9,11,254,174.81,31.6,25.5,98.0,100.0,1.3,35.0,1000.2,26.0,1.0,1,145.16,112.19
2011-09-12,2011,9,12,255,59.9,34.0,23.2,98.0,100.0,1.9,32.4,1002.9,26.0,1.0,1,142.0,109.91
2011-09-13,2011,9,13,256,57.16,29.8,25.1,98.0,100.0,2.6,30.8,1001.9,26.0,1.0,1,106.8,103.68
2011-09-14,2011,9,14,257,44.0,32.7,22.7,95.5,100.0,1.2,32.2,1001.6,26.0,1.0,1,91.37,99.08
2011-09-15,2011,9,15,258,259.55,32.3,22.7,98.0,100.0,2.8,35.0,1002.8,26.0,1.0,1,103.28,100.69
2011-09-16,2011,9,16,259,188.19,34.0,23.3,98.0,100.0,4.1,35.0,1002.8,26.0,1.0,1,124.84,104.63
2011-09-17,2011,9,17,260,156.2,31.4,26.4,98.0,100.0,1.2,29.8,1004.5,26.0,1.0,1,134.26,107.51
2011-09-18,2011,9,18,261,49.22,30.6,23.5,98.0,100.0,2.1,33.7,1003.8,26.0,1.0,1,116.32,103.77
2011-09-19,2011,9,19,262,299.07,32.0,25.9,96.5,100.0,2.1,34.3,1002.1,26.0,1.0,1,150.48,111.98
2011-09-20,2011,9,20,263,52.03,32.6,24.4,94.9,100.0,1.0,32.4,1001.9,26.0,1.0,1,149.75,113.13
2011-09-21,2011,9,21,264,94.07,29.9,23.4,98.0,100.0,1.2,34.8,1004.1,26.0,1.0,1,156.9,114.62
2011-09-22,2011,9,22,265,158.35,34.1,23.9,98.0,100.0,0.1,30.1,1002.7,26.0,1.0,1,142.45,117.17
2011-09-23,2011,9,23,266,257.16,31.9,24.0,98.0,100.0,1.8,32.9,1001.3,26.0,1.0,1,152.3,124.04
2011-09-24,2011,9,24,267,48.91,32.1,24.0,98.0,100.0,2.1,32.9,999.4,26.0,1.0,1,136.97,123.63
2011-09-25,2011,9,25,268,183.97,33.6,25.0,98.0,100.0,2.2,31.7,1005.3,26.0,1.0,1,156.22,125.8
2011-09-26,2011,9,26,269,67.22,30.7,23.4,98.0,100.0,2.5,32.2,1004.6,26.0,1.0,1,123.1,127.21
2011-09-27,2011,9,27,270,42.69,33.9,23.9,98.0,100.0,2.8,32.5,1001.0,26.0,1.0,1,121.77,124.22
2011-09-28,2011,9,28,271,113.86,31.6,25.5,98.0,100.0,1.9,35.0,1002.7,26.0,1.0,1,124.59,127.03
2011-09-29,2011,9,29,272,176.74,32.6,21.1,98.0,100.0,1.7,35.0,1003.8,26.0,1.0,1,127.22,128.85
2011-09-30,2011,9,30,273,63.64,32.0,22.8,98.0,100.0,2.4,32.4,1004.6,26.0,1.0,1,99.58,130.33
2011-10-01,2011,10,1,274,23.84,32.2,23.8,96.7,97.8,3.8,28.4,1002.3,26.0,1.0,1,95.99,126.67
2011-10-02,2011,10,2,275,55.17,31.1,21.1,98.0,100.0,0.6,31.9,999.3,26.0,1.0,1,77.59,125.5
2011-10-03,2011,10,3,276,7.34,30.2,21.5,94.9,97.3,1.1,18.7,1005.4,26.0,1.0,1,69.04,122.63
2011-10-04,2011,10,4,277,9.41,33.7,21.4,94.0,96.2,1.4,27.6,1001.3,26.0,1.0,1,64.29,116.13
2011-10-05,2011,10,5,278,12.35,30.6,22.9,92.0,100.0,0.9,24.6,1002.1,26.0,1.0,1,49.78,113.8
2011-10-06,2011,10,6,279,1.56,28.8,23.0,90.3,82.6,2.1,23.3,1004.2,26.0,1.0,1,24.76,103.74
2011-10-07,2011,10,7,280,12.84,32.5,21.2,92.7,100.0,1.7,26.4,1003.5,26.0,1.0,1,17.5,99.1
2011-10-08,2011,10,8,281,24.14,29.7,22.7,91.2,100.0,0.5,26.4,1002.7,26.0,1.0,1,17.54,94.03
2011-10-09,2011,10,9,282,13.94,27.5,21.3,90.9,100.0,2.3,20.3,1007.2,25.8,1.0,1,11.65,93.25
2011-10-10,2011,10,10,283,17.51,28.7,23.5,97.5,100.0,2.9,20.8,1002.9,26.0,1.0,1,13.11,90.83
2011-10-11,2011,10,11,284,18.5,26.9,22.5,86.1,100.0,1.0,25.1,1000.9,24.3,1.0,1,14.41,85.62
2011-10-12,2011,10,12,285,49.88,28.5,22.6,98.0,100.0,1.5,28.6,996.7,26.0,1.0,1,19.77,85.28
2011-10-13,2011,10,13,286,5.83,32.2,23.6,90.2,89.6,2.9,22.7,1003.5,26.0,1.0,1,20.38,83.57
2011-10-14,2011,10,14,287,14.32,30.1,22.4,98.0,100.0,2.8,21.7,1003.3,26.0,1.0,1,20.59,82.58
2011-10-15,2011,10,15,288,6.28,29.2,20.8,83.6,93.6,2.3,21.2,1008.0,26.0,1.0,1,18.04,74.14
2011-10-16,2011,10,16,289,9.59,28.2,21.5,89.5,94.0,1.8,21.3,999.2,26.0,1.0,1,17.42,68.19
2011-10-17,2011,10,17,290,10.85,28.8,19.7,98.0,100.0,2.4,22.4,1006.3,26.0,1.0,1,16.46,63.34
2011-10-18,2011,10,18,291,146.99,30.5,19.9,98.0,100.0,1.1,33.7,1004.0,26.0,1.0,1,34.82,66.6
2011-10-19,2011,10,19,292,9.67,26.0,21.8,91.6,88.0,2.4,26.6,1005.6,24.2,1.0,1,29.08,56.96
2011-10-20,2011,10,20,293,7.12,33.0,23.0,98.0,100.0,2.1,26.8,1004.4,26.0,1.0,1,29.26,55.46
2011-10-21,2011,10,21,294,3.18,27.1,22.2,84.7,85.9,3.4,26.9,1001.0,24.8,1.0,1,27.67,52.43
2011-10-22,2011,10,22,295,5.98,27.9,21.2,95.9,95.9,1.4,22.8,1000.5,26.0,1.0,1,27.63,47.35
2011-10-23,2011,10,23,296,31.97,27.9,18.9,96.8,95.2,2.5,25.3,1000.7,26.0,1.0,1,30.82,39.84
2011-10-24,2011,10,24,297,56.67,27.7,20.8,97.9,100.0,0.9,26.6,1004.3,26.0,1.0,1,37.37,40.1
2011-10-25,2011,10,25,298,23.82,26.9,19.3,88.8,96.1,1.4,26.7,1002.7,24.1,1.0,1,19.77,34.76
2011-10-26,2011,10,26,299,27.47,29.1,20.9,90.0,94.8,1.6,25.8,1002.5,26.0,1.0,1,22.32,33.44
2011-10-27,2011,10,27,300,4.48,29.3,18.7,90.8,96.3,1.9,23.0,1004.8,26.0,1.0,1,21.94,32.16
2011-10-28,2011,10,28,301,4.25,28.9,20.4,90.4,84.2,3.5,23.3,1005.6,26.0,1.0,1,22.09,28.51
2011-10-29,2011,10,29,302,7.25,27.5,19.5,88.1,100.0,1.4,26.3,1002.9,26.0,1.0,1,22.27,22.86
2011-10-30,2011,10,30,303,15.16,26.4,20.2,92.9,98.9,2.4,25.5,1002.3,25.9,1.0,1,19.87,21.25
2011-10-31,2011,10,31,304,18.53,26.8,19.3,94.0,92.7,2.5,25.5,1001.7,24.7,1.0,1,14.42,21.07
2011-11-01,2011,11,1,305,21.65,26.8,18.0,93.4,74.2,4.4,22.3,1001.5,26.0,1.0,1,14.11,19.95
2011-11-02,2011,11,2,306,7.18,25.4,21.0,86.6,100.0,2.0,27.2,1002.8,23.3,1.0,1,11.21,19.95
2011-11-03,2011,11,3,307,4.52,27.0,19.4,91.5,95.9,3.0,22.1,1006.1,25.8,1.0,1,11.22,19.78
2011-11-04,2011,11,4,308,34.62,29.3,19.1,98.0,100.0,2.0,26.3,1004.5,26.0,1.0,1,15.56,20.52
2011-11-05,2011,11,5,309,7.07,26.2,19.4,91.6,97.0,2.9,23.7,1005.3,25.0,1.0,1,15.53,20.71
2011-11-06,2011,11,6,310,40.02,27.1,18.7,98.0,100.0,2.3,25.0,999.5,26.0,1.0,1,19.08,21.61
2011-11-07,2011,11,7,311,3.34,25.2,18.6,91.2,92.1,2.3,23.7,1003.5,23.5,1.0,1,16.91,20.92
2011-11-08,2011,11,8,312,46.69,27.4,21.0,97.4,100.0,1.3,33.0,1000.1,26.0,1.0,1,20.49,22.01
2011-11-09,2011,11,9,313,43.6,25.0,19.3,95.2,100.0,2.6,25.8,1002.2,22.9,1.0,1,25.69,22.88
2011-11-10,2011,11,10,314,19.61,25.3,18.6,85.4,97.5,2.4,24.1,1003.7,22.7,1.0,1,27.85,22.92
2011-11-11,2011,11,11,315,29.2,26.5,17.0,93.1,100.0,1.1,23.8,1003.5,24.9,1.0,1,27.08,22.23
2011-11-12,2011,11,12,316,3.01,24.2,18.3,84.7,87.9,2.2,22.2,1001.9,22.0,1.0,1,26.5,22.14
2011-11-13,2011,11,13,317,2.59,26.2,17.7,82.6,90.5,2.5,22.8,1007.5,23.4,1.0,1,21.15,21.75
2011-11-14,2011,11,14,318,4.22,27.0,18.3,88.3,94.0,3.0,22.5,1001.4,24.6,1.0,1,21.27,21.68
2011-11-15,2011,11,15,319,51.74,25.5,20.5,96.8,99.8,0.8,30.6,1002.3,25.1,1.0,1,22.0,23.08
2011-11-16,2011,11,16,320,8.33,26.5,20.3,90.4,82.9,2.7,17.4,1005.6,24.0,1.0,1,16.96,23.0
2011-11-17,2011,11,17,321,6.79,23.1,18.2,83.4,90.2,2.4,23.2,1005.0,20.7,1.0,1,15.13,18.32
2011-11-18,2011,11,18,322,8.95,25.6,17.7,82.4,77.7,4.1,22.0,1004.1,21.5,1.0,1,12.23,18.3
2011-11-19,2011,11,19,323,24.3,24.2,19.1,95.4,97.3,0.0,29.7,1002.5,23.2,1.0,1,15.27,18.87
2011-11-20,2011,11,20,324,8.29,25.3,19.7,91.2,79.0,3.1,20.5,1002.0,23.3,1.0,1,16.09,19.04
2011-11-21,2011,11,21,325,36.44,27.0,17.9,91.2,92.8,1.9,30.7,1004.8,26.0,1.0,1,20.69,20.06
2011-11-22,2011,11,22,326,4.47,22.0,20.0,84.5,60.5,4.8,23.8,1003.5,18.9,1.0,1,13.94,19.14
2011-11-23,2011,11,23,327,16.31,23.5,17.5,91.0,82.9,3.6,25.0,999.5,22.7,1.0,1,15.08,17.8
2011-11-24,2011,11,24,328,12.28,22.0,17.6,90.8,87.1,1.8,21.5,1002.3,21.0,1.0,1,15.86,17.41
2011-11-25,2011,11,25,329,9.42,22.4,17.8,80.2,73.2,4.4,25.5,1003.8,17.7,1.0,1,15.93,16.81
2011-11-26,2011,11,26,330,8.37,23.5,17.5,90.6,70.1,3.2,17.7,1003.9,22.9,1.0,1,13.65,16.94
2011-11-27,2011,11,27,331,77.85,25.4,16.5,91.3,98.2,1.3,32.9,1003.7,23.2,1.0,1,23.59,19.39
2011-11-28,2011,11,28,332,16.75,25.2,18.7,83.3,79.3,2.8,27.3,1004.7,22.0,1.0,1,20.78,19.71
2011-11-29,2011,11,29,333,51.59,25.1,17.4,93.0,100.0,1.1,25.7,999.7,24.2,1.0,1,27.51,20.92
2011-11-30,2011,11,30,334,37.39,24.6,20.2,91.0,90.5,2.5,26.0,1001.5,23.4,1.0,1,30.52,21.55
2011-12-01,2011,12,1,335,0.0,22.0,18.5,82.0,67.1,5.0,15.8,1003.0,19.0,1.0,0,28.77,20.83
2011-12-02,2011,12,2,336,2.77,24.8,17.9,83.6,84.5,2.7,24.8,1005.1,21.9,1.0,0,27.82,20.68
2011-12-03,2011,12,3,337,0.0,22.5,19.8,88.2,90.7,2.8,17.5,1003.5,20.0,1.0,0,26.62,20.53
2011-12-04,2011,12,4,338,0.0,24.1,18.3,77.5,65.1,5.7,18.0,1006.2,20.0,1.0,0,15.5,19.38
2011-12-05,2011,12,5,339,0.0,22.0,18.2,85.2,88.8,1.4,16.4,1003.1,19.2,1.0,0,13.11,19.14
2011-12-06,2011,12,6,340,0.0,23.0,16.5,74.8,66.6,4.9,16.8,1005.7,18.4,1.0,0,5.74,17.81
2011-12-07,2011,12,7,341,0.0,23.1,17.0,75.5,72.3,3.2,17.1,1004.0,17.4,1.0,0,0.4,17.7
2011-12-08,2011,12,8,342,0.41,23.7,18.4,76.6,79.3,3.8,19.2,1007.4,20.6,1.0,0,0.45,16.16
2011-12-09,2011,12,9,343,0.0,22.0,18.1,72.2,76.0,2.1,17.0,1005.1,17.2,1.0,0,0.06,14.7
2011-12-10,2011,12,10,344,0.0,24.0,16.4,81.5,67.6,3.6,10.8,1001.5,20.6,1.0,0,0.06,14.05
2011-12-11,2011,12,11,345,0.12,22.0,19.9,84.4,81.3,3.5,19.0,1005.0,19.4,1.0,0,0.08,13.08
2011-12-12,2011,12,12,346,0.0,25.4,16.8,82.8,74.1,3.9,22.6,1002.4,22.6,1.0,0,0.08,12.98
2011-12-13,2011,12,13,347,0.0,22.0,18.4,72.8,63.2,6.1,12.7,1007.1,17.1,1.0,0,0.08,12.89
2011-12-14,2011,12,14,348,0.0,22.0,17.3,87.8,65.6,5.8,18.2,1004.4,20.2,1.0,0,0.08,12.75
2011-12-15,2011,12,15,349,1.51,22.6,17.4,79.6,65.6,5.3,25.8,1004.8,19.0,1.0,0,0.23,11.08
2011-12-16,2011,12,16,350,0.0,22.0,16.5,84.4,74.5,4.6,15.7,1001.3,19.1,1.0,0,0.23,10.8
2011-12-17,2011,12,17,351,0.0,22.0,17.1,77.4,61.5,4.0,16.6,1004.6,17.2,1.0,0,0.23,10.57
2011-12-18,2011,12,18,352,0.95,24.6,16.0,77.6,66.7,5.1,14.8,1001.5,20.3,1.0,0,0.35,10.31
2011-12-19,2011,12,19,353,0.0,23.6,18.1,75.9,58.7,4.9,19.8,1005.8,19.3,1.0,0,0.35,9.5
2011-12-20,2011,12,20,354,2.64,23.2,17.6,86.7,75.7,4.6,19.3,1003.8,21.4,1.0,0,0.73,9.31
2011-12-21,2011,12,21,355,0.0,22.0,18.9,82.5,58.2,5.0,13.5,1004.8,19.1,1.0,0,0.73,8.09
2011-12-22,2011,12,22,356,0.7,22.0,16.8,76.8,80.0,4.1,16.8,1005.3,17.6,1.0,0,0.61,7.97
2011-12-23,2011,12,23,357,3.58,22.0,16.0,76.8,64.2,5.6,14.2,1005.7,17.8,1.0,0,1.12,7.54
2011-12-24,2011,12,24,358,1.34,22.0,18.4,79.8,57.3,5.8,13.8,1006.6,17.8,1.0,0,1.32,7.18
2011-12-25,2011,12,25,359,0.0,22.7,16.3,68.4,51.9,5.4,13.3,1004.5,16.8,1.0,0,1.18,6.87
2011-12-26,2011,12,26,360,0.0,22.7,16.0,67.0,46.6,5.9,14.0,1004.5,16.0,1.0,0,1.18,6.59
2011-12-27,2011,12,27,361,3.0,22.4,17.1,72.7,66.3,5.8,13.7,1006.9,16.7,1.0,0,1.23,4.09
2011-12-28,2011,12,28,362,0.0,22.5,17.6,76.6,61.1,6.1,15.3,1006.8,18.0,1.0,0,1.23,3.53
2011-12-29,2011,12,29,363,0.43,22.0,18.0,79.3,62.1,4.5,19.8,1006.0,18.3,1.0,0,1.19,1.83
2011-12-30,2011,12,30,364,0.0,22.0,16.0,69.6,57.4,4.8,12.7,1005.5,16.7,1.0,0,0.68,0.58
2011-12-31,2011,12,31,365,0.0,22.0,17.1,80.5,53.2,5.6,12.3,1007.6,18.5,1.0,0,0.49,0.58
2012-01-01,2012,1,1,1,6.79,24.1,17.1,75.0,55.4,7.6,16.9,1003.1,18.4,1.0,0,1.46,0.72
2012-01-02,2012,1,2,2,0.49,23.8,17.2,75.8,41.0,8.3,13.0,1006.8,19.2,1.0,0,1.53,0.73
2012-01-03,2012,1,3,3,5.88,22.8,16.0,74.1,71.6,4.8,12.6,1002.8,17.8,1.0,0,1.94,0.93
2012-01-04,2012,1,4,4,1.92,25.0,16.8,73.8,43.3,6.7,15.1,1002.8,19.5,1.0,0,2.22,0.99
2012-01-05,2012,1,5,5,0.0,22.8,17.8,80.3,51.6,7.5,13.8,1009.4,18.8,1.0,0,2.15,0.99
2012-01-06,2012,1,6,6,0.0,23.0,16.0,70.7,49.3,6.7,12.6,1007.3,17.9,1.0,0,2.15,0.99
2012-01-07,2012,1,7,7,0.0,24.2,16.4,68.8,51.4,5.0,16.4,1004.6,18.3,1.0,0,2.15,0.98
2012-01-08,2012,1,8,8,0.0,23.0,17.6,75.0,52.8,4.5,12.4,1001.0,18.9,1.0,0,1.18,0.98
2012-01-09,2012,1,9,9,0.8,24.5,18.3,76.3,56.3,7.1,16.9,1001.6,20.4,1.0,0,1.23,1.01
2012-01-10,2012,1,10,10,0.79,22.0,18.3,66.2,63.0,4.5,14.4,1006.1,15.4,1.0,0,0.5,1.03
2012-01-11,2012,1,11,11,0.0,22.0,17.5,73.0,52.8,4.9,8.8,1006.4,17.1,1.0,0,0.23,1.03
2012-01-12,2012,1,12,12,1.24,22.0,18.6,74.0,41.3,8.6,14.3,1005.3,17.1,1.0,0,0.4,1.07
2012-01-13,2012,1,13,13,0.0,22.4,17.6,78.0,63.5,6.4,11.6,1005.8,18.1,1.0,0,0.4,1.07
2012-01-14,2012,1,14,14,0.0,22.0,16.0,69.2,57.8,6.1,8.9,999.1,15.4,1.0,0,0.4,1.02
2012-01-15,2012,1,15,15,5.21,22.0,16.0,78.3,54.4,4.3,13.4,1004.3,17.8,1.0,0,1.15,1.19
2012-01-16,2012,1,16,16,3.96,22.0,18.2,72.8,52.8,5.4,11.6,1006.9,17.5,1.0,0,1.6,1.32
2012-01-17,2012,1,17,17,1.39,22.0,16.0,69.5,39.8,7.1,19.2,1004.5,15.4,1.0,0,1.69,1.34
2012-01-18,2012,1,18,18,0.98,22.0,18.0,67.3,51.9,7.6,11.2,1006.9,15.8,1.0,0,1.83,1.37
2012-01-19,2012,1,19,19,0.0,23.2,17.4,71.6,38.1,8.2,12.8,1008.9,17.1,1.0,0,1.65,1.28
2012-01-20,2012,1,20,20,0.1,23.3,18.8,64.7,35.7,7.2,9.5,1004.1,15.9,1.0,0,1.66,1.29
2012-01-21,2012,1,21,21,0.0,22.0,16.0,64.7,46.3,7.7,11.4,1006.5,15.2,1.0,0,1.66,1.26
2012-01-22,2012,1,22,22,0.0,22.7,16.0,71.3,51.4,6.1,13.4,1004.3,17.2,1.0,0,0.92,1.14
2012-01-23,2012,1,23,23,0.0,22.1,16.3,76.0,38.0,6.6,19.1,1004.5,17.9,1.0,0,0.35,1.1
2012-01-24,2012,1,24,24,3.1,23.9,16.0,64.2,36.6,8.3,12.7,1005.9,16.5,1.0,0,0.6,1.2
2012-01-25,2012,1,25,25,0.0,22.0,16.1,65.2,36.1,9.1,6.8,1004.9,15.2,1.0,0,0.46,1.2
2012-01-26,2012,1,26,26,2.77,22.0,16.0,70.4,50.4,5.8,16.3,1009.0,16.2,1.0,0,0.85,1.2
2012-01-27,2012,1,27,27,0.0,22.0,16.7,65.5,35.3,7.5,13.9,1002.6,15.1,1.0,0,0.84,1.2
2012-01-28,2012,1,28,28,3.45,22.0,17.2,61.6,34.3,7.5,5.0,1005.3,14.8,1.0,0,1.33,1.3
2012-01-29,2012,1,29,29,0.0,22.0,17.3,63.8,47.1,6.5,6.3,1005.1,15.2,1.0,0,1.33,1.3
2012-01-30,2012,1,30,30,0.0,22.4,18.0,69.0,27.2,8.8,9.4,1008.3,15.8,1.0,0,1.33,1.3
2012-01-31,2012,1,31,31,9.04,23.4,17.2,69.6,36.2,8.0,9.2,1004.3,17.8,1.0,0,2.18,1.37
2012-02-01,2012,2,1,32,6.87,22.9,16.1,71.1,20.8,9.6,11.3,1004.0,17.9,1.0,0,3.16,1.58
2012-02-02,2012,2,2,33,0.0,22.0,18.4,60.9,15.1,9.4,8.8,1005.6,13.8,1.07,0,2.77,1.39
2012-02-03,2012,2,3,34,1.11,22.0,17.8,68.1,31.8,9.2,13.3,1007.6,15.7,1.0,0,2.92,1.36
2012-02-04,2012,2,4,35,0.0,23.1,16.9,57.6,18.1,8.0,13.4,1004.8,13.9,1.0,0,2.43,1.36
2012-02-05,2012,2,5,36,0.0,25.4,16.9,68.9,26.1,8.2,6.5,1003.8,19.0,1.0,0,2.43,1.36
2012-02-06,2012,2,6,37,0.0,24.9,16.3,71.0,20.2,9.0,16.1,1002.4,19.2,1.0,0,2.43,1.36
2012-02-07,2012,2,7,38,0.0,22.6,18.6,59.8,28.2,8.2,14.2,1004.3,14.6,1.0,0,1.14,1.36
2012-02-08,2012,2,8,39,0.65,23.4,17.2,63.2,37.5,7.8,5.0,1005.0,16.0,1.0,0,0.25,1.36
2012-02-09,2012,2,9,40,0.0,24.5,18.3,59.0,29.5,8.9,6.9,1000.5,16.2,1.0,0,0.25,1.33
2012-02-10,2012,2,10,41,4.2,23.0,16.0,67.1,41.8,7.1,6.8,1002.3,16.8,1.0,0,0.69,1.47
2012-02-11,2012,2,11,42,0.0,22.0,17.5,65.2,21.3,9.0,6.5,1005.3,15.3,1.0,0,0.69,1.43
2012-02-12,2012,2,12,43,0.0,22.0,17.7,59.1,42.8,6.6,5.0,1001.9,14.6,1.03,0,0.69,1.43
2012-02-13,2012,2,13,44,0.57,23.7,16.0,62.2,29.0,9.7,9.9,1006.0,15.8,1.04,0,0.77,1.45
2012-02-14,2012,2,14,45,4.28,23.2,16.6,70.4,24.7,9.0,7.4,1003.6,18.3,1.0,0,1.39,1.42
2012-02-15,2012,2,15,46,1.99,22.0,18.4,67.1,31.1,7.6,11.0,1002.9,14.9,1.0,0,1.58,1.35
2012-02-16,2012,2,16,47,0.0,22.0,18.3,64.5,32.7,8.3,16.1,1005.8,14.8,1.0,0,1.58,1.3
2012-02-17,2012,2,17,48,0.35,23.4,18.0,68.1,37.6,7.2,13.9,1005.2,17.2,1.0,0,1.03,1.28
2012-02-18,2012,2,18,49,0.0,23.0,19.3,70.6,42.3,7.2,6.9,1005.5,17.2,1.0,0,1.03,1.28
2012-02-19,2012,2,19,50,0.0,26.1,18.4,63.8,29.1,9.6,8.6,1005.4,19.2,1.0,0,1.03,1.28
2012-02-20,2012,2,20,51,0.41,26.2,19.5,64.5,28.0,10.1,10.8,1004.6,18.0,1.3,0,1.0,1.29
2012-02-21,2012,2,21,52,0.0,22.8,16.8,61.8,29.5,8.9,14.1,1002.0,14.8,1.04,0,0.39,1.29
2012-02-22,2012,2,22,53,0.0,26.5,18.2,63.4,37.3,7.5,8.7,1001.6,18.6,1.0,0,0.11,1.29
2012-02-23,2012,2,23,54,0.0,26.7,18.1,59.8,19.3,9.9,5.0,1000.4,16.4,1.0,0,0.11,1.19
2012-02-24,2012,2,24,55,0.86,24.8,16.6,56.1,18.4,10.2,10.4,1005.8,14.8,1.25,0,0.18,1.22
2012-02-25,2012,2,25,56,0.0,23.1,20.3,65.5,26.6,9.0,5.0,1004.2,17.0,1.0,0,0.18,1.13
2012-02-26,2012,2,26,57,0.0,24.8,17.7,65.0,35.8,8.7,5.0,1004.4,17.5,1.0,0,0.18,1.13
2012-02-27,2012,2,27,58,0.0,22.0,18.8,62.3,21.0,10.3,11.2,1000.9,13.8,1.15,0,0.12,1.01
2012-02-28,2012,2,28,59,0.0,23.9,17.8,62.4,30.9,7.1,11.8,1002.2,16.6,1.0,0,0.12,1.01
2012-02-29,2012,2,29,60,11.71,25.3,19.8,63.9,32.4,9.1,14.6,1001.3,17.0,1.0,0,1.8,1.4
2012-03-01,2012,3,1,61,10.65,25.6,18.2,71.0,28.6,9.8,14.2,1001.3,20.4,1.0,0,3.32,1.46
2012-03-02,2012,3,2,62,20.46,24.5,18.3,64.1,26.5,10.2,13.0,1002.4,17.8,1.0,0,6.12,1.91
2012-03-03,2012,3,3,63,6.67,25.3,18.7,70.1,32.7,8.6,7.3,1002.7,19.4,1.0,0,7.07,2.13
2012-03-04,2012,3,4,64,9.15,23.8,18.8,67.6,19.9,11.7,5.0,1006.8,17.5,1.0,0,8.38,2.4
2012-03-05,2012,3,5,65,0.0,27.6,18.2,62.4,34.5,8.1,7.3,1006.4,20.9,1.0,0,8.38,2.4
2012-03-06,2012,3,6,66,7.25,27.8,18.0,65.8,39.5,6.6,7.8,1008.3,20.8,1.0,0,9.41,2.64
2012-03-07,2012,3,7,67,10.96,26.8,18.3,69.7,28.9,7.8,8.6,1004.2,21.9,1.0,0,9.31,3.01
2012-03-08,2012,3,8,68,0.07,25.4,18.9,58.7,37.5,8.2,7.3,1000.8,16.8,1.0,0,7.79,3.01
2012-03-09,2012,3,9,69,4.06,24.7,19.5,65.9,27.8,9.7,6.8,1011.6,17.9,1.0,0,5.45,3.12
2012-03-10,2012,3,10,70,11.78,27.3,18.7,64.0,23.1,9.1,10.1,1002.6,18.7,1.05,0,6.18,3.51
2012-03-11,2012,3,11,71,7.8,26.4,18.0,66.0,23.7,11.2,5.4,1005.1,19.4,1.0,0,5.99,3.63
2012-03-12,2012,3,12,72,9.53,24.8,18.0,58.4,22.5,8.7,10.1,1005.5,16.1,1.0,0,7.35,3.95
2012-03-13,2012,3,13,73,23.86,28.0,18.4,66.1,27.0,6.4,6.8,1003.7,21.9,1.0,0,9.72,4.75
2012-03-14,2012,3,14,74,3.25,25.9,20.0,69.0,19.8,11.6,8.8,1002.2,20.1,1.15,0,8.62,4.84
2012-03-15,2012,3,15,75,0.0,25.4,20.7,65.7,32.4,7.7,6.0,1004.4,18.9,1.0,0,8.61,4.69
2012-03-16,2012,3,16,76,0.0,28.2,18.4,67.0,22.6,9.0,8.5,1002.5,21.4,1.06,0,8.03,4.63
2012-03-17,2012,3,17,77,18.83,25.7,20.4,71.9,17.2,10.7,14.7,1003.0,20.8,1.14,0,9.04,5.25
2012-03-18,2012,3,18,78,25.58,27.2,20.4,66.3,50.9,6.7,5.0,1000.4,21.1,1.0,0,11.58,6.1
2012-03-19,2012,3,19,79,3.46,29.1,22.2,59.8,26.7,9.2,6.8,1004.6,20.2,1.35,0,10.71,6.21
2012-03-20,2012,3,20,80,1.88,29.1,22.9,65.0,8.4,10.9,8.5,1004.6,21.8,1.31,0,7.57,6.27
2012-03-21,2012,3,21,81,2.84,27.9,21.5,65.8,12.4,10.1,6.5,1007.8,20.8,1.0,0,7.51,6.36
2012-03-22,2012,3,22,82,7.76,25.8,21.1,69.1,13.8,11.3,8.5,1005.2,19.4,1.08,0,8.62,6.61
2012-03-23,2012,3,23,83,0.98,26.9,21.0,61.3,21.9,9.4,7.6,1005.0,18.2,1.01,0,8.76,6.65
2012-03-24,2012,3,24,84,0.0,31.4,19.6,59.8,23.7,10.4,11.6,1003.6,23.3,1.76,0,6.07,6.65
2012-03-25,2012,3,25,85,2.29,29.4,19.2,65.9,25.7,9.5,5.0,1004.3,22.6,1.0,0,2.74,6.69
2012-03-26,2012,3,26,86,8.52,27.7,18.8,57.6,18.6,9.4,5.0,1001.7,18.5,1.22,0,3.47,6.98
2012-03-27,2012,3,27,87,0.0,26.3,20.9,59.3,15.2,10.1,7.9,1006.4,17.0,1.0,0,3.2,6.98
2012-03-28,2012,3,28,88,0.0,25.5,19.9,59.0,21.3,9.9,11.0,1005.8,17.4,1.0,0,2.79,6.98
2012-03-29,2012,3,29,89,1.76,30.3,21.9,59.9,15.5,10.0,10.9,998.1,21.8,1.0,0,1.94,7.04
2012-03-30,2012,3,30,90,3.4,30.5,19.7,66.9,24.8,10.0,6.0,1006.2,23.6,1.2,0,2.28,6.76
2012-03-31,2012,3,31,91,12.66,28.7,21.4,67.7,33.9,9.0,5.3,1003.8,21.1,1.21,0,4.09,6.83
2012-04-01,2012,4,1,92,1.67,28.3,20.3,61.3,16.1,9.4,8.6,1008.4,19.2,1.0,0,4.0,6.2
2012-04-02,2012,4,2,93,2.65,30.7,19.7,55.2,31.9,9.4,9.2,1002.2,20.2,1.0,0,3.16,6.07
2012-04-03,2012,4,3,94,0.0,27.0,20.4,55.5,9.3,11.7,5.0,1009.5,16.7,1.0,0,3.16,5.76
2012-04-04,2012,4,4,95,0.0,32.3,20.7,63.3,18.2,10.0,5.0,1006.4,24.8,1.25,0,3.16,5.76
2012-04-05,2012,4,5,96,0.0,30.6,21.6,61.1,20.8,9.2,8.1,1005.9,22.5,1.0,0,2.91,5.52
2012-04-06,2012,4,6,97,15.47,27.7,21.0,71.1,19.8,10.4,9.4,1002.3,22.6,1.0,0,4.64,5.67
2012-04-07,2012,4,7,98,13.18,30.9,20.7,62.7,27.0,9.0,12.8,997.6,22.4,1.0,0,4.71,6.11
2012-04-08,2012,4,8,99,7.61,28.8,20.9,63.8,28.0,7.9,9.2,1004.5,21.1,1.0,0,5.56,6.23
2012-04-09,2012,4,9,100,0.0,28.0,17.5,59.6,10.4,10.9,5.0,1006.6,19.4,1.0,0,5.18,5.83
2012-04-10,2012,4,10,101,0.0,31.3,21.6,63.9,17.0,10.9,8.2,1006.0,23.8,1.08,0,5.18,5.57
2012-04-11,2012,4,11,102,0.0,28.6,22.2,68.6,19.7,9.6,5.0,1004.9,22.7,1.0,0,5.18,5.25
2012-04-12,2012,4,12,103,7.83,28.4,21.8,61.6,11.5,9.8,9.7,1004.6,21.0,1.07,0,6.3,4.72
2012-04-13,2012,4,13,104,2.9,31.3,22.6,55.0,23.8,9.5,6.8,1003.5,22.2,1.6,0,4.5,4.71
2012-04-14,2012,4,14,105,6.06,30.5,23.6,65.3,23.9,9.9,15.0,1004.3,22.9,1.19,0,3.49,4.91
2012-04-15,2012,4,15,106,13.67,32.3,23.8,67.8,22.0,10.5,10.6,1002.8,25.7,1.35,0,4.35,5.37
2012-04-16,2012,4,16,107,0.0,30.5,23.8,55.0,19.1,11.4,11.0,1003.6,20.0,1.46,0,4.35,4.74
2012-04-17,2012,4,17,108,3.02,30.5,22.0,58.3,22.3,9.3,7.3,1001.0,21.9,1.19,0,4.78,3.99
2012-04-18,2012,4,18,109,0.0,28.2,21.7,59.1,3.8,11.6,6.0,1005.0,19.2,1.27,0,4.78,3.87
2012-04-19,2012,4,19,110,7.79,32.1,22.3,69.0,28.4,9.4,10.4,1006.1,25.6,1.04,0,4.78,4.07
2012-04-20,2012,4,20,111,1.87,31.5,23.8,57.9,16.5,10.4,6.1,1001.3,22.3,1.56,0,4.63,4.04
2012-04-21,2012,4,21,112,0.0,33.4,23.5,60.1,8.6,10.0,8.4,1006.7,24.4,1.39,0,3.76,3.78
2012-04-22,2012,4,22,113,7.78,32.9,22.3,56.8,30.4,9.1,6.4,1005.0,23.9,1.18,0,2.92,4.0
2012-04-23,2012,4,23,114,0.0,32.4,24.6,63.3,18.1,11.8,13.2,1006.4,24.1,1.33,0,2.92,4.0
2012-04-24,2012,4,24,115,3.55,30.9,22.1,58.2,37.3,7.9,8.5,1002.6,22.2,1.0,0,3.0,4.05
2012-04-25,2012,4,25,116,0.0,31.6,22.9,70.3,28.8,9.1,5.6,1004.6,25.4,1.1,0,3.0,3.76
2012-04-26,2012,4,26,117,0.0,33.1,23.9,58.3,23.6,12.3,6.5,1005.1,22.8,1.18,0,1.89,3.76
2012-04-27,2012,4,27,118,19.9,32.4,24.7,72.9,40.4,8.8,13.9,1004.8,26.0,1.17,0,4.46,4.43
2012-04-28,2012,4,28,119,0.0,34.7,25.2,64.1,40.3,7.7,8.6,1003.2,26.0,1.0,0,4.46,4.37
2012-04-29,2012,4,29,120,0.23,34.7,24.3,58.8,19.5,9.4,5.6,1005.3,26.0,1.08,0,3.38,4.26
2012-04-30,2012,4,30,121,2.49,32.5,22.5,67.9,38.8,7.9,12.3,1005.3,26.0,1.0,0,3.74,3.92
2012-05-01,2012,5,1,122,0.0,33.1,25.3,55.0,21.7,8.8,8.5,1007.8,23.1,1.0,0,3.23,3.87
2012-05-02,2012,5,2,123,3.07,31.9,22.9,63.9,25.4,9.3,9.7,1003.2,23.3,1.11,0,3.67,3.88
2012-05-03,2012,5,3,124,0.0,33.1,23.7,65.5,27.1,10.5,6.1,1003.9,25.9,1.0,0,3.67,3.88
2012-05-04,2012,5,4,125,0.54,34.8,23.2,62.1,25.2,10.4,7.7,1006.9,26.0,1.1,0,0.9,3.9
2012-05-05,2012,5,5,126,4.74,32.6,24.3,60.6,25.2,9.4,9.0,1005.1,23.9,1.56,0,1.58,4.06
2012-05-06,2012,5,6,127,1.57,33.0,23.3,70.2,20.0,10.8,6.0,1007.1,26.0,1.0,0,1.77,3.59
2012-05-07,2012,5,7,128,7.09,32.0,25.2,65.9,31.1,9.7,5.0,1004.4,24.6,1.0,0,2.43,3.39
2012-05-08,2012,5,8,129,14.87,33.0,25.2,67.1,32.3,9.5,15.3,1004.0,25.8,1.0,0,4.55,3.63
2012-05-09,2012,5,9,130,12.36,34.9,25.7,64.3,41.8,8.4,6.5,1001.1,26.0,1.27,0,5.88,4.04
2012-05-10,2012,5,10,131,2.51,33.7,25.2,65.4,30.4,8.7,7.0,1001.0,26.0,1.0,0,6.24,4.13
2012-05-11,2012,5,11,132,0.0,32.5,25.2,63.1,15.3,11.3,7.4,1003.7,24.0,1.57,0,6.16,4.13
2012-05-12,2012,5,12,133,0.0,34.6,23.8,63.0,26.5,9.3,14.4,1004.8,25.7,1.96,0,5.49,3.87
2012-05-13,2012,5,13,134,5.16,34.3,24.3,73.3,41.2,8.2,9.0,1004.2,26.0,1.35,0,6.0,3.94
2012-05-14,2012,5,14,135,11.11,36.2,25.1,75.7,28.0,10.2,12.0,1003.3,26.0,1.0,0,6.57,4.11
2012-05-15,2012,5,15,136,0.0,34.4,25.2,65.7,15.6,11.9,11.7,1006.7,26.0,1.0,0,4.45,3.66
2012-05-16,2012,5,16,137,20.15,33.3,24.9,75.0,47.3,7.3,16.8,1003.6,26.0,1.0,0,5.56,4.33
2012-05-17,2012,5,17,138,2.8,36.3,26.1,60.5,38.8,8.8,8.1,1005.4,26.0,1.0,0,5.6,4.32
2012-05-18,2012,5,18,139,5.19,33.5,28.0,68.0,41.7,7.9,12.4,1004.1,26.0,1.0,0,6.34,4.49
2012-05-19,2012,5,19,140,3.47,33.1,26.0,68.2,44.2,6.4,8.2,1000.8,26.0,1.0,0,6.84,4.35
2012-05-20,2012,5,20,141,1.32,33.6,24.8,65.4,26.3,10.8,5.0,1006.7,25.8,1.0,0,6.29,4.33
2012-05-21,2012,5,21,142,0.0,34.4,26.6,64.1,35.9,9.2,9.7,1004.8,26.0,1.18,0,4.7,4.33
2012-05-22,2012,5,22,143,13.3,32.6,25.0,68.3,43.2,7.4,10.0,1001.5,26.0,1.0,0,6.6,4.51
2012-05-23,2012,5,23,144,11.68,32.9,26.3,71.3,50.8,7.7,17.2,1007.9,26.0,1.0,0,5.39,4.9
2012-05-24,2012,5,24,145,0.0,36.8,26.5,71.1,46.5,8.6,15.1,1007.5,26.0,1.48,0,4.99,4.78
2012-05-25,2012,5,25,146,6.77,35.4,26.3,75.0,48.7,7.0,15.0,1004.5,26.0,1.0,0,5.22,5.01
2012-05-26,2012,5,26,147,0.0,35.5,25.3,66.9,32.5,9.2,11.1,1003.5,26.0,1.0,0,4.72,5.01
2012-05-27,2012,5,27,148,23.5,35.8,26.2,79.6,36.6,9.0,14.2,999.4,26.0,1.23,0,7.89,5.13
2012-05-28,2012,5,28,149,0.0,36.8,25.6,63.6,20.1,9.5,11.9,1005.4,26.0,1.0,0,7.89,5.13
2012-05-29,2012,5,29,150,4.32,34.8,25.6,71.9,46.7,7.3,11.6,1002.5,26.0,1.0,0,6.61,5.27
2012-05-30,2012,5,30,151,6.53,37.0,24.3,70.3,49.4,7.7,10.3,1004.2,26.0,1.0,0,5.87,5.4
2012-05-31,2012,5,31,152,206.71,36.4,26.2,80.3,70.4,5.5,21.8,1003.2,26.0,1.0,1,35.4,12.29
2012-06-01,2012,6,1,153,151.71,34.9,28.0,91.8,87.8,3.7,25.7,1003.8,26.0,1.0,1,56.11,17.25
2012-06-02,2012,6,2,154,162.36,37.3,23.5,81.5,81.9,5.2,29.9,1004.4,26.0,1.06,1,79.3,22.66
2012-06-03,2012,6,3,155,492.96,36.6,23.9,82.3,70.0,6.4,24.2,1001.3,26.0,1.1,1,146.37,39.07
2012-06-04,2012,6,4,156,186.35,35.0,26.7,82.1,88.0,3.9,23.8,1005.2,26.0,1.0,1,172.99,45.13
2012-06-05,2012,6,5,157,158.23,35.2,27.6,85.5,83.8,3.3,21.9,1002.8,26.0,1.0,1,194.98,50.35
2012-06-06,2012,6,6,158,153.16,37.4,25.1,89.8,67.6,6.2,18.8,1001.0,26.0,1.0,1,215.93,55.22
2012-06-07,2012,6,7,159,77.77,38.0,27.0,79.0,68.6,4.7,25.8,1004.6,26.0,1.0,1,197.51,57.31
2012-06-08,2012,6,8,160,153.1,37.3,26.6,86.8,91.3,2.6,21.5,1006.0,26.0,1.0,1,197.7,62.01
2012-06-09,2012,6,9,161,122.65,38.0,26.1,86.3,77.4,4.3,19.0,1003.6,26.0,1.0,1,192.03,66.01
2012-06-10,2012,6,10,162,202.43,38.0,27.4,79.0,88.7,3.1,29.2,1003.1,26.0,1.07,1,150.53,72.76
2012-06-11,2012,6,11,163,431.86,36.7,25.7,91.1,96.5,3.1,27.8,1004.3,26.0,1.0,1,185.6,87.15
2012-06-12,2012,6,12,164,165.17,37.4,28.0,86.9,79.1,5.0,19.8,999.6,26.0,1.0,1,186.59,92.49
2012-06-13,2012,6,13,165,191.46,38.0,24.7,89.0,78.4,3.7,32.4,999.7,26.0,1.0,1,192.06,98.5
2012-06-14,2012,6,14,166,103.58,35.5,27.0,77.7,86.8,4.3,20.4,1004.5,26.0,1.0,1,195.75,101.95
2012-06-15,2012,6,15,167,166.47,38.0,27.2,92.5,93.6,3.1,20.6,1004.6,26.0,1.0,1,197.66,106.83
2012-06-16,2012,6,16,168,235.53,38.0,27.0,95.2,96.0,1.6,19.8,1000.6,26.0,1.0,1,213.79,114.59
2012-06-17,2012,6,17,169,83.15,36.3,26.6,85.6,81.0,6.2,24.1,1000.5,26.0,1.0,1,196.75,117.18
2012-06-18,2012,6,18,170,298.48,38.0,28.0,84.5,98.5,2.5,29.4,1001.2,26.0,1.0,1,177.69,127.02
2012-06-19,2012,6,19,171,165.43,38.0,26.8,77.8,91.5,2.9,20.8,1004.7,26.0,1.0,1,177.73,132.49
2012-06-20,2012,6,20,172,132.15,37.3,25.5,82.6,83.7,3.5,23.8,1001.8,26.0,1.0,1,169.26,136.89
2012-06-21,2012,6,21,173,181.07,34.5,26.5,91.5,97.8,2.1,27.1,1001.2,26.0,1.0,1,180.33,142.49
2012-06-22,2012,6,22,174,125.25,37.5,27.5,88.1,92.1,3.5,24.5,1001.0,26.0,1.0,1,174.44,146.27
2012-06-23,2012,6,23,175,220.5,38.0,26.7,82.6,77.1,4.0,26.3,1003.4,26.0,1.0,1,172.29,153.62
2012-06-24,2012,6,24,176,150.15,38.0,27.0,95.0,83.3,4.0,29.3,1000.1,26.0,1.0,1,181.86,158.4
2012-06-25,2012,6,25,177,94.31,35.8,28.0,85.9,89.4,2.7,24.8,1002.7,26.0,1.0,1,152.69,161.54
2012-06-26,2012,6,26,178,21.09,36.8,26.7,76.1,58.8,7.6,15.0,998.3,26.0,1.02,1,132.07,161.46
2012-06-27,2012,6,27,179,16.37,38.0,27.4,81.2,56.7,7.0,18.6,1002.2,26.0,1.0,1,115.53,162.01
2012-06-28,2012,6,28,180,210.75,38.0,27.3,92.0,92.7,2.6,27.1,1001.9,26.0,1.0,1,119.77,168.89
2012-06-29,2012,6,29,181,155.13,38.0,28.0,84.8,97.4,1.0,29.4,1006.7,26.0,1.0,1,124.04,173.84
2012-06-30,2012,6,30,182,4.28,38.0,27.6,76.3,62.9,5.3,18.6,1000.6,26.0,1.0,1,93.15,167.1
2012-07-01,2012,7,1,183,349.83,37.9,28.0,96.9,99.9,1.8,21.5,1004.0,26.0,1.0,1,121.68,173.7
2012-07-02,2012,7,2,184,90.95,38.0,26.7,84.9,78.7,4.1,25.1,1003.0,26.0,1.0,1,121.2,171.32
2012-07-03,2012,7,3,185,99.93,38.0,28.0,92.2,83.7,5.3,26.0,1004.6,26.0,1.0,1,132.46,158.22
2012-07-04,2012,7,4,186,638.49,35.7,28.0,90.3,100.0,2.7,26.6,1005.6,26.0,1.0,1,221.34,173.29
2012-07-05,2012,7,5,187,122.45,38.0,28.0,93.7,99.9,2.4,33.1,1002.5,26.0,1.0,1,208.72,172.1
2012-07-06,2012,7,6,188,91.8,38.0,27.8,87.2,100.0,2.8,19.7,1000.9,26.0,1.0,1,199.68,170.05
2012-07-07,2012,7,7,189,22.76,38.0,26.9,86.2,75.6,5.7,18.2,1006.8,26.0,1.0,1,202.32,168.22
2012-07-08,2012,7,8,190,115.2,35.9,27.3,88.4,93.4,3.7,25.2,1004.3,26.0,1.0,1,168.8,166.96
2012-07-09,2012,7,9,191,257.49,38.0,27.9,84.8,94.8,3.7,31.6,999.0,26.0,1.0,1,192.59,171.45
2012-07-10,2012,7,10,192,148.6,37.3,27.8,87.3,100.0,2.4,26.0,1005.8,26.0,1.0,1,199.54,169.66
2012-07-11,2012,7,11,193,129.21,38.0,27.1,92.3,100.0,3.0,33.4,1000.7,26.0,1.0,1,126.79,159.57
2012-07-12,2012,7,12,194,241.28,38.0,27.6,94.5,98.2,0.4,28.7,1003.2,26.0,1.0,1,143.76,162.1
2012-07-13,2012,7,13,195,89.16,37.5,27.9,97.9,100.0,3.2,28.2,1005.7,26.0,1.0,1,143.39,158.69
2012-07-14,2012,7,14,196,39.21,38.0,26.6,91.5,79.6,4.3,21.2,1001.5,26.0,1.0,1,145.74,156.55
2012-07-15,2012,7,15,197,107.9,36.2,27.1,98.0,100.0,1.9,28.2,1002.1,26.0,1.0,1,144.69,154.6
2012-07-16,2012,7,16,198,482.34,38.0,28.0,93.8,92.9,3.5,23.9,1003.8,26.0,1.0,1,176.81,162.82
2012-07-17,2012,7,17,199,214.44,38.0,28.0,97.0,100.0,2.9,25.0,1000.3,26.0,1.0,1,186.22,167.2
2012-07-18,2012,7,18,200,228.11,38.0,26.6,91.1,100.0,4.4,27.9,1006.4,26.0,1.0,1,200.35,164.85
2012-07-19,2012,7,19,201,475.97,38.0,28.0,96.6,100.0,2.6,32.0,1003.2,26.0,1.0,1,233.88,175.21
2012-07-20,2012,7,20,202,267.38,38.0,26.5,94.1,100.0,2.1,33.0,1009.3,26.0,1.0,1,259.34,179.71
2012-07-21,2012,7,21,203,361.47,37.8,28.0,93.9,98.9,2.5,24.8,1004.5,26.0,1.0,1,305.37,185.73
2012-07-22,2012,7,22,204,200.02,36.0,28.0,96.3,100.0,2.9,33.0,1005.0,26.0,1.0,1,318.53,188.22
2012-07-23,2012,7,23,205,99.26,37.5,26.5,90.0,100.0,0.5,31.0,1001.3,26.0,1.0,1,263.81,184.18
2012-07-24,2012,7,24,206,445.84,38.0,26.1,97.8,100.0,2.6,32.4,1003.3,26.0,1.0,1,296.86,194.03
2012-07-25,2012,7,25,207,254.63,36.1,28.0,98.0,99.3,3.2,30.2,1003.6,26.0,1.0,1,300.65,199.38
2012-07-26,2012,7,26,208,409.44,36.2,27.3,94.1,100.0,2.2,33.6,1003.5,26.0,1.0,1,291.15,212.32
2012-07-27,2012,7,27,209,156.51,38.0,26.9,97.8,100.0,2.2,28.6,999.4,26.0,1.0,1,275.31,216.99
2012-07-28,2012,7,28,210,249.33,38.0,25.7,98.0,100.0,1.3,30.5,1002.6,26.0,1.0,1,259.29,218.28
2012-07-29,2012,7,29,211,301.36,38.0,28.0,98.0,100.0,1.7,27.8,1001.2,26.0,1.0,1,273.77,223.15
2012-07-30,2012,7,30,212,115.75,37.1,27.5,97.0,100.0,1.8,26.5,1002.1,26.0,1.0,1,276.12,226.87
2012-07-31,2012,7,31,213,88.7,37.1,28.0,98.0,100.0,2.7,21.2,1004.1,26.0,1.0,1,225.1,218.17
2012-08-01,2012,8,1,214,151.53,38.0,28.0,98.0,100.0,3.0,29.1,1001.6,26.0,1.0,1,210.37,220.19
2012-08-02,2012,8,2,215,205.38,38.0,25.1,98.0,100.0,3.5,31.6,1006.3,26.0,1.0,1,181.22,223.7
2012-08-03,2012,8,3,216,82.61,36.9,27.3,98.0,100.0,2.6,34.2,1004.1,26.0,1.0,1,170.67,205.17
2012-08-04,2012,8,4,217,378.48,37.2,25.2,98.0,100.0,1.0,35.0,1003.1,26.0,1.0,1,189.12,213.71
2012-08-05,2012,8,5,218,209.95,36.2,27.9,98.0,100.0,3.4,35.0,1003.0,26.0,1.0,1,176.06,217.64
2012-08-06,2012,8,6,219,360.61,35.4,28.0,98.0,100.0,1.4,30.6,1002.6,26.0,1.0,1,211.04,228.91
2012-08-07,2012,8,7,220,141.82,36.8,26.8,95.4,100.0,2.3,30.2,1005.6,26.0,1.0,1,218.63,229.79
2012-08-08,2012,8,8,221,214.98,38.0,26.8,98.0,100.0,1.7,35.0,999.0,26.0,1.0,1,227.69,228.38
2012-08-09,2012,8,9,222,87.91,35.8,27.5,96.9,100.0,2.2,32.5,1004.1,26.0,1.0,1,210.91,226.35
2012-08-10,2012,8,10,223,305.3,34.7,27.4,98.0,100.0,2.8,29.2,1000.5,26.0,1.0,1,242.72,232.22
2012-08-11,2012,8,11,224,223.33,35.3,26.5,98.0,100.0,2.5,30.1,1001.9,26.0,1.0,1,220.56,231.62
2012-08-12,2012,8,12,225,25.69,37.5,27.5,97.9,82.4,3.4,22.4,1002.6,26.0,1.0,1,194.23,229.51
2012-08-13,2012,8,13,226,68.47,37.3,26.3,98.0,98.9,2.9,33.0,1000.9,26.0,1.0,1,152.5,230.48
2012-08-14,2012,8,14,227,57.45,38.0,26.9,97.0,100.0,3.8,28.7,1003.3,26.0,1.0,1,140.45,228.8
2012-08-15,2012,8,15,228,10.4,38.0,25.0,92.6,72.3,5.1,21.5,1008.1,26.0,1.0,1,111.22,213.07
2012-08-16,2012,8,16,229,106.77,36.8,27.8,98.0,100.0,1.8,35.0,1003.6,26.0,1.0,1,113.92,209.48
2012-08-17,2012,8,17,230,120.84,37.3,25.4,98.0,100.0,3.0,32.1,1001.9,26.0,1.0,1,87.56,205.91
2012-08-18,2012,8,18,231,161.6,35.1,26.7,98.0,100.0,1.5,32.1,999.7,26.0,1.0,1,78.75,195.43
2012-08-19,2012,8,19,232,399.54,37.1,24.9,98.0,100.0,2.2,30.8,1000.2,26.0,1.0,1,132.15,199.83
2012-08-20,2012,8,20,233,81.34,35.9,25.7,97.8,100.0,1.9,35.0,998.9,26.0,1.0,1,133.99,190.49
2012-08-21,2012,8,21,234,233.52,37.2,25.5,98.0,100.0,3.6,35.0,1002.0,26.0,1.0,1,159.14,191.61
2012-08-22,2012,8,22,235,306.99,36.5,26.7,98.0,100.0,2.3,34.5,1002.9,26.0,1.0,1,201.51,198.54
2012-08-23,2012,8,23,236,155.41,35.0,27.8,90.3,100.0,1.8,33.3,1001.9,26.0,1.0,1,208.46,188.85
2012-08-24,2012,8,24,237,208.86,34.0,25.0,98.0,100.0,1.8,35.0,1001.2,26.0,1.0,1,221.04,187.33
2012-08-25,2012,8,25,238,165.38,34.8,24.8,98.0,100.0,0.2,29.0,1002.9,26.0,1.0,1,221.58,179.19
2012-08-26,2012,8,26,239,93.48,35.7,27.1,98.0,100.0,1.9,35.0,1003.2,26.0,1.0,1,177.85,177.09
2012-08-27,2012,8,27,240,119.57,34.1,24.9,98.0,100.0,2.4,35.0,1002.9,26.0,1.0,1,183.32,172.77
2012-08-28,2012,8,28,241,77.51,35.0,28.0,97.6,100.0,1.9,30.2,1002.1,26.0,1.0,1,161.03,165.31
2012-08-29,2012,8,29,242,112.78,36.8,24.3,96.1,100.0,1.4,28.7,1001.1,26.0,1.0,1,133.28,165.21
2012-08-30,2012,8,30,243,233.42,36.8,26.4,98.0,100.0,2.7,32.1,1004.8,26.0,1.0,1,144.43,170.03
2012-08-31,2012,8,31,244,92.75,35.6,23.6,97.2,100.0,2.2,33.8,1001.6,26.0,1.0,1,127.84,168.07
2012-09-01,2012,9,1,245,122.05,36.9,24.1,98.0,100.0,3.7,35.0,1004.4,26.0,1.0,1,121.65,165.29
2012-09-02,2012,9,2,246,118.15,32.8,24.1,98.0,100.0,1.6,35.0,1001.6,26.0,1.0,1,125.18,166.48
2012-09-03,2012,9,3,247,89.93,36.5,24.5,98.0,100.0,2.1,35.0,1002.4,26.0,1.0,1,120.94,156.86
2012-09-04,2012,9,4,248,23.02,32.4,26.1,97.0,100.0,1.9,28.4,1002.9,26.0,1.0,1,113.16,150.63
2012-09-05,2012,9,5,249,190.46,34.4,25.0,98.0,100.0,1.7,35.0,1001.5,26.0,1.0,1,124.25,144.96
2012-09-06,2012,9,6,250,147.64,33.0,26.3,98.0,100.0,2.8,35.0,1000.2,26.0,1.0,1,112.0,145.15
2012-09-07,2012,9,7,251,4.88,35.2,25.9,92.5,100.0,2.1,21.6,998.9,26.0,1.0,1,99.45,138.15
2012-09-08,2012,9,8,252,302.35,31.7,23.6,98.0,100.0,2.2,34.4,1001.5,26.0,1.0,1,125.2,145.3
2012-09-09,2012,9,9,253,22.06,31.2,24.6,96.1,100.0,2.1,22.4,1002.5,26.0,1.0,1,111.48,135.85
2012-09-10,2012,9,10,254,112.32,32.8,26.1,98.0,100.0,2.8,34.5,1003.6,26.0,1.0,1,114.68,132.15
2012-09-11,2012,9,11,255,114.18,32.6,23.5,98.0,100.0,3.3,32.2,1006.0,26.0,1.0,1,127.7,135.1
2012-09-12,2012,9,12,256,111.96,32.7,25.2,95.7,100.0,1.4,35.0,1003.5,26.0,1.0,1,116.48,136.55
2012-09-13,2012,9,13,257,102.55,32.4,23.5,98.0,100.0,2.0,34.6,1002.6,26.0,1.0,1,110.04,138.06
2012-09-14,2012,9,14,258,69.61,34.3,23.1,98.0,100.0,2.4,29.6,1002.0,26.0,1.0,1,119.29,140.03
2012-09-15,2012,9,15,259,56.22,33.0,23.8,98.0,100.0,2.3,29.3,1003.0,26.0,1.0,1,84.13,138.35
2012-09-16,2012,9,16,260,110.5,35.3,22.8,98.0,100.0,2.7,33.6,1003.8,26.0,1.0,1,96.76,138.0
2012-09-17,2012,9,17,261,224.48,33.2,25.5,98.0,100.0,1.6,30.7,1006.2,26.0,1.0,1,112.79,140.1
2012-09-18,2012,9,18,262,278.47,34.1,20.5,98.0,100.0,1.9,35.0,1002.7,26.0,1.0,1,136.26,136.06
2012-09-19,2012,9,19,263,133.46,33.5,24.5,98.0,100.0,2.7,35.0,1001.1,26.0,1.0,1,139.33,137.8
2012-09-20,2012,9,20,264,63.27,31.2,24.4,95.9,100.0,1.6,27.5,1001.7,26.0,1.0,1,133.72,132.12
2012-09-21,2012,9,21,265,55.6,31.6,23.1,97.0,100.0,2.1,32.5,1000.4,26.0,1.0,1,131.71,123.74
2012-09-22,2012,9,22,266,409.11,33.7,21.2,98.0,100.0,1.3,27.8,1007.9,26.0,1.0,1,182.13,132.2
2012-09-23,2012,9,23,267,88.21,29.4,24.0,98.0,100.0,3.7,35.0,999.7,26.0,1.0,1,178.94,128.18
2012-09-24,2012,9,24,268,79.73,32.7,22.8,98.0,100.0,2.1,31.8,1001.7,26.0,1.0,1,158.26,125.32
2012-09-25,2012,9,25,269,207.86,31.6,22.5,98.0,100.0,3.0,35.0,1002.1,26.0,1.0,1,148.18,129.14
2012-09-26,2012,9,26,270,94.36,30.6,24.6,98.0,100.0,2.0,35.0,1002.7,26.0,1.0,1,142.59,128.3
2012-09-27,2012,9,27,271,55.19,31.2,24.9,98.0,100.0,2.4,32.7,1002.0,26.0,1.0,1,141.44,127.55
2012-09-28,2012,9,28,272,58.47,33.9,22.4,98.0,100.0,2.2,31.2,1001.4,26.0,1.0,1,141.85,125.74
2012-09-29,2012,9,29,273,53.26,28.7,22.0,98.0,100.0,2.7,28.2,1001.4,26.0,1.0,1,91.01,119.74
2012-09-30,2012,9,30,274,34.44,29.3,19.5,98.0,100.0,2.6,29.1,1003.4,26.0,1.0,1,83.33,117.79
2012-10-01,2012,10,1,275,9.11,28.1,20.8,95.9,99.4,1.7,24.5,1003.8,26.0,1.0,1,73.24,114.03
2012-10-02,2012,10,2,276,1.3,30.2,21.7,92.6,91.1,2.5,24.4,1004.4,26.0,1.0,1,43.73,110.13
2012-10-03,2012,10,3,277,25.43,29.8,23.8,96.9,93.2,3.2,24.0,1001.8,26.0,1.0,1,33.89,107.98
2012-10-04,2012,10,4,278,7.49,30.9,23.0,92.7,98.5,3.5,28.4,1003.1,26.0,1.0,1,27.07,107.47
2012-10-05,2012,10,5,279,63.23,29.8,23.6,98.0,100.0,1.5,35.0,1005.0,26.0,1.0,1,27.75,103.22
2012-10-06,2012,10,6,280,3.09,31.0,23.1,87.4,91.9,2.2,22.1,1005.2,26.0,1.0,1,20.58,98.41
2012-10-07,2012,10,7,281,11.21,29.0,22.1,91.6,100.0,0.9,24.6,1004.8,26.0,1.0,1,17.27,98.62
2012-10-08,2012,10,8,282,31.26,33.2,22.2,98.0,100.0,2.3,27.8,1005.6,26.0,1.0,1,20.43,89.58
2012-10-09,2012,10,9,283,27.92,30.9,22.6,98.0,100.0,1.9,27.5,1005.1,26.0,1.0,1,24.23,89.78
2012-10-10,2012,10,10,284,15.94,30.6,21.6,95.7,100.0,1.9,22.7,1002.1,26.0,1.0,1,22.88,86.56
2012-10-11,2012,10,11,285,8.97,30.6,22.1,93.4,100.0,2.1,25.9,1002.7,26.0,1.0,1,23.09,83.06
2012-10-12,2012,10,12,286,30.16,27.9,22.1,98.0,100.0,2.1,23.8,1001.2,26.0,1.0,1,18.36,80.33
2012-10-13,2012,10,13,287,9.67,29.0,21.9,92.6,88.7,3.0,25.0,1002.1,26.0,1.0,1,19.3,77.23
2012-10-14,2012,10,14,288,23.24,28.9,20.8,94.7,100.0,2.2,19.9,1004.2,26.0,1.0,1,21.02,75.69
2012-10-15,2012,10,15,289,5.86,28.4,23.0,92.1,92.5,3.1,25.5,1004.1,26.0,1.0,1,17.39,74.01
2012-10-16,2012,10,16,290,28.17,28.4,22.9,98.0,100.0,2.3,27.6,1002.2,26.0,1.0,1,17.43,71.27
2012-10-17,2012,10,17,291,29.61,30.1,19.7,98.0,100.0,1.8,25.0,1003.6,26.0,1.0,1,19.38,64.77
2012-10-18,2012,10,18,292,14.31,28.6,18.7,86.8,95.7,2.3,26.0,1005.7,26.0,1.0,1,20.15,55.96
2012-10-19,2012,10,19,293,10.68,29.0,20.5,89.5,100.0,1.1,29.0,1006.1,26.0,1.0,1,17.36,51.87
2012-10-20,2012,10,20,294,42.5,25.9,19.9,98.0,100.0,1.2,33.8,1004.8,26.0,1.0,1,22.05,51.18
2012-10-21,2012,10,21,295,18.09,25.7,18.8,94.4,93.2,3.3,27.0,1000.8,23.8,1.0,1,21.32,49.93
2012-10-22,2012,10,22,296,2.29,26.7,20.3,82.4,96.9,1.4,24.3,1006.8,24.6,1.0,1,20.81,36.37
2012-10-23,2012,10,23,297,54.55,30.5,22.3,98.0,100.0,0.8,34.0,1001.5,26.0,1.0,1,24.58,35.25
2012-10-24,2012,10,24,298,15.59,30.9,21.1,98.0,93.7,2.9,27.4,1004.0,26.0,1.0,1,22.57,33.11
2012-10-25,2012,10,25,299,35.18,29.2,21.4,93.9,100.0,2.2,24.6,1003.1,26.0,1.0,1,25.55,27.35
2012-10-26,2012,10,26,300,13.5,27.0,21.9,88.9,95.2,2.3,25.4,998.0,24.4,1.0,1,25.96,24.66
2012-10-27,2012,10,27,301,6.36,28.1,21.2,98.0,97.5,2.6,22.0,1003.1,26.0,1.0,1,20.79,23.03
2012-10-28,2012,10,28,302,27.9,29.3,20.0,93.4,96.2,0.7,32.0,1005.1,26.0,1.0,1,22.2,22.01
2012-10-29,2012,10,29,303,10.08,30.0,21.5,97.0,100.0,2.0,25.6,1005.7,26.0,1.0,1,23.31,20.57
2012-10-30,2012,10,30,304,50.61,25.4,19.0,98.0,100.0,1.4,28.7,1002.4,24.9,1.0,1,22.75,21.11
2012-10-31,2012,10,31,305,13.37,27.3,18.1,87.1,86.3,2.8,23.1,1002.0,24.8,1.0,1,22.43,21.25
2012-11-01,2012,11,1,306,18.08,26.4,21.5,90.5,100.0,2.4,19.7,1002.1,24.2,1.0,1,19.99,21.81
2012-11-02,2012,11,2,307,28.31,27.6,21.6,98.0,81.0,4.4,26.3,1004.5,26.0,1.0,1,22.1,21.91
2012-11-03,2012,11,3,308,7.67,26.7,19.1,85.0,84.2,2.7,20.8,1006.2,24.4,1.0,1,22.29,21.91
2012-11-04,2012,11,4,309,10.08,25.0,18.9,86.9,94.9,2.8,23.5,1007.2,22.2,1.0,1,19.74,20.14
2012-11-05,2012,11,5,310,19.63,26.9,20.1,93.2,100.0,2.7,33.0,1002.3,26.0,1.0,1,21.11,20.69
2012-11-06,2012,11,6,311,4.93,25.2,18.0,88.4,90.2,2.6,21.9,1009.6,22.3,1.0,1,14.58,20.48
2012-11-07,2012,11,7,312,18.55,26.1,19.0,97.7,100.0,1.7,19.5,1001.2,25.5,1.0,1,15.32,20.06
2012-11-08,2012,11,8,313,5.22,26.0,19.5,90.9,94.6,2.5,20.6,1008.8,24.8,1.0,1,13.48,19.3
2012-11-09,2012,11,9,314,5.46,28.4,18.3,89.4,83.0,2.6,21.6,1007.5,26.0,1.0,1,10.22,18.95
2012-11-10,2012,11,10,315,15.89,26.2,20.3,91.5,89.3,1.8,22.2,1002.5,25.6,1.0,1,11.39,19.18
2012-11-11,2012,11,11,316,10.51,25.5,19.3,86.0,88.5,4.8,23.1,1004.9,22.8,1.0,1,11.46,18.53
2012-11-12,2012,11,12,317,24.34,26.6,18.7,98.0,100.0,1.5,24.2,1001.2,26.0,1.0,1,12.13,19.02
2012-11-13,2012,11,13,318,25.06,24.1,20.0,94.4,98.6,0.4,25.7,1002.7,22.2,1.0,1,15.0,19.08
2012-11-14,2012,11,14,319,10.18,25.4,18.9,92.2,88.5,3.1,22.8,1006.2,23.7,1.0,1,13.81,19.22
2012-11-15,2012,11,15,320,27.09,26.1,17.8,94.8,84.9,3.6,29.3,1002.3,25.2,1.0,1,16.93,19.19
2012-11-16,2012,11,16,321,39.65,26.0,20.1,96.3,96.5,0.4,28.4,1000.3,25.8,1.0,1,21.82,19.52
2012-11-17,2012,11,17,322,63.64,24.2,18.4,98.0,100.0,1.2,33.2,999.5,22.5,1.0,1,28.64,21.17
2012-11-18,2012,11,18,323,3.6,25.4,16.0,86.1,88.3,3.4,18.4,1003.1,22.5,1.0,1,27.65,20.93
2012-11-19,2012,11,19,324,44.15,25.8,18.7,95.2,94.6,2.6,28.7,1002.8,25.5,1.0,1,30.48,20.99
2012-11-20,2012,11,20,325,39.69,23.3,16.0,92.6,96.9,1.7,27.9,1005.1,22.3,1.0,1,32.57,21.71
2012-11-21,2012,11,21,326,3.21,23.6,20.7,87.5,83.8,2.4,17.0,1003.2,20.7,1.0,1,31.58,21.74
2012-11-22,2012,11,22,327,2.74,24.0,18.6,89.4,84.3,4.0,18.4,1005.4,22.5,1.0,1,28.1,20.01
2012-11-23,2012,11,23,328,62.6,27.8,18.5,97.5,99.2,0.7,29.6,1006.3,26.0,1.0,1,31.38,21.58
2012-11-24,2012,11,24,329,66.32,23.1,18.9,98.0,100.0,3.2,30.0,999.3,23.6,1.0,1,31.76,22.61
2012-11-25,2012,11,25,330,21.6,24.7,16.0,88.8,89.4,3.1,23.7,1003.7,22.8,1.0,1,34.33,22.88
2012-11-26,2012,11,26,331,20.25,23.5,18.3,98.0,85.8,2.3,22.0,1001.3,23.4,1.0,1,30.92,23.35
2012-11-27,2012,11,27,332,26.58,22.6,16.6,93.1,75.8,3.7,23.9,1000.6,22.0,1.0,1,29.04,23.3
2012-11-28,2012,11,28,333,69.4,24.9,17.2,84.7,99.3,1.2,28.6,1003.3,22.1,1.0,1,38.5,25.28
2012-11-29,2012,11,29,334,14.55,22.0,18.2,95.5,70.6,4.6,21.0,1006.6,21.6,1.0,1,40.19,24.08
2012-11-30,2012,11,30,335,0.0,25.9,16.9,78.0,71.4,4.3,21.3,1004.9,21.4,1.0,0,31.24,23.63
2012-12-01,2012,12,1,336,0.0,22.1,16.0,82.4,65.9,5.6,17.5,1003.4,18.5,1.0,0,21.77,23.03
2012-12-02,2012,12,2,337,0.0,22.5,18.1,83.4,72.2,4.3,21.1,1002.7,20.2,1.0,0,18.68,22.09
2012-12-03,2012,12,3,338,0.0,24.3,18.3,81.4,86.6,2.8,19.6,1005.3,20.5,1.0,0,15.79,21.83
2012-12-04,2012,12,4,339,0.74,24.5,16.0,80.8,77.3,3.6,22.7,1004.4,21.3,1.0,0,12.1,21.52
2012-12-05,2012,12,5,340,0.0,23.7,16.4,78.1,65.7,5.6,19.0,1003.3,19.7,1.0,0,2.18,20.86
2012-12-06,2012,12,6,341,0.0,22.4,17.0,78.4,59.3,6.5,20.1,1003.7,18.4,1.0,0,0.11,20.7
2012-12-07,2012,12,7,342,0.0,22.0,19.5,84.9,57.6,4.8,6.7,1005.7,19.8,1.0,0,0.11,20.08
2012-12-08,2012,12,8,343,0.0,23.0,19.2,75.9,56.9,6.6,14.5,1003.9,18.7,1.0,0,0.11,19.91
2012-12-09,2012,12,9,344,0.16,22.0,18.4,80.0,62.1,6.4,18.4,1004.2,18.3,1.0,0,0.13,19.73
2012-12-10,2012,12,10,345,0.0,26.6,19.6,82.3,60.2,5.0,20.2,1004.3,23.5,1.0,0,0.13,19.2
2012-12-11,2012,12,11,346,0.0,23.1,18.3,75.0,69.1,4.5,18.4,1006.6,18.4,1.0,0,0.02,18.85
2012-12-12,2012,12,12,347,0.0,22.0,17.3,80.8,67.5,4.6,15.9,1005.7,18.7,1.0,0,0.02,18.04
2012-12-13,2012,12,13,348,0.0,22.3,16.0,82.9,81.4,3.8,13.8,1004.6,19.1,1.0,0,0.02,17.21
2012-12-14,2012,12,14,349,0.0,23.9,16.0,79.9,58.2,5.2,16.1,1005.9,20.6,1.0,0,0.02,16.87
2012-12-15,2012,12,15,350,0.0,24.4,16.3,82.7,64.8,5.9,18.3,1005.3,20.6,1.0,0,0.02,15.96
2012-12-16,2012,12,16,351,0.15,22.1,17.1,77.9,50.8,4.5,17.6,1006.6,17.8,1.0,0,0.02,14.65
2012-12-17,2012,12,17,352,0.0,22.4,19.6,74.3,62.9,5.1,19.1,1001.8,17.9,1.0,0,0.02,12.52
2012-12-18,2012,12,18,353,0.0,23.4,16.5,76.8,47.9,6.5,15.9,1008.9,18.5,1.46,0,0.02,12.4
2012-12-19,2012,12,19,354,1.37,22.0,16.9,72.4,51.8,5.8,16.8,1004.6,18.0,1.0,0,0.22,10.98
2012-12-20,2012,12,20,355,0.0,22.9,17.1,86.4,66.4,5.2,11.4,1003.9,20.2,1.0,0,0.22,9.66
2012-12-21,2012,12,21,356,0.0,22.8,16.9,76.6,37.3,7.8,13.7,1004.3,18.4,1.03,0,0.22,9.55
2012-12-22,2012,12,22,357,0.0,23.1,18.8,68.9,51.6,6.5,19.5,1005.3,16.7,1.0,0,0.22,9.46
2012-12-23,2012,12,23,358,6.12,22.2,18.2,76.3,58.1,6.0,18.6,1002.6,17.9,1.0,0,1.07,7.57
2012-12-24,2012,12,24,359,0.0,22.0,16.6,75.1,66.0,6.4,18.5,1005.4,17.1,1.0,0,1.07,5.36
2012-12-25,2012,12,25,360,0.0,22.6,16.0,70.5,60.7,7.3,14.0,1005.5,17.7,1.0,0,1.07,4.64
2012-12-26,2012,12,26,361,0.0,22.0,16.0,70.2,55.3,5.2,20.0,1007.8,16.0,1.0,0,0.87,3.97
2012-12-27,2012,12,27,362,0.0,24.8,16.6,73.8,50.7,5.5,16.0,1003.4,20.0,1.0,0,0.87,3.08
2012-12-28,2012,12,28,363,0.0,24.8,16.0,77.0,55.8,5.7,12.9,1008.9,20.4,1.0,0,0.87,0.77
2012-12-29,2012,12,29,364,2.11,22.0,17.6,79.4,64.8,4.3,16.4,1003.7,18.1,1.0,0,1.18,0.36
2012-12-30,2012,12,30,365,0.0,22.0,16.0,78.8,60.3,5.8,17.0,1003.5,18.2,1.0,0,0.3,0.36
2012-12-31,2012,12,31,366,0.79,22.0,18.3,72.1,65.4,4.9,16.3,1004.0,16.2,1.0,0,0.41,0.38
2013-01-01,2013,1,1,1,0.66,23.2,17.3,63.7,49.9,7.1,12.5,1005.4,15.5,1.0,0,0.51,0.4
2013-01-02,2013,1,2,2,0.0,22.0,16.0,81.0,59.6,5.5,14.5,1005.6,18.8,1.0,0,0.51,0.4
2013-01-03,2013,1,3,3,3.02,22.4,18.2,74.1,45.7,7.4,17.8,1006.2,17.5,1.0,0,0.94,0.48
2013-01-04,2013,1,4,4,0.0,22.0,16.0,71.6,50.1,7.1,12.9,1003.0,16.6,1.0,0,0.94,0.48
2013-01-05,2013,1,5,5,0.0,22.0,18.3,78.0,56.2,5.3,14.3,1001.5,18.7,1.0,0,0.64,0.48
2013-01-06,2013,1,6,6,0.0,22.3,17.3,71.6,50.5,5.0,10.8,1005.9,17.3,1.0,0,0.64,0.48
2013-01-07,2013,1,7,7,0.0,23.9,19.1,74.5,66.2,4.8,16.5,1005.7,18.6,1.0,0,0.53,0.48
2013-01-08,2013,1,8,8,0.0,22.0,16.0,73.3,40.6,7.1,11.8,1005.9,16.7,1.0,0,0.43,0.47
2013-01-09,2013,1,9,9,1.48,22.0,16.6,67.8,45.4,7.3,19.0,1005.2,15.2,1.0,0,0.64,0.52
2013-01-10,2013,1,10,10,0.0,22.0,16.4,67.4,59.9,5.9,15.9,1002.9,15.3,1.0,0,0.21,0.52
2013-01-11,2013,1,11,11,0.0,22.8,16.0,70.7,54.0,5.7,12.9,1003.8,17.7,1.0,0,0.21,0.52
2013-01-12,2013,1,12,12,0.0,22.0,17.6,71.2,49.5,7.1,7.2,1005.9,17.1,1.0,0,0.21,0.52
2013-01-13,2013,1,13,13,0.06,22.0,16.0,68.6,36.1,8.4,12.8,1005.3,15.6,1.02,0,0.22,0.53
2013-01-14,2013,1,14,14,0.0,25.1,18.2,68.3,47.1,5.9,5.8,1007.2,18.9,1.0,0,0.22,0.53
2013-01-15,2013,1,15,15,4.48,22.0,16.0,72.3,46.7,6.0,11.8,1006.3,16.7,1.0,0,0.86,0.67
2013-01-16,2013,1,16,16,3.36,25.5,16.0,69.1,54.8,6.5,18.6,1003.7,19.6,1.0,0,1.13,0.78
2013-01-17,2013,1,17,17,0.79,22.0,16.0,74.0,48.1,6.1,11.9,1009.2,17.4,1.06,0,1.24,0.81
2013-01-18,2013,1,18,18,0.17,23.4,17.2,71.1,57.7,6.9,10.4,1002.2,18.1,1.0,0,1.27,0.77
2013-01-19,2013,1,19,19,0.0,22.4,17.7,67.5,58.7,5.5,10.9,1003.7,15.6,1.0,0,1.27,0.77
2013-01-20,2013,1,20,20,0.92,22.0,16.0,72.1,47.5,7.5,13.4,1005.1,16.3,1.0,0,1.39,0.8
2013-01-21,2013,1,21,21,0.0,24.2,17.1,74.4,48.6,6.2,12.2,1002.5,18.3,1.0,0,1.39,0.8
2013-01-22,2013,1,22,22,0.0,23.1,17.0,69.6,41.4,7.0,18.0,1002.6,17.5,1.0,0,0.75,0.59
2013-01-23,2013,1,23,23,0.0,22.1,16.8,62.8,25.8,7.8,13.0,1001.4,14.9,1.0,0,0.27,0.59
2013-01-24,2013,1,24,24,0.0,23.4,18.7,74.7,31.6,8.1,12.1,1006.5,19.1,1.0,0,0.16,0.59
2013-01-25,2013,1,25,25,0.0,22.1,16.3,74.8,51.1,5.8,11.0,997.7,16.2,1.0,0,0.13,0.59
2013-01-26,2013,1,26,26,0.0,22.0,16.0,72.9,53.5,5.1,10.9,1005.8,17.2,1.0,0,0.13,0.59
2013-01-27,2013,1,27,27,0.0,22.0,16.8,70.2,36.1,7.9,16.0,1006.9,15.6,1.0,0,0.0,0.59
2013-01-28,2013,1,28,28,0.0,22.4,16.5,69.5,37.3,9.0,13.1,1005.8,16.9,1.0,0,0.0,0.52
2013-01-29,2013,1,29,29,0.89,22.0,17.8,68.3,36.7,7.4,7.1,1003.6,16.8,1.0,0,0.13,0.55
2013-01-30,2013,1,30,30,0.0,22.4,16.8,67.4,31.3,8.3,13.0,1002.5,16.5,1.0,0,0.13,0.53
2013-01-31,2013,1,31,31,7.95,22.1,17.1,65.7,56.7,7.3,14.9,1007.5,15.0,1.0,0,1.26,0.77
2013-02-01,2013,2,1,32,1.68,22.0,16.5,62.9,32.2,8.7,16.9,1005.6,15.5,1.0,0,1.5,0.83
2013-02-02,2013,2,2,33,0.0,22.0,16.0,62.9,43.2,7.0,10.6,1002.1,14.5,1.0,0,1.5,0.73
2013-02-03,2013,2,3,34,0.0,22.0,17.1,58.1,14.3,9.2,9.5,1003.6,13.0,1.03,0,1.5,0.73
2013-02-04,2013,2,4,35,0.0,23.9,18.4,61.0,42.2,7.0,13.6,1007.3,16.0,1.0,0,1.5,0.73
2013-02-05,2013,2,5,36,1.1,22.0,17.7,66.3,51.7,5.8,9.8,1007.4,15.9,1.0,0,1.53,0.76
2013-02-06,2013,2,6,37,0.72,24.5,16.0,57.0,34.0,7.7,11.9,1004.9,15.4,1.0,0,1.64,0.79
2013-02-07,2013,2,7,38,0.0,22.0,16.7,61.6,37.3,7.6,16.0,1008.3,14.1,1.0,0,0.5,0.79
2013-02-08,2013,2,8,39,0.0,24.8,16.8,64.2,40.4,7.2,10.7,1005.3,16.8,1.0,0,0.26,0.74
2013-02-09,2013,2,9,40,0.0,22.4,17.9,61.9,35.4,6.8,11.8,1003.5,15.1,1.0,0,0.26,0.74
2013-02-10,2013,2,10,41,0.74,22.7,17.4,63.8,30.4,8.6,9.0,1002.0,15.6,1.0,0,0.37,0.76
2013-02-11,2013,2,11,42,0.0,22.8,16.0,65.7,25.7,8.7,5.0,1009.1,15.4,1.0,0,0.37,0.76
2013-02-12,2013,2,12,43,0.0,24.2,16.1,68.3,39.1,7.3,12.3,1000.8,17.5,1.0,0,0.21,0.76
2013-02-13,2013,2,13,44,0.1,23.8,17.0,61.3,19.5,9.8,10.9,1004.8,17.0,1.25,0,0.12,0.76
2013-02-14,2013,2,14,45,0.0,23.7,16.7,62.8,35.0,7.8,12.1,1008.9,16.3,1.0,0,0.12,0.61
2013-02-15,2013,2,15,46,0.0,23.5,17.3,55.0,19.6,10.0,6.2,1004.6,13.7,1.28,0,0.12,0.5
2013-02-16,2013,2,16,47,0.0,22.8,17.0,66.1,21.6,9.5,6.4,1007.3,15.8,1.0,0,0.12,0.48
2013-02-17,2013,2,17,48,1.1,25.4,17.3,60.6,11.3,10.5,10.4,1006.5,17.9,1.17,0,0.17,0.51
2013-02-18,2013,2,18,49,1.72,24.0,18.6,65.6,26.0,8.9,9.1,1005.8,17.1,1.0,0,0.42,0.56
2013-02-19,2013,2,19,50,1.87,24.8,19.2,62.9,37.0,7.3,5.4,1005.1,17.5,1.0,0,0.68,0.6
2013-02-20,2013,2,20,51,0.0,24.3,17.6,72.0,37.4,8.4,5.5,1004.2,19.1,1.0,0,0.67,0.6
2013-02-21,2013,2,21,52,0.0,23.5,18.6,70.2,27.3,9.7,7.8,1004.0,18.7,1.0,0,0.67,0.6
2013-02-22,2013,2,22,53,0.0,27.8,18.5,65.3,21.3,9.1,7.0,1003.5,20.3,1.0,0,0.67,0.6
2013-02-23,2013,2,23,54,0.0,26.2,19.7,64.3,40.6,8.0,5.0,1004.1,18.3,1.0,0,0.67,0.6
2013-02-24,2013,2,24,55,0.0,23.6,18.9,63.5,9.2,10.3,5.8,1005.3,16.3,1.0,0,0.51,0.6
2013-02-25,2013,2,25,56,0.0,27.6,20.6,60.5,24.7,8.3,8.0,1003.4,19.5,1.35,0,0.27,0.6
2013-02-26,2013,2,26,57,0.0,26.0,19.1,59.1,15.5,9.5,8.4,1005.5,17.4,1.0,0,0.0,0.6
2013-02-27,2013,2,27,58,0.0,23.1,16.4,58.3,25.4,8.3,5.0,1004.6,14.1,1.0,0,0.0,0.6
2013-02-28,2013,2,28,59,0.0,26.1,20.0,59.4,24.9,10.4,10.5,1009.7,17.0,1.0,0,0.0,0.57
2013-03-01,2013,3,1,60,1.84,25.5,19.5,64.4,34.2,8.0,9.7,1008.8,17.5,1.0,0,0.26,0.63
2013-03-02,2013,3,2,61,8.58,25.3,19.6,64.5,37.9,8.0,9.6,1004.4,18.3,1.53,0,1.49,0.65
2013-03-03,2013,3,3,62,24.44,26.7,17.0,61.7,15.8,10.9,14.8,999.5,17.7,1.12,0,4.98,1.41
2013-03-04,2013,3,4,63,2.32,25.8,20.0,72.8,23.9,8.6,10.0,1006.0,20.7,1.0,0,5.31,1.48
2013-03-05,2013,3,5,64,0.0,22.3,19.9,60.7,23.7,8.9,5.0,1008.0,14.2,1.0,0,5.31,1.48
2013-03-06,2013,3,6,65,0.25,23.4,17.1,70.0,36.3,7.6,5.0,1000.6,18.4,1.0,0,5.35,1.49
2013-03-07,2013,3,7,66,0.0,24.3,19.8,59.5,27.0,8.4,10.1,1006.2,16.2,1.0,0,5.35,1.46
2013-03-08,2013,3,8,67,5.86,28.7,19.3,62.7,15.4,10.6,5.5,1006.4,21.9,1.16,0,5.92,1.63
2013-03-09,2013,3,9,68,1.76,26.8,19.1,65.5,26.9,10.4,9.3,1005.5,19.9,1.2,0,4.95,1.69
2013-03-10,2013,3,10,69,2.14,26.7,19.1,60.7,29.3,9.7,9.0,1005.7,17.7,1.28,0,1.76,1.76
2013-03-11,2013,3,11,70,0.77,26.2,16.9,62.8,16.0,9.0,7.0,1004.0,18.2,1.0,0,1.54,1.78
2013-03-12,2013,3,12,71,12.34,24.8,19.2,64.4,21.5,10.2,5.6,1004.6,15.9,1.2,0,3.3,2.17
2013-03-13,2013,3,13,72,29.39,24.1,20.3,68.1,29.6,10.0,11.8,1003.0,18.1,1.3,0,7.47,3.15
2013-03-14,2013,3,14,73,7.09,27.9,18.5,69.9,22.5,9.0,5.0,1003.4,22.5,1.0,0,8.48,3.39
2013-03-15,2013,3,15,74,0.0,29.0,19.5,55.7,19.2,8.9,9.4,1004.5,19.0,1.63,0,7.64,3.38
2013-03-16,2013,3,16,75,2.08,27.7,19.1,59.4,21.4,10.6,11.9,1001.9,18.6,1.09,0,7.69,3.45
2013-03-17,2013,3,17,76,0.0,26.1,19.2,67.7,24.5,9.5,6.2,1002.9,20.2,1.0,0,7.38,3.45
2013-03-18,2013,3,18,77,2.11,26.3,17.6,60.0,24.9,9.7,8.2,1002.7,18.6,1.4,0,7.57,3.52
2013-03-19,2013,3,19,78,0.0,28.1,20.7,55.0,17.8,10.2,10.5,1005.9,18.5,1.28,0,5.81,3.49
2013-03-20,2013,3,20,79,0.28,27.0,20.0,62.8,13.6,11.2,6.3,1003.4,19.6,1.35,0,1.65,3.44
2013-03-21,2013,3,21,80,6.8,27.1,19.1,63.1,16.4,10.6,6.2,1006.6,18.9,1.02,0,1.61,3.6
2013-03-22,2013,3,22,81,9.44,26.6,21.6,66.0,30.1,9.0,10.3,1003.7,19.2,1.2,0,2.96,3.92
2013-03-23,2013,3,23,82,1.92,26.6,21.3,61.3,15.3,10.9,5.0,1005.2,17.9,1.16,0,2.94,3.98
2013-03-24,2013,3,24,83,5.85,27.5,20.3,58.3,25.0,10.1,5.0,1003.3,18.5,1.0,0,3.77,4.18
2013-03-25,2013,3,25,84,4.44,25.4,22.0,63.1,26.8,9.5,5.0,1005.6,17.2,1.0,0,4.1,4.32
2013-03-26,2013,3,26,85,0.0,28.9,22.5,65.1,31.0,8.5,6.3,1005.3,22.0,1.0,0,4.1,4.32
2013-03-27,2013,3,27,86,38.74,25.3,19.5,68.9,28.7,9.3,13.0,1005.7,19.3,1.0,0,9.6,5.61
2013-03-28,2013,3,28,87,5.6,29.8,19.4,59.0,15.0,10.9,6.0,1006.6,21.0,1.63,0,9.43,5.8
2013-03-29,2013,3,29,88,10.82,27.6,18.2,63.8,32.1,9.0,5.2,1001.1,21.1,1.09,0,9.62,6.16
2013-03-30,2013,3,30,89,0.0,28.3,20.1,59.2,5.2,12.1,7.9,1007.3,20.7,1.08,0,9.35,6.16
2013-03-31,2013,3,31,90,3.24,29.5,20.6,60.3,26.1,10.0,5.0,1003.8,21.6,1.16,0,8.98,6.21
2013-04-01,2013,4,1,91,8.56,28.3,19.2,68.7,35.4,8.7,9.9,1003.7,22.5,1.0,0,9.57,6.21
2013-04-02,2013,4,2,92,27.6,27.8,20.2,70.0,18.7,10.0,15.0,1006.3,21.4,1.0,0,13.51,6.31
2013-04-03,2013,4,3,93,0.0,29.5,22.2,66.7,24.5,10.0,10.9,1005.0,22.6,1.05,0,7.97,6.24
2013-04-04,2013,4,4,94,5.41,32.5,21.7,63.4,19.5,8.7,9.1,1003.9,25.7,1.0,0,7.95,6.42
2013-04-05,2013,4,5,95,0.0,30.5,20.6,61.5,32.9,10.0,7.7,1007.7,22.5,1.2,0,6.4,6.41
2013-04-06,2013,4,6,96,37.11,28.3,23.1,79.5,54.8,8.3,11.5,999.4,24.2,1.0,0,11.7,7.64
2013-04-07,2013,4,7,97,0.0,29.1,20.1,61.5,40.5,8.3,8.0,1005.9,20.6,1.0,0,11.24,7.45
2013-04-08,2013,4,8,98,11.1,29.0,22.4,63.8,37.5,8.4,11.1,1002.0,21.2,1.0,0,11.6,7.76
2013-04-09,2013,4,9,99,4.32,28.3,21.6,58.5,33.5,9.0,11.0,1003.7,19.7,1.05,0,8.28,7.83
2013-04-10,2013,4,10,100,0.0,30.9,22.1,56.9,41.8,8.7,11.3,1005.9,21.1,1.01,0,8.28,7.81
2013-04-11,2013,4,11,101,9.36,29.6,22.5,62.7,26.0,10.6,7.4,1000.0,21.8,1.71,0,8.84,7.71
2013-04-12,2013,4,12,102,0.0,30.8,23.6,59.4,25.8,10.3,10.8,1009.0,21.8,1.37,0,8.84,6.73
2013-04-13,2013,4,13,103,0.2,26.5,23.1,55.0,33.6,10.1,6.0,1006.2,16.6,1.0,0,3.57,6.5
2013-04-14,2013,4,14,104,19.98,31.6,23.7,67.7,30.2,9.8,12.3,1004.6,24.8,1.1,0,6.42,7.17
2013-04-15,2013,4,15,105,1.84,29.8,21.3,55.0,15.7,12.3,7.3,1002.9,19.5,1.6,0,5.1,7.16
2013-04-16,2013,4,16,106,0.0,29.3,22.2,65.8,19.4,10.9,5.0,1002.2,22.0,1.0,0,4.48,7.16
2013-04-17,2013,4,17,107,7.5,29.0,21.5,56.5,21.3,9.9,13.7,1004.5,19.8,1.0,0,5.55,7.34
2013-04-18,2013,4,18,108,0.0,29.7,21.2,61.6,22.1,8.6,11.1,1003.6,21.0,1.0,0,4.22,7.34
2013-04-19,2013,4,19,109,0.13,30.6,23.9,61.5,17.4,10.4,5.0,1004.1,22.2,1.34,0,4.24,7.33
2013-04-20,2013,4,20,110,17.26,32.7,20.6,72.9,20.1,10.4,11.0,1006.3,26.0,1.39,0,6.67,7.68
2013-04-21,2013,4,21,111,0.0,30.8,22.4,61.6,33.1,9.4,6.6,1004.5,22.0,1.0,0,3.82,7.37
2013-04-22,2013,4,22,112,3.79,33.1,22.5,62.6,43.2,7.7,9.4,1005.7,23.8,1.0,0,4.1,7.43
2013-04-23,2013,4,23,113,3.24,32.2,23.0,64.1,14.1,10.8,9.8,1005.1,23.7,1.0,0,4.56,7.34
2013-04-24,2013,4,24,114,6.66,34.6,22.0,62.3,16.2,9.1,11.2,1007.7,26.0,1.78,0,4.44,7.42
2013-04-25,2013,4,25,115,6.0,31.3,22.5,62.2,20.6,11.3,5.7,1001.5,23.0,1.0,0,5.3,7.62
2013-04-26,2013,4,26,116,0.33,32.8,25.8,62.6,14.7,11.9,5.0,1003.7,25.4,1.29,0,5.33,6.34
2013-04-27,2013,4,27,117,0.0,34.2,23.3,60.6,20.3,10.9,10.3,1002.7,25.9,1.54,0,2.86,6.15
2013-04-28,2013,4,28,118,0.0,33.4,22.6,64.4,25.9,10.1,5.0,1009.4,26.0,1.22,0,2.86,5.79
2013-04-29,2013,4,29,119,0.0,32.3,24.1,58.5,28.2,9.8,7.0,998.7,23.1,1.24,0,2.32,5.79
2013-04-30,2013,4,30,120,13.62,32.0,24.0,71.4,31.3,9.2,10.1,1004.7,25.9,1.0,0,3.8,6.13
2013-05-01,2013,5,1,121,3.73,29.9,26.3,65.9,40.5,9.5,8.1,1005.9,23.4,1.14,0,3.38,5.97
2013-05-02,2013,5,2,122,23.03,32.6,23.7,70.5,29.1,9.0,14.0,1003.4,26.0,1.26,0,5.82,5.82
2013-05-03,2013,5,3,123,8.38,31.7,24.7,60.0,23.0,8.7,5.0,1002.3,22.7,1.01,0,6.97,6.1
2013-05-04,2013,5,4,124,5.47,32.4,22.8,68.5,50.0,7.6,6.1,1002.8,25.5,1.0,0,7.75,6.1
2013-05-05,2013,5,5,125,25.22,33.4,23.5,79.2,44.8,8.7,10.6,1003.7,26.0,1.0,0,11.35,6.94
2013-05-06,2013,5,6,126,9.04,31.1,23.7,65.0,34.9,8.9,9.1,1004.2,23.6,1.0,0,12.64,6.01
2013-05-07,2013,5,7,127,4.75,32.1,22.7,68.8,25.5,10.8,5.1,1002.6,25.8,1.0,0,11.37,6.16
2013-05-08,2013,5,8,128,0.84,34.3,24.7,63.3,30.0,10.8,10.8,1005.2,26.0,1.15,0,10.96,5.82
2013-05-09,2013,5,9,129,14.35,31.9,25.0,64.8,34.1,9.2,7.1,1004.4,25.5,1.29,0,9.72,6.16
2013-05-10,2013,5,10,130,16.18,33.9,24.9,66.8,36.4,10.4,7.7,1004.6,26.0,1.14,0,10.84,6.7
2013-05-11,2013,5,11,131,0.6,32.0,22.9,63.7,32.4,7.5,11.5,1006.2,24.1,1.0,0,10.14,6.4
2013-05-12,2013,5,12,132,0.0,35.0,23.8,65.8,41.2,7.6,8.1,1002.4,26.0,1.0,0,6.54,6.4
2013-05-13,2013,5,13,133,0.0,35.3,24.5,58.3,18.2,11.4,12.5,1004.2,25.8,1.75,0,5.25,6.4
2013-05-14,2013,5,14,134,8.43,36.3,23.7,65.2,38.5,9.1,5.0,1001.3,26.0,1.0,0,5.77,6.01
2013-05-15,2013,5,15,135,0.0,36.4,22.7,64.6,33.3,8.6,7.3,1006.0,26.0,1.24,0,5.65,5.95
2013-05-16,2013,5,16,136,6.61,35.1,26.4,62.6,38.2,8.5,13.5,1001.5,26.0,1.0,0,4.55,6.17
2013-05-17,2013,5,17,137,0.0,32.1,27.1,66.5,40.8,10.2,7.6,1003.2,24.8,1.0,0,2.23,5.92
2013-05-18,2013,5,18,138,1.16,34.9,26.8,72.5,35.1,10.0,11.5,1003.8,26.0,1.61,0,2.31,5.96
2013-05-19,2013,5,19,139,4.0,35.7,25.8,66.7,33.4,7.3,8.1,1004.9,26.0,1.0,0,2.89,6.09
2013-05-20,2013,5,20,140,15.16,35.3,24.8,74.4,47.8,7.4,13.5,1002.4,26.0,1.0,0,5.05,6.02
2013-05-21,2013,5,21,141,0.0,37.7,28.0,60.6,25.2,9.9,9.1,1002.5,26.0,1.43,0,3.85,6.02
2013-05-22,2013,5,22,142,6.56,37.2,27.0,66.3,35.6,9.6,16.9,1005.1,26.0,1.55,0,4.78,6.11
2013-05-23,2013,5,23,143,21.25,35.4,24.8,77.7,48.3,8.0,13.9,1003.4,26.0,1.26,0,6.88,6.71
2013-05-24,2013,5,24,144,0.11,36.6,27.7,60.9,41.4,9.2,8.4,1001.1,26.0,1.0,0,6.89,6.49
2013-05-25,2013,5,25,145,1.69,33.4,26.1,64.5,36.8,9.1,7.8,1004.4,25.0,1.0,0,6.97,6.35
2013-05-26,2013,5,26,146,7.92,36.0,27.6,74.8,44.7,8.2,13.7,1004.8,26.0,1.06,0,7.53,6.6
2013-05-27,2013,5,27,147,15.97,33.9,28.0,70.7,42.2,8.8,16.4,1004.4,26.0,1.1,0,7.64,7.14
2013-05-28,2013,5,28,148,0.0,35.6,25.3,59.1,36.7,8.4,8.2,1004.1,25.8,1.0,0,7.64,7.14
2013-05-29,2013,5,29,149,0.0,35.0,26.0,65.1,38.7,9.0,14.8,1008.9,26.0,1.0,0,6.71,7.14
2013-05-30,2013,5,30,150,35.9,35.1,26.5,85.0,53.3,8.5,18.6,1002.9,26.0,1.0,0,8.8,7.88
2013-05-31,2013,5,31,151,0.0,34.9,26.4,73.6,47.5,6.2,11.4,1007.0,26.0,1.0,0,8.78,7.75
2013-06-01,2013,6,1,152,324.47,35.6,25.1,82.7,66.9,6.1,23.1,1001.9,26.0,1.0,1,54.89,17.8
2013-06-02,2013,6,2,153,156.42,35.5,26.6,82.3,78.5,2.8,27.9,1004.6,26.0,1.0,1,76.11,22.74
2013-06-03,2013,6,3,154,126.78,37.4,26.1,92.7,97.6,3.3,24.7,1002.2,26.0,1.0,1,91.94,26.78
2013-06-04,2013,6,4,155,90.61,36.1,26.2,79.3,62.8,6.4,24.2,1005.4,26.0,1.0,1,104.88,28.96
2013-06-05,2013,6,5,156,138.07,36.5,24.7,81.3,70.8,6.2,21.7,1002.0,26.0,1.0,1,124.61,33.26
2013-06-06,2013,6,6,157,86.2,37.1,26.4,87.6,87.7,3.1,23.8,1002.9,26.0,1.0,1,131.79,35.98
2013-06-07,2013,6,7,158,187.58,37.2,28.0,81.0,85.9,3.5,29.9,1002.1,26.0,1.0,1,158.59,42.2
2013-06-08,2013,6,8,159,90.12,35.2,27.3,85.4,71.2,6.2,23.8,1002.6,26.0,1.0,1,125.11,44.73
2013-06-09,2013,6,9,160,159.04,36.5,26.4,79.9,70.2,6.5,28.9,1003.1,26.0,1.0,1,125.49,49.49
2013-06-10,2013,6,10,161,179.63,37.3,27.5,91.1,68.0,4.9,17.7,998.4,26.0,1.0,1,133.04,55.46
2013-06-11,2013,6,11,162,123.75,35.7,28.0,83.5,68.2,5.3,23.0,1005.3,26.0,1.0,1,137.77,59.58
2013-06-12,2013,6,12,163,148.37,35.6,26.1,83.0,81.1,3.6,27.0,999.6,26.0,1.0,1,139.24,64.53
2013-06-13,2013,6,13,164,103.5,35.4,28.0,82.1,92.3,4.0,26.7,1005.2,26.0,1.0,1,141.71,67.7
2013-06-14,2013,6,14,165,242.32,37.5,25.8,81.6,91.6,3.7,22.0,1004.1,26.0,1.0,1,149.53,75.77
2013-06-15,2013,6,15,166,95.82,36.8,26.6,84.4,90.1,4.0,29.6,1004.6,26.0,1.0,1,150.35,78.75
2013-06-16,2013,6,16,167,75.27,37.1,26.5,76.0,62.6,6.3,35.0,1001.6,26.0,1.34,1,138.38,81.26
2013-06-17,2013,6,17,168,124.51,34.7,28.0,82.3,96.1,1.2,31.3,1002.3,26.0,1.0,1,130.51,85.37
2013-06-18,2013,6,18,169,324.67,37.5,25.9,87.2,93.0,2.6,29.5,1004.2,26.0,1.0,1,159.21,96.06
2013-06-19,2013,6,19,170,204.87,37.7,28.0,87.8,77.0,4.7,22.4,999.6,26.0,1.0,1,167.28,102.38
2013-06-20,2013,6,20,171,545.5,37.9,27.0,87.4,79.2,3.6,27.7,1000.6,26.0,1.0,1,230.42,120.56
2013-06-21,2013,6,21,172,40.09,38.0,27.5,81.0,74.9,3.3,20.2,999.4,26.0,1.14,1,201.53,121.68
2013-06-22,2013,6,22,173,80.7,36.5,28.0,93.2,94.2,3.9,28.0,1004.5,26.0,1.0,1,199.37,123.66
2013-06-23,2013,6,23,174,91.75,38.0,27.9,91.2,86.9,3.2,22.4,1002.1,26.0,1.0,1,201.73,126.72
2013-06-24,2013,6,24,175,287.04,38.0,28.0,88.3,87.6,4.2,27.8,1004.3,26.0,1.0,1,224.95,136.23
2013-06-25,2013,6,25,176,74.19,38.0,28.0,87.2,87.7,4.8,24.4,1004.1,26.0,1.08,1,189.16,138.44
2013-06-26,2013,6,26,177,203.42,37.3,28.0,87.3,93.5,2.7,25.5,1005.0,26.0,1.0,1,188.96,144.69
2013-06-27,2013,6,27,178,77.03,38.0,28.0,85.8,89.9,3.5,26.3,1001.7,26.0,1.0,1,122.03,147.25
2013-06-28,2013,6,28,179,93.73,36.7,27.6,88.5,80.4,5.0,22.3,1000.1,26.0,1.0,1,129.69,150.38
2013-06-29,2013,6,29,180,196.83,37.1,27.6,93.8,96.8,2.6,30.6,1002.9,26.0,1.0,1,146.28,155.74
2013-06-30,2013,6,30,181,198.98,37.6,28.0,88.5,97.6,2.9,29.0,1002.2,26.0,1.0,1,161.6,162.38
2013-07-01,2013,7,1,182,145.07,37.6,27.9,95.5,100.0,3.2,27.3,1004.2,26.0,1.0,1,141.32,156.4
2013-07-02,2013,7,2,183,132.41,38.0,28.0,88.0,95.8,1.5,23.3,1003.0,26.0,1.0,1,149.64,155.59
2013-07-03,2013,7,3,184,168.69,38.0,28.0,96.9,94.6,4.4,23.9,1004.1,26.0,1.0,1,144.68,156.99
2013-07-04,2013,7,4,185,224.36,38.0,27.2,90.1,100.0,2.8,30.6,1004.9,26.0,1.0,1,165.72,161.45
2013-07-05,2013,7,5,186,72.01,38.0,26.6,92.9,77.0,5.0,24.7,999.6,26.0,1.0,1,162.62,159.25
2013-07-06,2013,7,6,187,192.55,37.7,28.0,98.0,100.0,2.6,25.2,998.5,26.0,1.0,1,162.01,162.79
2013-07-07,2013,7,7,188,173.59,38.0,27.1,98.0,100.0,3.9,23.6,999.6,26.0,1.0,1,158.38,162.33
2013-07-08,2013,7,8,189,67.85,36.4,28.0,85.4,89.4,2.5,26.5,1000.6,26.0,1.0,1,147.35,161.58
2013-07-09,2013,7,9,190,18.97,37.8,24.7,88.7,67.8,6.2,16.6,1002.3,26.0,1.0,1,131.15,156.92
2013-07-10,2013,7,10,191,170.24,37.9,27.1,89.0,97.5,3.8,26.6,1000.7,26.0,1.0,1,131.37,156.6
2013-07-11,2013,7,11,192,57.33,36.0,28.0,92.4,83.0,5.2,28.1,1003.8,26.0,1.0,1,107.51,154.39
2013-07-12,2013,7,12,193,112.95,38.0,26.9,94.9,100.0,3.2,28.7,1003.3,26.0,1.0,1,113.35,153.21
2013-07-13,2013,7,13,194,326.97,38.0,28.0,97.0,100.0,2.2,24.4,1002.2,26.0,1.0,1,132.56,160.66
2013-07-14,2013,7,14,195,190.58,38.0,28.0,88.7,94.5,3.6,27.6,1003.3,26.0,1.0,1,134.98,158.93
2013-07-15,2013,7,15,196,283.06,38.0,26.9,89.4,100.0,3.2,30.0,1004.0,26.0,1.0,1,165.73,165.17
2013-07-16,2013,7,16,197,82.38,36.0,28.0,90.1,95.9,3.1,30.5,1001.4,26.0,1.0,1,174.79,165.41
2013-07-17,2013,7,17,198,87.89,38.0,26.0,96.1,100.0,2.0,34.8,1003.8,26.0,1.0,1,163.02,164.19
2013-07-18,2013,7,18,199,215.86,37.2,28.0,95.8,100.0,2.4,31.6,998.8,26.0,1.0,1,185.67,160.56
2013-07-19,2013,7,19,200,48.7,37.0,28.0,93.8,81.8,4.3,25.6,1001.7,26.0,1.0,1,176.49,155.36
2013-07-20,2013,7,20,201,384.61,38.0,27.5,90.6,100.0,1.8,33.0,1004.2,26.0,1.0,1,184.73,149.99
2013-07-21,2013,7,21,202,128.56,38.0,27.7,96.0,100.0,3.0,32.3,1000.1,26.0,1.08,1,175.87,152.94
2013-07-22,2013,7,22,203,93.65,37.1,26.3,92.5,100.0,2.6,21.2,1000.2,26.0,1.0,1,148.81,153.38
2013-07-23,2013,7,23,204,46.31,37.7,26.7,90.4,100.0,3.8,23.0,1001.3,26.0,1.0,1,143.65,151.86
2013-07-24,2013,7,24,205,130.19,38.0,28.0,95.6,100.0,1.8,29.9,1002.3,26.0,1.0,1,149.7,146.63
2013-07-25,2013,7,25,206,244.29,36.3,27.4,90.4,100.0,2.6,25.7,1002.2,26.0,1.0,1,153.76,152.3
2013-07-26,2013,7,26,207,197.51,33.5,28.0,98.0,97.4,3.8,27.9,1003.5,26.0,1.0,1,175.02,152.11
2013-07-27,2013,7,27,208,481.54,38.0,28.0,91.2,100.0,1.9,33.3,1005.1,26.0,1.0,1,188.86,165.59
2013-07-28,2013,7,28,209,289.64,38.0,26.1,95.5,100.0,1.3,29.6,1002.7,26.0,1.0,1,211.88,172.12
2013-07-29,2013,7,29,210,137.24,35.2,28.0,98.0,100.0,2.8,32.4,1004.1,26.0,1.0,1,218.1,170.13
2013-07-30,2013,7,30,211,134.78,37.5,25.7,91.4,100.0,1.0,31.8,1002.3,26.0,1.0,1,230.74,167.99
2013-07-31,2013,7,31,212,187.18,36.7,26.9,92.2,100.0,2.9,34.4,1001.3,26.0,1.0,1,238.88,169.4
2013-08-01,2013,8,1,213,242.91,37.6,27.6,98.0,100.0,0.8,30.4,1004.6,26.0,1.0,1,238.69,173.08
2013-08-02,2013,8,2,214,125.83,34.3,27.7,93.8,100.0,2.6,34.9,1001.9,26.0,1.0,1,228.45,171.65
2013-08-03,2013,8,3,215,50.2,35.4,26.5,98.0,97.2,3.6,30.6,999.8,26.0,1.0,1,166.83,165.85
2013-08-04,2013,8,4,216,225.98,38.0,27.3,98.0,100.0,2.3,28.5,1004.0,26.0,1.0,1,157.73,170.98
2013-08-05,2013,8,5,217,94.71,37.0,28.0,92.9,100.0,2.5,33.1,1004.2,26.0,1.0,1,151.66,167.72
2013-08-06,2013,8,6,218,145.84,38.0,28.0,98.0,100.0,2.2,31.5,1003.4,26.0,1.0,1,153.24,166.79
2013-08-07,2013,8,7,219,58.4,38.0,28.0,98.0,99.4,3.6,27.3,1002.5,26.0,1.0,1,134.84,166.48
2013-08-08,2013,8,8,220,419.37,35.6,26.0,94.0,100.0,1.9,35.0,1002.1,26.0,1.0,1,160.05,179.82
2013-08-09,2013,8,9,221,269.42,38.0,27.4,98.0,100.0,3.7,32.8,1001.2,26.0,1.0,1,180.56,183.13
2013-08-10,2013,8,10,222,54.77,38.0,27.5,98.0,100.0,2.7,24.7,1004.7,26.0,1.0,1,181.21,183.04
2013-08-11,2013,8,11,223,158.47,36.7,24.7,98.0,100.0,2.8,33.6,1001.0,26.0,1.0,1,171.57,184.56
2013-08-12,2013,8,12,224,92.95,37.4,26.5,98.0,100.0,3.3,32.7,999.4,26.0,1.0,1,171.32,176.76
2013-08-13,2013,8,13,225,167.53,37.9,27.5,98.0,100.0,1.8,30.0,1004.0,26.0,1.0,1,174.42,175.99
2013-08-14,2013,8,14,226,77.7,36.4,26.6,98.0,100.0,2.7,34.9,1002.0,26.0,1.0,1,177.17,169.15
2013-08-15,2013,8,15,227,66.45,33.4,25.9,98.0,100.0,1.6,32.3,1003.8,26.0,1.0,1,126.76,168.62
2013-08-16,2013,8,16,228,102.61,37.3,27.1,97.7,100.0,3.8,28.2,1002.4,26.0,1.0,1,102.93,169.11
2013-08-17,2013,8,17,229,287.74,37.6,28.0,98.0,100.0,2.4,34.1,1003.3,26.0,1.0,1,136.21,171.5
2013-08-18,2013,8,18,230,211.09,38.0,26.8,95.1,100.0,2.9,31.0,1001.0,26.0,1.0,1,143.72,176.92
2013-08-19,2013,8,19,231,249.48,34.5,23.9,89.5,100.0,4.1,33.6,1004.9,26.0,1.0,1,166.09,172.41
2013-08-20,2013,8,20,232,148.54,34.5,27.8,98.0,100.0,3.2,30.9,1000.0,26.0,1.0,1,163.37,173.08
2013-08-21,2013,8,21,233,109.37,35.0,24.8,98.0,100.0,2.3,34.7,998.8,26.0,1.0,1,167.9,173.6
2013-08-22,2013,8,22,234,152.98,35.7,24.9,98.0,100.0,4.4,35.0,1001.0,26.0,1.0,1,180.26,177.16
2013-08-23,2013,8,23,235,98.43,36.6,26.5,95.0,100.0,1.5,32.1,1001.8,26.0,1.0,1,179.66,176.1
2013-08-24,2013,8,24,236,50.68,34.1,26.5,95.4,89.9,3.0,27.4,1004.5,26.0,1.0,1,145.8,169.64
2013-08-25,2013,8,25,237,66.12,37.1,25.3,98.0,100.0,2.5,31.0,1001.2,26.0,1.0,1,125.09,165.26
2013-08-26,2013,8,26,238,201.26,36.9,26.9,98.0,100.0,1.8,34.8,1001.4,26.0,1.0,1,118.2,155.92
2013-08-27,2013,8,27,239,286.2,36.8,25.9,98.0,100.0,2.5,32.5,1002.5,26.0,1.0,1,137.86,155.81
2013-08-28,2013,8,28,240,165.07,34.9,24.0,98.0,100.0,1.6,33.5,999.7,26.0,1.0,1,145.82,156.74
2013-08-29,2013,8,29,241,96.27,31.9,24.6,98.0,100.0,2.2,29.4,1006.0,26.0,1.0,1,137.72,155.45
2013-08-30,2013,8,30,242,27.0,37.5,25.3,93.0,96.9,1.8,26.5,1001.6,26.0,1.0,1,127.51,150.11
2013-08-31,2013,8,31,243,118.62,34.1,25.7,98.0,100.0,1.4,32.1,1003.6,26.0,1.0,1,137.22,145.97
2013-09-01,2013,9,1,244,135.37,36.0,24.9,98.0,100.0,3.0,34.9,1002.9,26.0,1.0,1,147.11,146.29
2013-09-02,2013,9,2,245,71.91,35.0,23.2,98.0,100.0,2.8,34.3,999.3,26.0,1.0,1,128.63,147.01
2013-09-03,2013,9,3,246,100.18,36.4,24.5,98.0,100.0,1.6,35.0,1002.4,26.0,1.0,1,102.06,142.82
2013-09-04,2013,9,4,247,375.13,34.5,26.1,98.0,100.0,2.1,33.9,1001.5,26.0,1.0,1,132.07,152.16
2013-09-05,2013,9,5,248,39.65,34.6,25.3,92.9,87.8,4.6,26.5,1003.2,26.0,1.0,1,123.98,148.63
2013-09-06,2013,9,6,249,177.37,34.6,26.2,98.0,100.0,2.3,35.0,1004.7,26.0,1.0,1,145.46,152.59
2013-09-07,2013,9,7,250,137.49,34.9,26.0,98.0,100.0,1.6,35.0,1004.4,26.0,1.0,1,148.16,143.2
2013-09-08,2013,9,8,251,45.57,32.3,22.9,98.0,100.0,2.0,29.0,1003.4,26.0,1.0,1,135.33,135.73
2013-09-09,2013,9,9,252,45.52,36.8,24.1,98.0,100.0,2.1,32.5,1001.2,26.0,1.0,1,131.56,135.43
2013-09-10,2013,9,10,253,98.03,33.8,25.6,98.0,100.0,1.4,35.0,1001.3,26.0,1.0,1,131.25,133.41
2013-09-11,2013,9,11,254,75.9,34.6,25.3,98.0,100.0,2.4,35.0,1003.8,26.0,1.0,1,88.5,132.84
2013-09-12,2013,9,12,255,118.25,35.9,25.2,98.0,100.0,2.5,35.0,1000.9,26.0,1.0,1,99.73,131.2
2013-09-13,2013,9,13,256,279.19,33.5,25.7,98.0,100.0,2.8,35.0,1002.4,26.0,1.0,1,114.28,137.92
2013-09-14,2013,9,14,257,160.34,31.9,26.0,98.0,100.0,2.1,33.6,1002.9,26.0,1.0,1,117.54,141.05
2013-09-15,2013,9,15,258,41.44,31.7,22.3,98.0,100.0,1.5,29.9,999.6,26.0,1.0,1,116.95,139.01
2013-09-16,2013,9,16,259,119.77,32.5,23.8,98.0,100.0,2.4,32.4,1001.8,26.0,1.0,1,127.56,133.41
2013-09-17,2013,9,17,260,87.74,33.5,25.0,98.0,100.0,2.4,35.0,1003.1,26.0,1.0,1,126.09,129.3
2013-09-18,2013,9,18,261,109.08,33.6,25.0,98.0,100.0,1.4,32.6,1001.5,26.0,1.0,1,130.83,124.62
2013-09-19,2013,9,19,262,39.43,34.5,26.1,98.0,98.3,2.8,30.7,1005.2,26.0,1.0,1,119.57,120.98
2013-09-20,2013,9,20,263,23.9,30.3,25.7,98.0,100.0,3.3,26.1,1000.4,26.0,1.0,1,83.1,118.13
2013-09-21,2013,9,21,264,35.6,32.8,25.2,98.0,100.0,3.2,30.4,1005.0,26.0,1.0,1,65.28,114.22
2013-09-22,2013,9,22,265,61.26,33.3,23.2,98.0,100.0,0.8,34.6,1005.6,26.0,1.0,1,68.11,112.98
2013-09-23,2013,9,23,266,56.31,33.1,24.7,98.0,100.0,2.9,33.1,1004.5,26.0,1.0,1,59.05,113.17
2013-09-24,2013,9,24,267,37.77,28.5,25.9,98.0,100.0,2.0,28.5,1004.7,26.0,1.0,1,51.91,112.22
2013-09-25,2013,9,25,268,125.06,31.4,25.3,98.0,100.0,1.5,35.0,1001.1,26.0,1.0,1,54.19,109.68
2013-09-26,2013,9,26,269,96.45,33.1,23.8,98.0,100.0,0.0,31.6,999.7,26.0,1.0,1,62.34,103.36
2013-09-27,2013,9,27,270,87.25,30.5,25.0,98.0,100.0,2.4,35.0,1002.7,26.0,1.0,1,71.39,100.76
2013-09-28,2013,9,28,271,146.38,29.8,23.4,98.0,100.0,2.5,35.0,1001.0,26.0,1.0,1,87.21,102.43
2013-09-29,2013,9,29,272,90.68,32.3,23.4,98.0,100.0,1.5,31.6,1001.8,26.0,1.0,1,91.41,104.55
2013-09-30,2013,9,30,273,192.46,31.8,22.7,98.0,100.0,1.2,35.0,1000.6,26.0,1.0,1,110.86,107.02
2013-10-01,2013,10,1,274,17.51,31.5,21.2,92.1,89.8,2.7,19.9,1001.4,26.0,1.0,1,107.97,103.09
2013-10-02,2013,10,2,275,20.6,30.1,23.9,98.0,100.0,2.4,28.0,1004.0,26.0,1.0,1,93.05,101.38
2013-10-03,2013,10,3,276,23.22,28.9,22.6,92.4,99.8,2.9,23.8,1001.2,26.0,1.0,1,82.59,98.81
2013-10-04,2013,10,4,277,29.53,32.2,22.8,96.8,100.0,1.2,27.5,1002.8,26.0,1.0,1,74.34,87.29
2013-10-05,2013,10,5,278,13.5,35.6,23.1,94.2,100.0,1.5,26.4,1001.7,26.0,1.0,1,55.36,86.42
2013-10-06,2013,10,6,279,24.15,28.1,21.7,98.0,100.0,1.3,30.1,1001.8,26.0,1.0,1,45.85,81.31
2013-10-07,2013,10,7,280,54.67,31.9,23.4,98.0,100.0,1.8,31.3,997.9,26.0,1.0,1,26.17,78.55
2013-10-08,2013,10,8,281,7.87,29.9,22.1,80.9,84.0,3.1,23.1,1001.9,26.0,1.0,1,24.79,77.3
2013-10-09,2013,10,9,282,0.86,30.5,22.0,92.5,84.1,2.8,19.8,1005.6,26.0,1.0,1,21.97,75.81
2013-10-10,2013,10,10,283,37.37,29.8,18.2,98.0,100.0,3.0,29.0,999.9,26.0,1.0,1,23.99,73.78
2013-10-11,2013,10,11,284,7.1,33.1,22.1,97.1,97.5,0.7,20.0,1003.6,26.0,1.0,1,20.79,71.49
2013-10-12,2013,10,12,285,17.21,28.5,20.7,92.3,92.8,1.6,27.6,1002.6,26.0,1.0,1,21.32,68.12
2013-10-13,2013,10,13,286,54.29,28.6,21.3,98.0,100.0,1.7,31.5,1004.1,26.0,1.0,1,25.62,60.63
2013-10-14,2013,10,14,287,9.16,29.5,20.7,88.7,83.8,3.9,25.5,1000.8,26.0,1.0,1,19.12,55.59
2013-10-15,2013,10,15,288,55.45,30.1,20.7,98.0,100.0,2.6,34.1,1002.3,26.0,1.0,1,25.92,56.05
2013-10-16,2013,10,16,289,16.07,31.1,21.2,98.0,100.0,1.6,26.8,1001.5,26.0,1.0,1,28.09,52.6
2013-10-17,2013,10,17,290,45.09,29.7,22.0,98.0,100.0,2.2,33.2,1005.7,26.0,1.0,1,29.2,51.18
2013-10-18,2013,10,18,291,14.26,29.2,23.1,90.1,100.0,0.2,22.9,1007.1,26.0,1.0,1,30.22,48.02
2013-10-19,2013,10,19,292,6.79,28.0,21.4,98.0,99.2,1.1,23.8,1005.8,26.0,1.0,1,28.73,46.93
2013-10-20,2013,10,20,293,9.59,29.3,20.5,83.5,96.8,1.4,21.2,1005.4,25.6,1.0,1,22.34,46.45
2013-10-21,2013,10,21,294,21.2,27.4,20.6,98.0,100.0,2.5,21.6,1001.8,26.0,1.0,1,24.06,45.97
2013-10-22,2013,10,22,295,26.11,28.6,22.0,98.0,94.6,2.6,24.5,1002.0,26.0,1.0,1,19.87,44.8
2013-10-23,2013,10,23,296,133.76,27.8,21.3,98.0,100.0,1.7,34.1,1001.6,26.0,1.0,1,36.69,47.38
2013-10-24,2013,10,24,297,21.03,26.5,19.2,98.0,95.6,2.2,27.2,1003.0,25.8,1.0,1,33.25,46.82
2013-10-25,2013,10,25,298,17.01,30.2,19.8,92.9,97.5,1.7,24.5,1001.4,26.0,1.0,1,33.64,43.22
2013-10-26,2013,10,26,299,15.86,26.3,20.5,91.5,92.3,2.6,26.5,1000.7,25.4,1.0,1,34.94,40.53
2013-10-27,2013,10,27,300,2.66,27.0,20.1,84.0,88.2,2.9,28.6,1003.4,23.9,1.0,1,33.95,37.71
2013-10-28,2013,10,28,301,5.9,25.1,19.6,90.4,100.0,1.2,19.8,1002.9,23.3,1.0,1,31.76,33.03
2013-10-29,2013,10,29,302,43.63,27.1,19.9,98.0,100.0,1.2,30.1,999.8,26.0,1.0,1,34.26,31.46
2013-10-30,2013,10,30,303,31.04,27.9,20.4,92.7,97.6,2.0,23.9,1005.8,26.0,1.0,1,19.59,26.08
2013-10-31,2013,10,31,304,33.98,25.7,20.5,98.0,93.2,1.6,29.7,1004.1,25.2,1.0,1,21.44,26.63
2013-11-01,2013,11,1,305,41.4,24.2,20.0,96.3,100.0,2.2,30.0,1003.4,24.1,1.0,1,24.92,27.33
2013-11-02,2013,11,2,306,68.74,26.3,20.9,98.0,100.0,1.1,27.2,1001.7,26.0,1.0,1,32.48,28.84
2013-11-03,2013,11,3,307,2.98,26.5,20.3,89.6,72.0,3.1,20.3,1004.2,24.9,1.0,1,32.52,27.96
2013-11-04,2013,11,4,308,10.33,26.2,18.4,98.0,97.8,1.7,30.2,1005.4,26.0,1.0,1,33.16,27.85
2013-11-05,2013,11,5,309,5.67,28.9,19.1,94.7,81.6,4.1,18.0,1005.4,26.0,1.0,1,27.73,27.24
2013-11-06,2013,11,6,310,49.44,26.9,19.3,98.0,100.0,2.2,24.8,1004.7,26.0,1.0,1,30.36,27.06
2013-11-07,2013,11,7,311,20.24,26.6,19.2,92.2,96.8,1.2,26.0,1002.9,25.6,1.0,1,28.4,27.47
2013-11-08,2013,11,8,312,79.95,26.6,18.3,98.0,100.0,1.0,33.1,1004.9,26.0,1.0,1,33.91,30.11
2013-11-09,2013,11,9,313,22.5,26.5,18.6,96.1,83.5,3.9,20.5,1000.6,26.0,1.0,1,27.3,29.61
2013-11-10,2013,11,10,314,12.89,25.2,20.2,91.2,100.0,1.9,25.1,999.6,23.7,1.0,1,28.72,29.81
2013-11-11,2013,11,11,315,5.77,24.4,17.9,92.4,81.8,3.0,24.3,1003.0,23.8,1.0,1,28.07,29.43
2013-11-12,2013,11,12,316,101.05,29.3,18.6,98.0,100.0,0.7,27.8,1000.9,26.0,1.0,1,41.69,30.99
2013-11-13,2013,11,13,317,25.99,25.3,20.4,89.8,95.2,2.5,30.8,1002.4,23.4,1.0,1,38.34,31.55
2013-11-14,2013,11,14,318,66.5,25.4,18.7,98.0,100.0,0.3,33.5,1003.2,24.7,1.0,1,44.95,31.91
2013-11-15,2013,11,15,319,28.72,25.4,21.6,96.0,100.0,0.0,25.7,1000.4,25.1,1.0,1,37.63,32.34
2013-11-16,2013,11,16,320,13.17,24.1,20.6,89.4,91.8,3.4,19.7,1005.5,21.7,1.0,1,36.3,31.27
2013-11-17,2013,11,17,321,135.83,25.3,16.0,97.0,100.0,1.3,30.2,1002.0,25.0,1.0,1,53.86,35.32
2013-11-18,2013,11,18,322,68.62,23.1,17.2,95.2,100.0,1.5,27.3,1006.0,22.5,1.0,1,62.84,37.39
2013-11-19,2013,11,19,323,12.32,25.9,18.5,98.0,80.4,3.7,17.5,1002.2,26.0,1.0,1,50.16,37.48
2013-11-20,2013,11,20,324,14.11,24.4,18.0,90.5,91.7,3.0,22.7,1005.8,22.8,1.0,1,48.47,37.24
2013-11-21,2013,11,21,325,15.92,26.3,19.1,94.3,100.0,1.1,21.6,1000.3,25.3,1.0,1,41.24,36.9
2013-11-22,2013,11,22,326,10.33,25.3,19.0,87.1,79.2,3.7,24.0,1003.6,23.6,1.0,1,38.61,32.79
2013-11-23,2013,11,23,327,23.17,25.0,16.3,93.4,90.4,2.6,24.8,1002.7,23.8,1.0,1,40.04,32.86
2013-11-24,2013,11,24,328,18.3,23.2,19.5,92.3,96.3,1.8,23.7,999.2,21.7,1.0,1,23.25,32.9
2013-11-25,2013,11,25,329,44.28,24.4,20.3,93.8,100.0,0.4,26.3,1001.7,22.5,1.0,1,19.78,33.85
2013-11-26,2013,11,26,330,16.59,25.3,16.3,90.4,80.3,3.7,19.3,1004.9,23.8,1.0,1,20.39,34.31
2013-11-27,2013,11,27,331,44.98,24.2,17.4,98.0,91.0,2.8,28.0,1002.0,24.0,1.0,1,24.8,35.61
2013-11-28,2013,11,28,332,5.78,22.0,17.4,80.7,77.2,3.9,20.7,1007.9,18.7,1.0,1,23.35,34.35
2013-11-29,2013,11,29,333,17.27,25.4,19.2,89.8,87.2,2.4,21.1,1001.1,24.2,1.0,1,24.34,33.89
2013-11-30,2013,11,30,334,7.89,24.9,19.5,87.8,86.7,3.2,18.7,1005.6,22.7,1.0,1,22.16,33.02
2013-12-01,2013,12,1,335,0.11,22.0,17.1,85.1,59.6,6.0,18.1,1004.8,19.1,1.0,0,19.56,31.65
2013-12-02,2013,12,2,336,0.9,23.8,17.0,85.9,74.5,4.7,15.7,1002.7,21.8,1.0,0,13.36,29.39
2013-12-03,2013,12,3,337,0.0,24.8,18.7,84.3,75.3,5.2,22.2,1005.7,22.0,1.0,0,10.99,29.29
2013-12-04,2013,12,4,338,3.02,22.6,17.2,87.4,63.6,5.5,13.6,1004.6,20.1,1.0,0,5.0,29.04
2013-12-05,2013,12,5,339,0.0,22.0,17.6,79.3,73.1,4.6,18.6,1005.8,18.2,1.0,0,4.17,28.85
2013-12-06,2013,12,6,340,0.0,22.0,18.5,86.5,68.7,4.1,18.2,1005.3,19.4,1.0,0,1.7,27.21
2013-12-07,2013,12,7,341,0.0,23.1,18.1,80.9,79.3,2.5,19.2,1006.4,19.4,1.0,0,0.58,26.53
2013-12-08,2013,12,8,342,0.0,24.6,17.6,83.7,69.5,5.3,16.3,1007.3,22.6,1.0,0,0.56,23.87
2013-12-09,2013,12,9,343,0.09,22.0,16.0,74.7,66.5,5.7,18.3,1002.8,17.5,1.0,0,0.44,23.12
2013-12-10,2013,12,10,344,1.28,22.0,17.8,83.0,61.2,6.3,21.2,1003.0,18.3,1.0,0,0.63,22.73
2013-12-11,2013,12,11,345,0.0,22.5,18.3,80.1,79.1,3.1,15.5,1003.3,19.2,1.0,0,0.2,22.54
2013-12-12,2013,12,12,346,0.0,23.9,17.9,78.0,74.9,3.7,20.7,1003.0,19.5,1.0,0,0.2,19.17
2013-12-13,2013,12,13,347,0.0,25.5,16.0,84.1,70.4,3.5,16.8,1002.0,23.2,1.0,0,0.2,18.31
2013-12-14,2013,12,14,348,0.0,22.9,17.9,79.6,65.2,3.6,18.5,1004.9,19.6,1.0,0,0.2,16.09
2013-12-15,2013,12,15,349,0.0,22.0,16.1,79.3,73.7,3.9,12.9,1003.8,17.6,1.0,0,0.2,15.13
2013-12-16,2013,12,16,350,0.44,22.0,16.0,72.7,68.4,5.7,19.9,1006.5,16.6,1.0,0,0.25,14.71
2013-12-17,2013,12,17,351,0.0,24.7,16.6,75.2,57.5,5.5,22.9,1007.5,19.9,1.0,0,0.06,10.18
2013-12-18,2013,12,18,352,0.0,22.0,16.0,78.4,58.1,7.0,13.6,1004.9,18.8,1.0,0,0.06,7.89
2013-12-19,2013,12,19,353,0.0,22.8,16.8,74.7,55.1,6.1,15.6,1007.0,18.4,1.0,0,0.06,7.48
2013-12-20,2013,12,20,354,2.46,24.4,16.0,84.2,66.6,4.4,19.9,1004.5,21.7,1.0,0,0.41,7.09
2013-12-21,2013,12,21,355,1.48,22.2,16.4,76.5,59.5,5.6,13.1,1007.0,18.5,1.0,0,0.63,6.61
2013-12-22,2013,12,22,356,0.0,22.0,16.0,72.8,69.1,5.4,18.4,1008.1,16.5,1.0,0,0.63,6.27
2013-12-23,2013,12,23,357,0.0,23.1,16.0,72.0,67.5,5.5,12.4,1003.5,18.9,1.0,0,0.56,5.5
2013-12-24,2013,12,24,358,0.0,22.4,17.0,75.6,59.1,6.2,13.6,1006.4,17.4,1.0,0,0.56,4.89
2013-12-25,2013,12,25,359,4.68,23.0,18.7,81.5,69.1,3.3,18.1,1005.0,19.4,1.0,0,1.23,3.57
2013-12-26,2013,12,26,360,0.0,23.1,16.2,71.9,65.2,4.8,19.2,1004.3,18.2,1.0,0,1.23,3.01
2013-12-27,2013,12,27,361,0.0,23.0,16.5,71.2,74.8,4.2,17.8,1002.5,17.3,1.0,0,0.88,1.51
2013-12-28,2013,12,28,362,0.0,22.6,17.5,72.8,62.9,5.4,16.1,1005.2,17.7,1.0,0,0.67,1.32
2013-12-29,2013,12,29,363,0.0,23.2,17.0,74.6,62.1,5.5,12.5,1005.0,17.6,1.0,0,0.67,0.74
2013-12-30,2013,12,30,364,0.0,24.1,17.0,70.4,35.4,8.2,15.0,1004.0,18.1,1.0,0,0.67,0.48
2013-12-31,2013,12,31,365,0.0,22.0,17.3,74.8,65.0,4.8,14.1,1003.5,17.6,1.0,0,0.67,0.48
2014-01-01,2014,1,1,1,5.78,22.0,16.0,83.0,62.4,4.4,17.0,1008.9,18.4,1.0,0,0.83,0.64
2014-01-02,2014,1,2,2,0.0,23.2,16.0,73.8,48.9,6.3,14.5,1003.6,17.3,1.18,0,0.83,0.64
2014-01-03,2014,1,3,3,0.0,22.0,16.8,71.9,46.8,6.5,12.8,1006.4,16.8,1.0,0,0.83,0.54
2014-01-04,2014,1,4,4,0.0,22.0,16.0,77.8,58.6,5.6,16.2,1005.2,18.9,1.0,0,0.83,0.54
2014-01-05,2014,1,5,5,0.0,22.5,16.0,68.5,39.3,8.8,13.2,1006.6,16.1,1.0,0,0.83,0.54
2014-01-06,2014,1,6,6,0.0,22.0,18.2,74.9,44.7,6.9,11.8,1000.1,17.2,1.0,0,0.83,0.54
2014-01-07,2014,1,7,7,1.25,25.2,17.8,73.3,58.4,5.0,13.9,1008.2,20.3,1.0,0,1.0,0.58
2014-01-08,2014,1,8,8,0.0,23.5,16.0,79.1,62.7,6.5,11.3,1003.5,19.5,1.0,0,0.18,0.58
2014-01-09,2014,1,9,9,0.0,23.7,16.0,77.1,64.4,3.8,11.3,1003.1,19.9,1.0,0,0.18,0.54
2014-01-10,2014,1,10,10,4.53,22.1,17.1,66.1,39.2,6.6,17.5,1007.8,15.9,1.03,0,0.83,0.69
2014-01-11,2014,1,11,11,1.45,22.5,17.2,73.1,44.3,7.6,9.7,1005.6,16.5,1.0,0,1.03,0.74
2014-01-12,2014,1,12,12,0.0,22.0,16.0,65.5,46.8,5.2,17.8,1005.1,14.6,1.0,0,1.03,0.74
2014-01-13,2014,1,13,13,0.0,22.0,16.3,75.6,57.8,5.1,16.5,1002.7,17.0,1.0,0,1.03,0.74
2014-01-14,2014,1,14,14,0.0,22.0,16.0,67.0,48.6,6.4,8.9,1003.7,15.5,1.1,0,0.85,0.74
2014-01-15,2014,1,15,15,0.0,25.3,16.0,73.7,49.6,6.1,13.3,1006.7,20.7,1.0,0,0.85,0.72
2014-01-16,2014,1,16,16,0.0,22.7,16.2,74.9,43.4,6.5,13.5,1005.5,17.9,1.0,0,0.85,0.72
2014-01-17,2014,1,17,17,0.0,22.0,16.7,62.8,32.3,8.4,12.8,1001.4,14.0,1.0,0,0.21,0.72
2014-01-18,2014,1,18,18,1.97,23.5,19.1,76.7,36.6,7.9,12.2,1006.9,19.2,1.0,0,0.28,0.79
2014-01-19,2014,1,19,19,0.0,26.1,16.0,74.1,43.3,6.7,10.9,1004.2,20.2,1.0,0,0.28,0.7
2014-01-20,2014,1,20,20,0.0,22.0,18.3,65.1,35.6,7.0,9.7,1007.3,15.1,1.0,0,0.28,0.66
2014-01-21,2014,1,21,21,0.0,23.1,16.0,73.7,40.3,7.3,10.5,1004.7,18.9,1.0,0,0.28,0.66
2014-01-22,2014,1,22,22,0.15,22.0,16.0,64.1,40.9,7.1,15.5,1005.2,14.3,1.0,0,0.3,0.66
2014-01-23,2014,1,23,23,0.0,24.0,17.8,72.3,47.2,7.1,16.3,1006.9,18.8,1.0,0,0.3,0.66
2014-01-24,2014,1,24,24,1.18,22.0,16.0,68.6,36.8,7.5,5.7,1004.2,15.8,1.0,0,0.47,0.54
2014-01-25,2014,1,25,25,0.0,22.4,16.0,62.5,40.2,7.3,11.5,1003.9,13.5,1.0,0,0.19,0.54
2014-01-26,2014,1,26,26,1.77,23.0,17.4,74.7,48.0,7.4,11.7,1002.3,17.7,1.0,0,0.44,0.6
2014-01-27,2014,1,27,27,0.11,22.0,17.2,73.7,38.1,8.9,11.9,1005.3,16.9,1.0,0,0.46,0.61
2014-01-28,2014,1,28,28,2.77,23.1,16.1,69.6,36.0,8.2,10.4,1004.0,17.6,1.0,0,0.85,0.7
2014-01-29,2014,1,29,29,0.0,22.0,18.9,67.3,38.8,6.7,12.9,1006.1,15.5,1.0,0,0.83,0.7
2014-01-30,2014,1,30,30,0.69,25.1,16.2,65.8,29.3,7.7,14.3,1004.4,18.7,1.2,0,0.93,0.72
2014-01-31,2014,1,31,31,1.32,22.0,16.0,69.7,59.9,6.5,13.3,1005.8,17.3,1.0,0,0.95,0.57
2014-02-01,2014,2,1,32,0.0,24.0,16.0,68.2,39.7,7.8,5.0,1005.8,17.5,1.0,0,0.95,0.57
2014-02-02,2014,2,2,33,0.47,22.5,16.0,72.7,30.4,8.4,10.4,1003.7,17.6,1.0,0,0.77,0.59
2014-02-03,2014,2,3,34,0.23,24.7,16.5,67.1,39.5,8.5,9.2,1007.2,18.4,1.0,0,0.78,0.6
2014-02-04,2014,2,4,35,0.85,24.8,18.7,72.0,34.5,10.0,9.3,1003.5,19.4,1.0,0,0.51,0.62
2014-02-05,2014,2,5,36,0.0,22.5,16.0,58.3,39.1,7.3,10.6,1001.7,13.4,1.0,0,0.51,0.62
2014-02-06,2014,2,6,37,1.88,22.9,19.1,69.7,39.0,8.3,5.9,1004.4,16.8,1.0,0,0.68,0.65
2014-02-07,2014,2,7,38,2.29,24.4,16.2,67.2,38.5,8.4,16.1,1001.4,17.2,1.0,0,0.82,0.72
2014-02-08,2014,2,8,39,0.16,23.8,16.4,66.7,12.1,9.4,16.8,1005.3,17.0,1.0,0,0.84,0.73
2014-02-09,2014,2,9,40,6.78,23.0,16.2,75.3,41.9,7.5,12.3,1003.1,18.5,1.0,0,1.74,0.8
2014-02-10,2014,2,10,41,4.98,22.0,16.6,71.5,49.4,6.9,9.3,1006.6,16.7,1.0,0,2.42,0.92
2014-02-11,2014,2,11,42,8.77,23.8,17.0,67.0,47.8,7.5,13.8,1004.6,17.4,1.19,0,3.55,1.21
2014-02-12,2014,2,12,43,0.45,22.0,17.2,61.2,46.4,7.1,7.7,1001.6,15.0,1.0,0,3.62,1.23
2014-02-13,2014,2,13,44,0.0,24.4,17.7,56.6,39.7,7.4,13.5,1005.2,14.5,1.0,0,3.35,1.23
2014-02-14,2014,2,14,45,0.0,25.2,16.0,65.9,30.7,8.1,15.5,1009.6,18.0,1.0,0,3.02,1.23
2014-02-15,2014,2,15,46,0.0,22.3,17.3,68.8,39.7,7.3,9.0,1007.1,17.0,1.0,0,3.0,1.23
2014-02-16,2014,2,16,47,0.0,23.0,18.1,68.8,31.5,8.3,11.4,1007.3,16.9,1.0,0,2.03,1.23
2014-02-17,2014,2,17,48,0.0,22.8,17.5,61.9,32.8,8.5,12.5,1008.6,15.4,1.0,0,1.32,1.16
2014-02-18,2014,2,18,49,0.0,25.4,17.3,68.4,38.6,9.0,7.7,1006.5,19.0,1.0,0,0.06,1.16
2014-02-19,2014,2,19,50,0.01,24.0,17.1,68.3,31.3,10.0,7.8,1004.1,18.2,1.0,0,0.0,1.16
2014-02-20,2014,2,20,51,1.99,23.5,19.1,67.9,38.2,9.1,8.0,1006.9,17.2,1.0,0,0.29,1.23
2014-02-21,2014,2,21,52,0.0,25.1,18.4,63.1,23.0,8.8,10.5,1006.6,17.5,1.0,0,0.29,1.22
2014-02-22,2014,2,22,53,2.45,23.5,17.7,63.7,33.6,10.2,8.3,1003.9,16.3,1.03,0,0.64,1.31
2014-02-23,2014,2,23,54,0.0,24.0,18.6,64.7,29.3,9.2,7.4,1003.8,16.6,1.17,0,0.64,1.27
2014-02-24,2014,2,24,55,0.0,22.7,19.2,65.2,23.6,8.5,14.4,1005.3,16.4,1.23,0,0.64,1.27
2014-02-25,2014,2,25,56,0.0,25.8,16.5,60.4,32.5,8.3,8.3,1001.8,17.8,1.0,0,0.64,1.21
2014-02-26,2014,2,26,57,0.7,23.0,18.8,61.1,13.8,11.1,7.2,1003.7,15.0,1.42,0,0.73,1.23
2014-02-27,2014,2,27,58,6.9,26.9,17.3,66.2,27.1,9.2,13.2,1004.8,20.3,1.32,0,1.44,1.36
2014-02-28,2014,2,28,59,0.0,25.2,19.9,59.5,23.9,8.8,6.8,1002.3,16.8,1.0,0,1.44,1.36
2014-03-01,2014,3,1,60,26.38,24.7,17.3,68.5,47.5,7.1,13.2,1002.9,18.9,1.0,0,4.85,2.22
2014-03-02,2014,3,2,61,12.14,25.0,18.5,59.6,26.0,9.3,9.9,1000.6,16.2,1.0,0,6.59,2.58
2014-03-03,2014,3,3,62,6.11,27.7,18.9,60.3,24.2,9.4,9.2,1001.7,19.4,1.41,0,7.46,2.78
2014-03-04,2014,3,4,63,1.76,23.2,16.4,65.3,34.9,8.0,5.0,1000.7,16.0,1.0,0,7.71,2.83
2014-03-05,2014,3,5,64,0.0,23.4,16.2,65.4,26.4,8.7,9.0,1006.3,16.3,1.13,0,7.61,2.82
2014-03-06,2014,3,6,65,2.05,26.9,18.3,62.1,17.9,9.9,10.5,1003.6,19.0,1.1,0,6.92,2.86
2014-03-07,2014,3,7,66,2.35,24.2,20.9,65.4,44.9,7.6,10.5,1009.0,17.6,1.0,0,7.26,2.94
2014-03-08,2014,3,8,67,0.35,24.6,18.8,55.0,29.5,9.7,13.6,1004.0,15.2,1.0,0,3.54,2.89
2014-03-09,2014,3,9,68,0.44,25.1,19.6,62.9,20.9,11.2,5.0,1004.6,16.3,1.0,0,1.87,2.83
2014-03-10,2014,3,10,69,0.0,27.6,16.0,55.0,20.7,10.4,5.0,1004.7,17.7,1.0,0,0.99,2.82
2014-03-11,2014,3,11,70,4.84,27.3,20.2,59.6,14.0,10.8,10.6,1002.0,18.8,1.0,0,1.43,2.76
2014-03-12,2014,3,12,71,0.73,26.0,19.9,63.7,25.5,9.4,5.4,1005.4,18.4,1.0,0,1.54,2.61
2014-03-13,2014,3,13,72,14.3,26.9,20.2,69.6,37.8,8.1,13.8,1003.7,20.5,1.0,0,3.29,2.8
2014-03-14,2014,3,14,73,16.68,27.0,19.5,59.3,11.7,10.5,11.9,1003.3,18.8,1.53,0,5.33,3.34
2014-03-15,2014,3,15,74,1.82,25.0,18.0,55.0,23.2,10.0,9.5,1004.0,14.9,1.07,0,5.54,3.4
2014-03-16,2014,3,16,75,15.51,25.3,18.8,63.8,15.9,8.8,10.2,1003.3,17.9,1.0,0,7.7,3.92
2014-03-17,2014,3,17,76,0.17,23.7,18.7,55.0,18.2,10.8,6.8,1002.3,13.4,1.0,0,7.72,3.92
2014-03-18,2014,3,18,77,6.18,29.2,20.5,61.4,24.4,9.3,10.3,1005.9,20.4,1.43,0,7.91,4.13
2014-03-19,2014,3,19,78,0.0,26.0,19.6,63.7,23.9,8.9,9.6,1004.6,18.7,1.0,0,7.81,4.13
2014-03-20,2014,3,20,79,8.47,27.2,21.0,57.7,42.0,7.5,10.0,1007.1,18.4,1.0,0,6.98,4.41
2014-03-21,2014,3,21,80,14.66,28.1,20.9,74.0,34.0,8.0,9.0,1004.4,23.0,1.0,0,6.69,4.9
2014-03-22,2014,3,22,81,8.71,26.0,22.3,62.9,19.8,12.0,5.0,1003.9,18.2,1.02,0,7.67,5.12
2014-03-23,2014,3,23,82,6.29,26.3,20.4,64.4,16.7,10.0,6.9,1004.7,19.1,1.0,0,6.35,5.33
2014-03-24,2014,3,24,83,0.0,26.3,20.1,56.0,15.7,10.6,6.4,1006.2,17.0,1.0,0,6.33,5.25
2014-03-25,2014,3,25,84,0.0,23.5,20.6,64.2,25.2,8.9,8.9,1006.6,16.6,1.0,0,5.45,5.25
2014-03-26,2014,3,26,85,0.0,27.9,17.4,61.0,6.5,12.1,12.3,1004.5,20.4,1.2,0,5.45,5.25
2014-03-27,2014,3,27,86,0.0,31.6,20.2,61.0,10.9,10.0,5.0,1006.0,23.0,1.76,0,4.24,5.25
2014-03-28,2014,3,28,87,9.7,27.4,21.5,65.7,28.1,10.0,7.1,1003.7,20.3,1.0,0,3.53,5.55
2014-03-29,2014,3,29,88,19.16,27.6,20.5,61.9,25.2,9.8,8.1,1006.5,20.1,1.1,0,5.02,5.96
2014-03-30,2014,3,30,89,25.75,27.9,20.6,70.3,36.6,8.7,8.3,1003.2,21.8,1.0,0,7.8,6.82
2014-03-31,2014,3,31,90,5.14,29.1,20.7,65.2,17.7,10.8,9.3,1007.2,21.0,1.23,0,8.54,6.11
2014-04-01,2014,4,1,91,1.38,30.1,23.0,55.0,15.7,10.3,9.2,1006.4,20.2,1.26,0,8.73,5.75
2014-04-02,2014,4,2,92,0.65,27.7,21.5,59.3,28.9,9.8,6.9,1005.8,19.8,1.0,0,8.83,5.57
2014-04-03,2014,4,3,93,0.0,29.7,21.1,58.8,25.3,9.3,9.2,1007.2,20.5,1.06,0,8.83,5.51
2014-04-04,2014,4,4,94,0.37,29.0,24.3,60.4,8.3,10.8,15.3,1005.7,19.1,1.01,0,7.49,5.52
2014-04-05,2014,4,5,95,5.1,29.8,19.9,65.3,10.3,10.4,9.6,1001.7,21.8,1.0,0,5.48,5.62
2014-04-06,2014,4,6,96,1.02,30.1,20.8,63.9,14.2,11.6,5.0,1004.2,22.0,1.15,0,1.95,5.58
2014-04-07,2014,4,7,97,14.11,28.1,20.4,65.4,22.5,10.8,10.6,1003.5,20.6,1.57,0,3.23,6.04
2014-04-08,2014,4,8,98,0.0,28.9,20.9,64.0,29.9,10.9,8.6,1005.4,22.0,1.0,0,3.04,6.02
2014-04-09,2014,4,9,99,0.0,30.6,23.4,55.0,10.5,10.9,5.0,1006.7,21.0,1.02,0,2.94,6.02
2014-04-10,2014,4,10,100,5.91,29.8,20.8,64.0,30.2,8.8,8.8,1003.0,23.1,1.49,0,3.79,6.06
2014-04-11,2014,4,11,101,0.0,31.3,22.1,55.0,17.7,10.0,9.1,1001.2,21.8,1.21,0,3.73,6.04
2014-04-12,2014,4,12,102,10.86,29.9,22.7,63.0,24.4,8.5,9.1,1003.0,22.2,1.0,0,4.56,5.92
2014-04-13,2014,4,13,103,0.0,31.9,23.1,62.4,18.6,10.6,11.1,1006.0,23.8,1.84,0,4.41,5.37
2014-04-14,2014,4,14,104,0.12,27.6,21.6,63.4,25.4,9.8,8.3,1004.9,19.4,1.0,0,2.41,5.31
2014-04-15,2014,4,15,105,15.53,31.2,23.1,67.8,37.6,8.1,9.7,1001.6,23.7,1.0,0,4.63,5.31
2014-04-16,2014,4,16,106,14.79,28.9,22.0,72.8,26.4,10.6,5.3,1004.6,23.3,1.0,0,6.74,5.8
2014-04-17,2014,4,17,107,0.0,32.6,22.7,61.2,30.9,8.4,5.0,1005.6,23.3,1.0,0,5.9,5.59
2014-04-18,2014,4,18,108,0.0,30.9,21.5,55.0,28.4,8.6,5.0,1004.7,21.5,1.08,0,5.9,5.59
2014-04-19,2014,4,19,109,10.11,30.7,21.3,56.1,22.6,10.6,11.1,1009.6,20.8,1.49,0,5.79,5.65
2014-04-20,2014,4,20,110,4.74,30.1,23.4,59.2,18.2,11.2,7.0,1001.4,21.3,1.12,0,6.47,5.31
2014-04-21,2014,4,21,111,2.47,32.5,25.9,58.3,34.1,8.4,5.0,1003.0,23.7,1.0,0,6.81,5.11
2014-04-22,2014,4,22,112,3.94,32.5,22.7,63.2,23.0,7.5,7.9,1005.8,24.7,1.0,0,5.15,5.03
2014-04-23,2014,4,23,113,5.72,31.4,23.2,61.7,23.6,9.7,8.3,1004.5,22.3,1.0,0,3.85,5.22
2014-04-24,2014,4,24,114,3.78,32.9,24.1,59.4,27.3,9.0,6.0,1003.7,23.7,1.0,0,4.39,5.34
2014-04-25,2014,4,25,115,9.5,32.4,24.7,63.2,33.6,10.6,10.1,1002.2,24.0,1.15,0,5.75,5.66
2014-04-26,2014,4,26,116,3.85,32.3,24.8,62.1,36.2,9.8,13.4,1001.9,24.4,1.2,0,4.86,5.79
2014-04-27,2014,4,27,117,10.57,33.5,24.3,62.9,32.3,8.8,6.5,1005.6,25.5,1.0,0,5.69,5.82
2014-04-28,2014,4,28,118,3.15,35.2,23.5,63.5,27.6,9.6,9.7,1004.5,26.0,1.16,0,5.79,5.29
2014-04-29,2014,4,29,119,7.66,33.0,24.6,69.2,32.7,9.6,5.6,1005.8,26.0,1.0,0,6.32,4.68
2014-04-30,2014,4,30,120,14.74,33.1,24.4,65.3,21.4,10.3,14.5,1000.4,25.6,1.0,0,7.61,5.0
2014-05-01,2014,5,1,121,2.33,34.2,23.9,63.7,24.6,9.8,5.1,1007.2,25.9,1.0,0,7.4,5.03
2014-05-02,2014,5,2,122,2.48,31.5,25.2,71.9,23.6,10.8,5.0,1006.0,25.5,1.2,0,6.4,5.1
2014-05-03,2014,5,3,123,1.34,32.8,24.7,64.2,34.2,10.0,9.6,1003.7,24.7,1.0,0,6.04,5.14
2014-05-04,2014,5,4,124,1.66,32.6,23.4,67.8,24.6,11.1,5.8,1006.0,26.0,1.0,0,4.77,5.18
2014-05-05,2014,5,5,125,2.09,33.8,23.1,61.9,36.3,9.2,15.2,1005.8,25.8,1.0,0,4.61,5.08
2014-05-06,2014,5,6,126,0.0,33.8,22.5,67.7,26.0,10.3,5.0,1006.8,26.0,1.0,0,3.52,5.05
2014-05-07,2014,5,7,127,17.33,36.2,23.4,66.5,29.4,9.9,6.6,1002.4,26.0,1.11,0,3.89,5.16
2014-05-08,2014,5,8,128,5.54,36.0,24.6,68.2,26.4,9.7,10.2,1002.3,26.0,1.26,0,4.35,5.34
2014-05-09,2014,5,9,129,0.0,31.6,25.9,67.8,19.4,10.7,5.0,1002.2,24.3,1.18,0,3.99,5.34
2014-05-10,2014,5,10,130,20.91,34.5,24.6,77.3,35.5,8.4,7.5,1001.7,26.0,1.0,0,6.79,5.84
2014-05-11,2014,5,11,131,7.83,35.1,25.2,67.7,27.9,8.5,7.2,1000.7,26.0,1.02,0,7.67,6.1
2014-05-12,2014,5,12,132,1.83,34.3,25.7,63.8,38.3,8.7,6.2,1006.1,26.0,1.0,0,7.63,5.8
2014-05-13,2014,5,13,133,0.0,33.5,23.6,58.6,26.0,11.0,7.2,1004.1,23.1,1.19,0,7.63,5.8
2014-05-14,2014,5,14,134,0.0,36.5,24.6,64.0,29.1,9.2,7.3,1002.8,26.0,1.25,0,5.16,5.8
2014-05-15,2014,5,15,135,4.33,35.0,23.8,69.7,31.9,9.6,7.3,1006.3,26.0,1.0,0,4.99,5.42
2014-05-16,2014,5,16,136,0.81,33.1,24.8,67.9,41.9,7.5,12.2,1005.6,26.0,1.0,0,5.1,4.96
2014-05-17,2014,5,17,137,17.89,36.2,25.6,71.5,42.3,8.9,11.9,1003.0,26.0,1.0,0,4.67,5.55
2014-05-18,2014,5,18,138,6.7,35.6,25.5,69.6,29.6,9.2,10.7,1007.6,26.0,1.05,0,4.51,5.78
2014-05-19,2014,5,19,139,5.16,34.0,24.5,74.3,28.8,10.6,10.4,1006.1,26.0,1.0,0,4.98,5.61
2014-05-20,2014,5,20,140,0.48,33.9,26.2,68.4,31.1,8.8,9.7,1005.0,26.0,1.0,0,5.05,5.47
2014-05-21,2014,5,21,141,0.0,34.0,25.9,64.7,43.4,9.4,10.3,1005.3,26.0,1.41,0,5.05,5.39
2014-05-22,2014,5,22,142,0.0,37.1,26.2,65.9,33.5,9.9,11.7,1001.7,26.0,1.0,0,4.43,5.26
2014-05-23,2014,5,23,143,0.0,36.3,26.0,68.8,45.9,7.3,13.6,1002.2,26.0,1.0,0,4.32,5.07
2014-05-24,2014,5,24,144,7.29,36.9,24.9,71.9,54.5,6.5,14.4,1001.8,26.0,1.0,0,2.8,5.18
2014-05-25,2014,5,25,145,0.0,35.9,24.5,75.5,56.4,6.4,18.1,1001.3,26.0,1.26,0,1.85,4.87
2014-05-26,2014,5,26,146,0.0,34.7,26.5,73.3,37.5,9.7,8.2,1004.0,26.0,1.0,0,1.11,4.74
2014-05-27,2014,5,27,147,3.18,34.6,26.6,64.3,30.2,8.3,9.1,1008.8,26.0,1.14,0,1.5,4.49
2014-05-28,2014,5,28,148,0.32,37.5,26.2,64.7,43.0,8.5,13.2,1004.0,26.0,1.0,0,1.54,4.4
2014-05-29,2014,5,29,149,20.39,36.6,28.0,79.9,42.0,7.0,11.3,1003.4,26.0,1.0,0,4.45,4.82
2014-05-30,2014,5,30,150,6.82,35.7,25.7,67.5,41.1,7.2,12.2,1005.6,26.0,1.03,0,5.43,4.56
2014-05-31,2014,5,31,151,0.0,36.2,26.7,68.5,32.7,7.9,18.1,1004.4,26.0,1.09,0,4.39,4.48
2014-06-01,2014,6,1,152,299.56,37.7,26.5,89.5,77.5,4.2,28.6,1002.8,26.0,1.0,1,47.18,14.38
2014-06-02,2014,6,2,153,569.79,37.2,26.4,84.5,78.0,3.8,20.7,1002.0,26.0,1.0,1,128.58,33.33
2014-06-03,2014,6,3,154,91.8,36.3,25.2,86.7,74.2,4.3,19.6,1001.3,26.0,1.0,1,141.24,36.34
2014-06-04,2014,6,4,155,63.53,36.4,26.2,82.8,73.9,4.4,15.0,1002.9,26.0,1.0,1,150.27,38.38
2014-06-05,2014,6,5,156,60.46,35.7,27.8,81.7,68.9,5.5,20.9,1002.0,26.0,1.0,1,155.99,40.4
2014-06-06,2014,6,6,157,26.84,36.7,27.4,70.7,44.0,7.4,14.7,1001.6,26.0,1.0,1,158.85,40.72
2014-06-07,2014,6,7,158,280.3,36.3,27.7,85.5,74.6,4.3,23.8,1002.2,26.0,1.0,1,198.9,49.87
2014-06-08,2014,6,8,159,125.09,36.7,26.0,82.3,75.3,6.8,23.3,1001.2,26.0,1.0,1,173.97,54.04
2014-06-09,2014,6,9,160,215.81,36.1,27.9,90.3,95.4,2.6,23.2,1004.9,26.0,1.0,1,123.4,60.54
2014-06-10,2014,6,10,161,44.87,34.9,25.5,71.7,65.5,4.3,17.8,1004.7,26.0,1.0,1,116.7,61.78
2014-06-11,2014,6,11,162,230.82,38.0,26.7,83.4,66.7,6.6,24.7,1004.5,26.0,1.0,1,140.6,69.41
2014-06-12,2014,6,12,163,35.33,37.9,25.7,86.6,67.7,5.4,21.5,1002.0,26.0,1.0,1,137.01,70.59
2014-06-13,2014,6,13,164,293.45,36.7,28.0,93.7,100.0,1.8,17.6,1000.1,26.0,1.0,1,175.1,80.37
2014-06-14,2014,6,14,165,304.0,36.7,27.2,90.8,90.3,2.7,23.9,1004.3,26.0,1.0,1,178.48,90.36
2014-06-15,2014,6,15,166,213.49,35.2,28.0,89.1,86.8,4.3,21.9,999.1,26.0,1.0,1,191.11,97.45
2014-06-16,2014,6,16,167,93.51,38.0,27.6,79.1,75.9,5.1,26.8,1005.5,26.0,1.0,1,173.64,99.97
2014-06-17,2014,6,17,168,160.34,38.0,27.8,82.6,77.2,4.3,24.1,1006.7,26.0,1.0,1,190.13,105.09
2014-06-18,2014,6,18,169,108.91,37.3,25.9,90.5,91.7,3.5,28.9,1004.6,26.0,1.0,1,172.72,108.55
2014-06-19,2014,6,19,170,219.95,38.0,27.2,82.3,69.9,5.7,28.6,1002.8,26.0,1.0,1,199.09,115.86
2014-06-20,2014,6,20,171,63.43,36.0,26.0,84.9,71.5,5.6,20.7,1000.3,26.0,1.0,1,166.23,117.98
2014-06-21,2014,6,21,172,141.6,37.7,26.7,86.6,88.9,2.9,26.7,1001.9,26.0,1.0,1,143.03,122.7
2014-06-22,2014,6,22,173,85.41,36.6,27.4,89.0,95.4,3.6,29.4,1001.8,26.0,1.0,1,124.74,125.54
2014-06-23,2014,6,23,174,36.79,36.6,26.2,86.7,59.1,5.9,18.7,1003.3,26.0,1.17,1,116.63,126.53
2014-06-24,2014,6,24,175,274.27,37.3,25.8,78.6,83.2,4.2,26.2,1003.3,26.0,1.0,1,132.91,135.67
2014-06-25,2014,6,25,176,55.04,37.1,25.9,87.7,83.3,3.9,20.7,1005.7,26.0,1.0,1,125.21,137.5
2014-06-26,2014,6,26,177,245.11,37.6,28.0,86.5,90.1,3.5,25.9,1001.9,26.0,1.0,1,128.81,145.57
2014-06-27,2014,6,27,178,188.92,38.0,27.1,91.7,100.0,3.5,27.6,1004.5,26.0,1.0,1,146.73,151.85
2014-06-28,2014,6,28,179,226.63,34.7,25.9,82.6,95.2,3.1,28.6,1003.2,26.0,1.0,1,158.88,158.73
2014-06-29,2014,6,29,180,25.41,37.1,27.4,87.6,64.9,6.8,21.1,1002.4,26.0,1.0,1,150.31,159.35
2014-06-30,2014,6,30,181,250.2,38.0,28.0,87.4,94.4,3.2,26.9,1003.1,26.0,1.0,1,180.8,167.69
2014-07-01,2014,7,1,182,15.92,38.0,27.4,80.1,59.4,8.1,15.2,1004.6,26.0,1.09,1,143.89,158.23
2014-07-02,2014,7,2,183,232.49,36.7,25.8,97.3,99.6,2.9,26.3,999.1,26.0,1.0,1,169.24,146.99
2014-07-03,2014,7,3,184,82.76,38.0,27.3,89.5,93.1,2.0,31.1,1000.2,26.0,1.0,1,146.05,146.69
2014-07-04,2014,7,4,185,245.56,38.0,26.6,95.2,100.0,1.7,32.0,1000.0,26.0,1.0,1,154.14,152.76
2014-07-05,2014,7,5,186,75.56,37.9,27.8,90.2,92.5,2.7,26.7,1003.3,26.0,1.0,1,132.56,153.26
2014-07-06,2014,7,6,187,234.54,36.5,27.1,98.0,93.1,2.9,28.8,1003.5,26.0,1.0,1,162.43,160.18
2014-07-07,2014,7,7,188,276.14,37.6,27.8,93.4,85.1,3.4,28.4,1000.3,26.0,1.06,1,166.14,160.05
2014-07-08,2014,7,8,189,160.87,36.3,25.5,94.3,100.0,1.3,28.4,1003.5,26.0,1.0,1,186.85,161.24
2014-07-09,2014,7,9,190,155.38,38.0,27.6,93.2,84.9,3.9,21.5,1001.9,26.0,1.0,1,175.83,159.22
2014-07-10,2014,7,10,191,401.79,38.0,27.2,91.6,100.0,0.8,24.9,1002.5,26.0,1.0,1,221.41,171.12
2014-07-11,2014,7,11,192,99.59,38.0,26.5,96.0,96.5,4.2,30.8,1003.6,26.0,1.0,1,200.55,166.75
2014-07-12,2014,7,12,193,192.65,38.0,27.6,90.3,100.0,2.4,29.3,1001.4,26.0,1.0,1,217.28,171.99
2014-07-13,2014,7,13,194,149.52,38.0,27.1,96.4,100.0,3.8,31.9,1003.6,26.0,1.0,1,205.13,167.19
2014-07-14,2014,7,14,195,257.12,36.5,27.4,97.7,100.0,1.7,28.6,1006.4,26.0,1.0,1,202.42,165.63
2014-07-15,2014,7,15,196,137.35,36.1,26.3,96.1,100.0,2.4,25.5,1002.0,26.0,1.0,1,199.06,163.09
2014-07-16,2014,7,16,197,296.48,34.9,27.7,90.6,100.0,3.2,28.9,1004.9,26.0,1.0,1,219.21,169.86
2014-07-17,2014,7,17,198,204.08,38.0,25.3,96.3,100.0,4.0,32.4,1003.9,26.0,1.0,1,190.97,171.32
2014-07-18,2014,7,18,199,36.04,38.0,27.2,94.5,96.5,3.3,23.8,1001.4,26.0,1.0,1,181.89,168.89
2014-07-19,2014,7,19,200,120.5,38.0,27.4,89.7,100.0,1.4,24.8,1004.1,26.0,1.0,1,171.58,165.57
2014-07-20,2014,7,20,201,450.76,38.0,28.0,89.2,96.4,2.8,26.9,1001.7,26.0,1.0,1,214.62,178.48
2014-07-21,2014,7,21,202,179.17,37.3,27.1,98.0,100.0,1.5,28.0,1004.6,26.0,1.0,1,203.48,179.74
2014-07-22,2014,7,22,203,70.3,38.0,28.0,91.8,97.7,3.4,24.2,1005.4,26.0,1.0,1,193.9,179.23
2014-07-23,2014,7,23,204,201.83,36.4,28.0,98.0,100.0,2.8,28.9,1002.2,26.0,1.0,1,180.38,184.73
2014-07-24,2014,7,24,205,214.17,36.3,27.2,98.0,100.0,3.2,33.0,1000.7,26.0,1.0,1,181.82,182.73
2014-07-25,2014,7,25,206,69.42,38.0,27.3,89.1,100.0,2.9,25.8,1003.9,26.0,1.0,1,186.59,183.21
2014-07-26,2014,7,26,207,37.49,38.0,26.0,86.2,91.4,3.5,26.7,1002.3,26.0,1.0,1,174.73,176.29
2014-07-27,2014,7,27,208,73.84,38.0,26.6,98.0,95.2,1.8,31.2,1002.4,26.0,1.0,1,120.89,172.45
2014-07-28,2014,7,28,209,237.32,38.0,27.5,98.0,100.0,2.2,29.3,1002.1,26.0,1.0,1,129.2,172.81
2014-07-29,2014,7,29,210,121.82,38.0,26.8,98.0,100.0,3.0,32.0,1004.9,26.0,1.0,1,136.56,176.02
2014-07-30,2014,7,30,211,188.35,38.0,28.0,98.0,100.0,1.7,29.7,1001.6,26.0,1.0,1,134.63,173.96
2014-07-31,2014,7,31,212,140.32,37.1,27.9,97.2,100.0,1.5,32.9,1002.1,26.0,1.0,1,124.08,178.11
2014-08-01,2014,8,1,213,320.29,36.2,27.5,98.0,100.0,3.0,35.0,1004.8,26.0,1.0,1,159.92,181.03
2014-08-02,2014,8,2,214,81.83,37.8,27.9,98.0,100.0,2.4,35.0,1001.5,26.0,1.0,1,166.25,181.0
2014-08-03,2014,8,3,215,73.61,34.8,27.5,98.0,100.0,3.2,23.9,1001.3,26.0,1.0,1,166.22,175.27
2014-08-04,2014,8,4,216,450.64,36.8,27.1,98.0,100.0,2.1,30.6,1003.9,26.0,1.0,1,196.69,187.77
2014-08-05,2014,8,5,217,216.77,36.4,26.1,96.2,100.0,2.5,30.2,1003.5,26.0,1.0,1,210.26,187.18
2014-08-06,2014,8,6,218,100.66,38.0,28.0,98.0,100.0,2.2,33.8,999.5,26.0,1.0,1,197.73,181.33
2014-08-07,2014,8,7,219,110.49,37.4,27.7,92.7,100.0,2.5,35.0,999.7,26.0,1.0,1,193.47,179.65
2014-08-08,2014,8,8,220,146.72,38.0,27.3,97.2,100.0,3.9,34.3,1003.3,26.0,1.0,1,168.67,179.36
2014-08-09,2014,8,9,221,159.66,38.0,25.9,98.0,100.0,3.3,33.4,1000.3,26.0,1.0,1,179.79,171.29
2014-08-10,2014,8,10,222,59.91,35.9,28.0,96.3,100.0,3.2,26.3,1003.1,26.0,1.0,1,177.84,169.97
2014-08-11,2014,8,11,223,56.07,37.8,25.9,91.5,100.0,1.5,32.8,1001.1,26.0,1.0,1,121.47,165.42
2014-08-12,2014,8,12,224,183.19,34.2,26.8,95.5,100.0,2.0,31.0,1004.9,26.0,1.0,1,116.67,166.54
2014-08-13,2014,8,13,225,154.14,37.8,26.8,98.0,100.0,2.4,28.2,1003.1,26.0,1.0,1,124.31,163.11
2014-08-14,2014,8,14,226,278.5,35.5,25.0,98.0,100.0,2.0,27.5,999.7,26.0,1.0,1,148.31,167.81
2014-08-15,2014,8,15,227,15.21,35.6,27.1,90.1,92.4,3.7,22.2,1003.9,26.0,1.0,1,129.53,158.44
2014-08-16,2014,8,16,228,104.62,38.0,26.9,98.0,100.0,2.8,35.0,1004.0,26.0,1.0,1,121.66,155.12
2014-08-17,2014,8,17,229,113.08,37.0,25.2,98.0,100.0,1.2,29.9,1002.6,26.0,1.0,1,129.26,157.69
2014-08-18,2014,8,18,230,85.97,36.0,27.3,98.0,100.0,2.1,35.0,1001.2,26.0,1.0,1,133.53,156.54
2014-08-19,2014,8,19,231,44.29,37.7,25.2,96.8,100.0,1.1,25.7,1003.3,26.0,1.0,1,113.69,142.99
2014-08-20,2014,8,20,232,291.57,38.0,25.9,98.0,100.0,1.5,31.5,1003.7,26.0,1.0,1,133.32,146.74
2014-08-21,2014,8,21,233,207.82,34.5,25.3,98.0,100.0,2.7,28.8,1003.4,26.0,1.0,1,123.22,151.32
2014-08-22,2014,8,22,234,274.41,34.9,26.9,98.0,100.0,3.0,35.0,1002.2,26.0,1.0,1,160.25,153.74
2014-08-23,2014,8,23,235,605.07,37.1,26.7,96.9,100.0,0.5,31.8,1004.2,26.0,1.0,1,231.74,166.77
2014-08-24,2014,8,24,236,261.98,36.2,24.7,97.8,100.0,2.3,34.4,999.8,26.0,1.0,1,253.02,173.19
2014-08-25,2014,8,25,237,16.85,32.9,25.2,88.4,100.0,3.1,24.0,1000.4,26.0,1.0,1,243.14,172.5
2014-08-26,2014,8,26,238,45.87,38.0,25.2,96.5,100.0,0.8,27.9,1001.8,26.0,1.0,1,243.37,171.57
2014-08-27,2014,8,27,239,316.43,34.7,26.6,98.0,100.0,2.1,33.9,1005.8,26.0,1.0,1,246.92,174.2
2014-08-28,2014,8,28,240,164.08,33.8,24.9,98.0,100.0,0.6,35.0,1005.7,26.0,1.0,1,240.67,175.61
2014-08-29,2014,8,29,241,187.36,35.3,25.5,98.0,100.0,2.2,35.0,1005.1,26.0,1.0,1,228.23,175.58
2014-08-30,2014,8,30,242,123.64,36.5,25.3,98.0,100.0,3.2,31.4,1002.4,26.0,1.0,1,159.46,175.02
2014-08-31,2014,8,31,243,50.7,36.7,25.1,96.3,100.0,2.4,26.9,998.9,26.0,1.0,1,129.28,166.04
2014-09-01,2014,9,1,244,200.05,35.0,27.5,98.0,100.0,1.8,35.0,1003.3,26.0,1.0,1,155.45,169.98
2014-09-02,2014,9,2,245,82.18,38.0,24.6,98.0,100.0,3.0,33.9,1001.1,26.0,1.0,1,160.63,170.26
2014-09-03,2014,9,3,246,168.36,38.0,25.0,98.0,100.0,1.4,35.0,1003.8,26.0,1.0,1,139.48,160.86
2014-09-04,2014,9,4,247,188.97,35.3,25.6,98.0,100.0,3.4,31.7,1003.2,26.0,1.0,1,143.04,159.93
2014-09-05,2014,9,5,248,74.27,34.4,24.6,98.0,100.0,2.3,30.3,1006.4,26.0,1.0,1,126.88,159.05
2014-09-06,2014,9,6,249,48.17,33.9,24.3,98.0,100.0,1.8,27.5,1006.0,26.0,1.0,1,116.1,156.97
2014-09-07,2014,9,7,250,143.46,34.0,25.4,98.0,100.0,2.4,33.3,1000.9,26.0,1.0,1,129.35,156.86
2014-09-08,2014,9,8,251,45.49,36.4,25.8,98.0,100.0,2.4,29.8,1002.6,26.0,1.0,1,107.27,153.06
2014-09-09,2014,9,9,252,201.41,34.5,26.4,98.0,100.0,3.1,35.0,1001.8,26.0,1.0,1,124.3,157.77
2014-09-10,2014,9,10,253,202.79,35.2,24.5,98.0,100.0,2.5,35.0,1001.4,26.0,1.0,1,129.22,162.66
2014-09-11,2014,9,11,254,314.82,34.8,23.7,98.0,100.0,2.8,31.8,1002.4,26.0,1.0,1,147.2,167.05
2014-09-12,2014,9,12,255,234.97,34.6,23.6,98.0,100.0,2.0,33.8,998.7,26.0,1.0,1,170.16,169.75
2014-09-13,2014,9,13,256,175.95,35.2,26.2,98.0,100.0,1.7,32.2,1001.1,26.0,1.0,1,188.41,166.33
2014-09-14,2014,9,14,257,61.28,34.6,24.8,98.0,100.0,2.0,26.3,1004.6,26.0,1.0,1,176.67,167.86
2014-09-15,2014,9,15,258,112.16,34.0,23.3,98.0,100.0,2.7,34.7,996.0,26.0,1.0,1,186.2,168.11
2014-09-16,2014,9,16,259,187.19,35.9,23.4,98.0,100.0,2.5,31.1,999.1,26.0,1.0,1,184.17,170.59
2014-09-17,2014,9,17,260,57.73,31.0,22.8,98.0,100.0,1.5,33.7,1004.6,26.0,1.0,1,163.44,169.64
2014-09-18,2014,9,18,261,62.65,33.3,23.9,98.0,100.0,1.2,31.4,1005.0,26.0,1.0,1,127.42,170.26
2014-09-19,2014,9,19,262,151.72,32.0,24.5,98.0,100.0,2.5,35.0,999.7,26.0,1.0,1,115.53,165.59
2014-09-20,2014,9,20,263,35.35,34.0,25.7,96.3,100.0,3.4,26.8,1004.7,26.0,1.0,1,95.44,159.85
2014-09-21,2014,9,21,264,115.95,30.1,25.1,98.0,100.0,1.9,35.0,1004.3,26.0,1.0,1,103.25,154.56
2014-09-22,2014,9,22,265,147.16,32.7,23.7,98.0,100.0,2.8,35.0,1002.7,26.0,1.0,1,108.25,139.3
2014-09-23,2014,9,23,266,111.72,33.0,22.7,98.0,100.0,1.0,31.9,1001.9,26.0,1.0,1,97.47,134.29
2014-09-24,2014,9,24,267,130.02,33.9,24.0,96.5,100.0,2.7,35.0,1004.1,26.0,1.0,1,107.8,138.06
2014-09-25,2014,9,25,268,184.2,31.3,21.3,98.0,100.0,1.8,35.0,1001.9,26.0,1.0,1,125.16,142.67
2014-09-26,2014,9,26,269,181.83,36.0,22.3,98.0,100.0,2.4,35.0,1002.7,26.0,1.0,1,129.46,138.19
2014-09-27,2014,9,27,270,40.6,30.8,24.0,98.0,100.0,3.7,31.5,1004.3,26.0,1.0,1,130.21,134.07
2014-09-28,2014,9,28,271,87.01,29.9,24.2,98.0,100.0,2.5,35.0,1001.2,26.0,1.0,1,126.08,130.73
2014-09-29,2014,9,29,272,135.48,32.3,24.6,98.0,100.0,1.2,35.0,1001.6,26.0,1.0,1,124.41,131.12
2014-09-30,2014,9,30,273,117.55,31.1,22.8,98.0,100.0,1.0,32.6,1005.2,26.0,1.0,1,125.24,133.35
2014-10-01,2014,10,1,274,12.36,33.9,24.4,96.1,87.6,1.7,21.5,1001.0,26.0,1.0,1,108.43,127.09
2014-10-02,2014,10,2,275,40.79,28.6,22.3,98.0,100.0,1.9,28.7,1003.9,26.0,1.0,1,87.95,125.71
2014-10-03,2014,10,3,276,34.89,30.9,22.1,97.4,100.0,1.2,28.3,1002.6,26.0,1.0,1,66.95,121.26
2014-10-04,2014,10,4,277,11.38,32.0,22.9,98.0,93.7,1.1,24.0,1004.3,26.0,1.0,1,62.78,115.34
2014-10-05,2014,10,5,278,11.02,29.6,23.8,95.6,100.0,2.8,25.2,1003.6,26.0,1.0,1,51.92,113.24
2014-10-06,2014,10,6,279,14.77,28.4,23.5,94.5,100.0,2.0,24.9,1001.6,26.0,1.0,1,34.68,112.12
2014-10-07,2014,10,7,280,36.25,32.5,23.5,98.0,100.0,2.1,32.2,998.6,26.0,1.0,1,23.07,108.55
2014-10-08,2014,10,8,281,1.79,28.9,22.8,93.9,100.0,1.1,25.1,1001.5,26.0,1.0,1,21.56,107.09
2014-10-09,2014,10,9,282,11.64,31.6,23.2,95.8,98.5,2.7,19.7,1002.4,26.0,1.0,1,17.39,100.77
2014-10-10,2014,10,10,283,27.85,28.5,22.0,98.0,100.0,1.5,25.6,1004.0,26.0,1.0,1,16.39,94.94
2014-10-11,2014,10,11,284,10.79,29.3,22.2,98.0,100.0,1.1,23.9,1004.0,26.0,1.0,1,16.3,84.8
2014-10-12,2014,10,12,285,5.93,30.8,25.1,87.6,90.4,3.1,28.4,1006.2,26.0,1.0,1,15.57,77.17
2014-10-13,2014,10,13,286,5.68,30.0,22.7,95.8,100.0,1.4,22.2,1004.9,26.0,1.0,1,14.28,71.49
2014-10-14,2014,10,14,287,55.86,28.0,21.6,98.0,100.0,2.9,33.4,1002.3,26.0,1.0,1,17.08,71.31
2014-10-15,2014,10,15,288,5.03,30.0,22.4,94.2,100.0,2.0,18.9,1006.3,26.0,1.0,1,17.54,67.74
2014-10-16,2014,10,16,289,14.13,25.8,20.1,91.1,87.9,1.3,23.5,1003.7,24.9,1.0,1,17.9,61.97
2014-10-17,2014,10,17,290,29.79,27.2,20.9,98.0,100.0,2.2,29.2,1004.7,26.0,1.0,1,18.17,61.04
2014-10-18,2014,10,18,291,21.34,31.5,20.9,97.8,99.7,3.9,28.1,1002.7,26.0,1.0,1,19.68,59.66
2014-10-19,2014,10,19,292,8.97,28.4,20.2,88.9,100.0,1.0,28.5,1001.9,26.0,1.0,1,20.11,54.9
2014-10-20,2014,10,20,293,5.19,29.6,23.1,92.8,98.8,0.6,25.1,1004.9,26.0,1.0,1,20.04,53.9
2014-10-21,2014,10,21,294,1.74,29.5,21.5,94.2,96.5,3.6,25.3,1004.2,26.0,1.0,1,12.31,50.09
2014-10-22,2014,10,22,295,15.67,27.8,21.5,91.5,100.0,1.1,23.7,1000.9,26.0,1.0,1,13.83,45.71
2014-10-23,2014,10,23,296,26.86,28.3,20.6,94.2,100.0,1.8,27.0,1005.7,26.0,1.0,1,15.65,42.88
2014-10-24,2014,10,24,297,14.37,26.3,19.2,97.2,97.1,1.0,26.1,1002.9,24.8,1.0,1,13.45,39.03
2014-10-25,2014,10,25,298,58.57,28.1,20.4,98.0,100.0,1.1,34.1,1002.0,26.0,1.0,1,18.77,34.84
2014-10-26,2014,10,26,299,46.85,27.0,19.9,98.0,100.0,1.4,28.0,1000.8,26.0,1.0,1,24.18,30.34
2014-10-27,2014,10,27,300,26.64,30.8,19.1,97.3,100.0,1.9,26.2,1000.4,26.0,1.0,1,27.24,29.87
2014-10-28,2014,10,28,301,19.14,26.4,21.2,98.0,100.0,0.9,25.8,1002.6,24.5,1.0,1,29.73,27.61
2014-10-29,2014,10,29,302,12.75,28.1,19.8,91.7,100.0,1.8,26.6,1005.7,26.0,1.0,1,29.31,23.52
2014-10-30,2014,10,30,303,59.46,26.8,17.9,98.0,97.9,1.1,32.0,1004.0,26.0,1.0,1,33.97,21.58
2014-10-31,2014,10,31,304,14.66,28.3,20.0,91.7,100.0,1.9,20.8,1001.8,26.0,1.0,1,34.01,21.66
2014-11-01,2014,11,1,305,31.52,24.9,19.9,91.7,100.0,1.5,28.2,1002.9,24.0,1.0,1,30.15,21.35
2014-11-02,2014,11,2,306,21.58,26.7,20.7,94.6,89.2,2.6,30.5,1008.0,25.9,1.0,1,26.54,20.91
2014-11-03,2014,11,3,307,23.38,27.6,19.9,94.3,86.0,2.6,21.2,1001.6,26.0,1.0,1,26.07,21.31
2014-11-04,2014,11,4,308,43.83,27.0,18.9,98.0,100.0,2.3,33.9,1002.6,26.0,1.0,1,29.6,22.4
2014-11-05,2014,11,5,309,8.08,27.2,20.1,92.2,91.8,3.1,21.4,1005.4,26.0,1.0,1,28.93,22.18
2014-11-06,2014,11,6,310,10.94,25.1,18.7,88.3,91.5,2.2,20.6,1002.8,23.3,1.0,1,22.0,21.33
2014-11-07,2014,11,7,311,5.77,25.7,20.2,89.5,100.0,1.3,20.6,1000.7,23.9,1.0,1,20.73,21.47
2014-11-08,2014,11,8,312,13.31,26.1,20.7,88.2,78.9,5.3,22.9,1007.3,24.4,1.0,1,18.13,21.52
2014-11-09,2014,11,9,313,4.15,27.2,16.2,87.3,78.6,4.1,21.6,1003.9,24.4,1.0,1,15.64,20.73
2014-11-10,2014,11,10,314,146.95,28.0,18.2,98.0,100.0,2.1,33.2,1004.3,26.0,1.0,1,33.29,25.27
2014-11-11,2014,11,11,315,32.44,23.0,19.6,97.8,100.0,2.7,20.4,1001.4,22.3,1.0,1,31.66,26.16
2014-11-12,2014,11,12,316,6.81,25.2,19.1,82.2,90.3,2.3,23.4,1008.7,22.3,1.0,1,31.48,26.19
2014-11-13,2014,11,13,317,23.18,24.5,20.4,90.5,94.7,3.3,28.7,1006.2,22.6,1.0,1,33.23,25.1
2014-11-14,2014,11,14,318,114.33,24.2,20.3,96.8,100.0,0.0,27.7,1001.9,22.5,1.0,1,48.74,28.75
2014-11-15,2014,11,15,319,42.35,25.7,19.8,93.8,98.4,3.2,27.4,1002.7,25.2,1.0,1,52.89,29.69
2014-11-16,2014,11,16,320,43.59,25.2,16.6,97.7,98.9,1.2,23.5,1002.0,24.4,1.0,1,58.52,30.15
2014-11-17,2014,11,17,321,78.62,23.4,18.4,98.0,100.0,2.0,28.5,1002.7,22.5,1.0,1,48.76,32.06
2014-11-18,2014,11,18,322,24.71,23.2,19.2,91.7,100.0,2.1,26.6,1001.2,22.1,1.0,1,47.66,32.58
2014-11-19,2014,11,19,323,41.72,25.6,18.4,93.2,89.2,2.2,32.3,1001.9,24.6,1.0,1,52.64,33.8
2014-11-20,2014,11,20,324,8.89,23.1,18.2,91.4,83.4,4.0,21.2,999.5,22.2,1.0,1,50.6,34.04
2014-11-21,2014,11,21,325,21.64,23.6,19.7,93.0,89.2,3.4,25.5,1001.7,22.5,1.0,1,37.36,34.24
2014-11-22,2014,11,22,326,39.69,25.9,18.6,92.7,75.4,4.0,18.3,1001.3,24.7,1.0,1,36.98,34.66
2014-11-23,2014,11,23,327,8.81,24.7,17.8,85.9,89.8,1.8,17.8,1002.8,22.0,1.0,1,32.01,34.48
2014-11-24,2014,11,24,328,8.55,26.7,16.6,86.0,83.0,4.4,16.8,1005.3,24.1,1.0,1,22.0,32.81
2014-11-25,2014,11,25,329,19.57,24.1,20.0,94.8,92.8,2.5,25.7,1002.1,23.2,1.0,1,21.27,31.9
2014-11-26,2014,11,26,330,12.37,27.5,18.3,89.8,79.8,4.5,24.8,1006.0,25.3,1.0,1,17.07,31.43
2014-11-27,2014,11,27,331,8.85,23.8,17.3,93.9,88.3,0.8,23.5,1002.6,22.6,1.0,1,17.07,31.08
2014-11-28,2014,11,28,332,12.53,25.8,18.9,89.8,82.6,3.8,22.2,1001.6,24.0,1.0,1,15.77,31.08
2014-11-29,2014,11,29,333,17.09,22.6,16.0,85.3,82.9,2.8,17.4,1004.0,19.7,1.0,1,12.54,29.66
2014-11-30,2014,11,30,334,36.82,22.8,19.8,86.0,97.0,1.8,21.3,1000.6,20.6,1.0,1,16.54,30.4
2014-12-01,2014,12,1,335,1.14,26.3,18.3,79.9,76.9,4.5,26.3,1004.6,22.7,1.0,0,15.48,29.39
2014-12-02,2014,12,2,336,0.0,22.6,20.2,75.1,58.8,4.1,14.6,1001.8,17.4,1.0,0,12.69,28.67
2014-12-03,2014,12,3,337,0.0,23.2,18.2,78.3,71.2,3.8,14.6,1003.5,18.8,1.0,0,10.92,27.89
2014-12-04,2014,12,4,338,0.78,22.5,17.7,81.6,82.9,3.5,17.9,1007.5,19.5,1.0,0,9.77,26.46
2014-12-05,2014,12,5,339,0.0,25.1,16.6,75.7,68.1,3.4,21.6,1006.3,20.6,1.0,0,7.98,26.19
2014-12-06,2014,12,6,340,0.58,22.0,16.8,84.1,79.6,3.8,22.9,1003.5,19.1,1.0,0,5.62,25.84
2014-12-07,2014,12,7,341,0.0,25.2,16.0,78.4,82.4,2.3,19.2,1005.6,21.1,1.0,0,0.36,25.65
2014-12-08,2014,12,8,342,0.25,23.5,19.6,83.5,79.2,5.0,18.7,1005.4,21.3,1.0,0,0.23,25.21
2014-12-09,2014,12,9,343,0.0,23.4,17.3,76.2,72.1,4.8,17.6,1006.7,18.8,1.0,0,0.23,25.08
2014-12-10,2014,12,10,344,0.0,22.9,18.2,82.6,72.4,4.9,16.5,1001.7,20.5,1.0,0,0.23,20.18
2014-12-11,2014,12,11,345,0.28,24.8,18.3,77.6,66.0,4.1,18.7,998.2,20.0,1.0,0,0.16,19.1
2014-12-12,2014,12,12,346,0.0,22.6,16.8,78.3,66.7,4.9,16.4,1004.7,18.7,1.0,0,0.16,18.88
2014-12-13,2014,12,13,347,0.0,22.0,16.0,76.4,77.2,3.5,23.2,1003.9,18.4,1.0,0,0.08,18.11
2014-12-14,2014,12,14,348,0.0,23.6,16.1,78.1,71.9,4.7,12.8,1005.3,19.2,1.0,0,0.08,14.29
2014-12-15,2014,12,15,349,1.08,22.6,16.0,81.3,66.7,5.4,13.1,1007.0,18.9,1.0,0,0.19,12.92
2014-12-16,2014,12,16,350,5.07,25.6,16.0,75.0,63.2,5.1,17.0,1005.3,20.3,1.0,0,0.92,11.63
2014-12-17,2014,12,17,351,0.0,24.0,17.5,86.8,70.0,4.6,12.9,1006.6,21.4,1.0,0,0.92,9.01
2014-12-18,2014,12,18,352,0.0,23.1,18.0,86.6,71.3,4.2,20.3,1004.7,21.2,1.0,0,0.88,8.19
2014-12-19,2014,12,19,353,0.0,24.7,16.8,75.4,59.7,7.0,17.6,1005.1,19.8,1.0,0,0.88,6.8
2014-12-20,2014,12,20,354,0.33,22.0,17.8,81.3,55.8,5.0,19.1,1006.7,19.5,1.0,0,0.93,6.51
2014-12-21,2014,12,21,355,0.0,23.3,17.8,72.1,64.2,4.0,13.8,1006.7,18.4,1.0,0,0.93,5.79
2014-12-22,2014,12,22,356,0.0,22.5,16.3,70.1,55.2,6.2,11.0,1007.3,17.2,1.0,0,0.77,4.47
2014-12-23,2014,12,23,357,2.3,22.0,17.9,85.3,61.3,4.9,17.2,1004.9,19.6,1.0,0,0.38,4.25
2014-12-24,2014,12,24,358,0.0,22.0,16.4,79.3,58.5,4.8,17.0,1003.4,17.8,1.0,0,0.38,3.97
2014-12-25,2014,12,25,359,0.0,23.9,16.1,76.5,54.8,6.3,19.5,1004.8,19.6,1.0,0,0.38,3.32
2014-12-26,2014,12,26,360,2.16,22.0,16.7,79.7,67.7,3.9,15.8,1006.3,18.9,1.0,0,0.68,2.98
2014-12-27,2014,12,27,361,0.0,22.9,16.0,72.7,64.7,5.1,16.5,1006.8,18.2,1.0,0,0.64,2.68
2014-12-28,2014,12,28,362,0.0,22.0,16.5,75.6,63.9,4.9,18.2,1004.2,17.1,1.0,0,0.64,2.26
2014-12-29,2014,12,29,363,1.06,22.0,16.0,76.4,60.1,5.4,14.7,1003.7,17.5,1.0,0,0.79,1.73
2014-12-30,2014,12,30,364,0.0,22.0,17.3,68.8,43.5,6.4,14.4,1006.1,15.2,1.14,0,0.46,0.5
2014-12-31,2014,12,31,365,3.03,24.5,16.0,80.4,63.9,4.4,11.5,1001.6,20.7,1.0,0,0.89,0.56
2015-01-01,2015,1,1,1,0.0,22.0,16.4,72.3,70.2,4.2,15.4,1003.0,16.6,1.0,0,0.89,0.56
2015-01-02,2015,1,2,2,0.0,22.1,18.2,69.2,50.8,7.7,11.5,1005.3,16.2,1.01,0,0.58,0.56
2015-01-03,2015,1,3,3,0.0,22.0,16.5,80.3,44.5,5.8,17.5,1004.0,18.5,1.0,0,0.58,0.54
2015-01-04,2015,1,4,4,0.02,22.8,16.0,78.3,61.6,5.7,15.6,1004.8,18.5,1.0,0,0.59,0.54
2015-01-05,2015,1,5,5,0.0,22.0,16.6,72.2,38.0,6.8,10.1,1003.5,16.6,1.0,0,0.44,0.52
2015-01-06,2015,1,6,6,0.0,22.0,16.1,67.8,41.9,7.5,11.7,1005.0,15.3,1.0,0,0.44,0.52
2015-01-07,2015,1,7,7,0.0,22.0,17.5,74.7,50.4,6.5,14.1,1005.3,16.5,1.0,0,0.0,0.51
2015-01-08,2015,1,8,8,0.0,22.0,16.3,72.6,59.8,5.7,9.7,1006.0,16.2,1.0,0,0.0,0.51
2015-01-09,2015,1,9,9,1.58,22.0,17.7,81.6,56.7,7.2,15.4,1003.7,17.7,1.0,0,0.23,0.56
2015-01-10,2015,1,10,10,5.06,23.7,16.9,79.5,50.1,7.3,13.0,1007.2,20.8,1.0,0,0.95,0.72
2015-01-11,2015,1,11,11,0.61,24.3,17.5,70.1,43.7,7.1,11.4,1003.5,18.1,1.0,0,1.04,0.74
2015-01-12,2015,1,12,12,3.07,24.3,16.3,78.6,44.1,8.3,19.7,1003.9,20.8,1.31,0,1.47,0.85
2015-01-13,2015,1,13,13,0.0,23.7,18.0,76.5,46.1,6.2,11.5,1009.4,19.4,1.0,0,1.47,0.85
2015-01-14,2015,1,14,14,0.0,25.1,16.0,63.8,41.8,6.4,17.0,1001.4,17.2,1.21,0,1.47,0.81
2015-01-15,2015,1,15,15,0.0,22.7,16.0,72.9,48.1,8.1,16.6,1006.4,16.5,1.0,0,1.47,0.64
2015-01-16,2015,1,16,16,0.0,22.8,16.0,75.2,53.2,6.3,16.6,1005.1,17.9,1.0,0,1.25,0.64
2015-01-17,2015,1,17,17,0.0,24.8,16.6,68.5,45.9,7.6,9.8,1004.3,19.0,1.0,0,0.53,0.64
2015-01-18,2015,1,18,18,4.85,22.0,16.8,67.2,35.2,7.2,12.1,1008.3,15.5,1.0,0,1.13,0.8
2015-01-19,2015,1,19,19,1.35,23.5,16.7,82.3,34.5,7.6,15.4,1002.8,20.0,1.0,0,0.89,0.84
2015-01-20,2015,1,20,20,0.0,22.1,18.0,75.7,41.5,8.7,11.4,1007.6,17.9,1.0,0,0.89,0.84
2015-01-21,2015,1,21,21,4.46,24.2,16.8,72.3,62.0,3.8,10.9,1005.1,19.7,1.0,0,1.52,0.98
2015-01-22,2015,1,22,22,0.0,24.0,16.9,60.4,35.3,8.3,15.4,1005.4,15.7,1.0,0,1.52,0.91
2015-01-23,2015,1,23,23,0.0,22.0,17.7,67.1,42.2,8.4,11.1,1003.4,16.0,1.0,0,1.52,0.91
2015-01-24,2015,1,24,24,0.0,22.0,16.0,76.4,33.7,6.8,14.7,1003.9,17.7,1.0,0,1.52,0.91
2015-01-25,2015,1,25,25,0.0,24.3,17.5,73.7,38.7,7.7,12.4,1002.6,18.9,1.0,0,0.83,0.84
2015-01-26,2015,1,26,26,0.0,22.0,18.2,67.0,44.4,5.3,10.3,1006.6,15.8,1.0,0,0.64,0.84
2015-01-27,2015,1,27,27,0.0,22.6,17.5,65.9,42.6,7.2,5.0,1007.9,16.4,1.04,0,0.64,0.84
2015-01-28,2015,1,28,28,0.0,22.0,17.1,73.5,41.9,7.7,10.2,1004.6,16.9,1.0,0,0.0,0.8
2015-01-29,2015,1,29,29,0.56,22.0,17.7,66.8,41.3,7.7,13.2,1005.6,15.7,1.0,0,0.08,0.82
2015-01-30,2015,1,30,30,0.57,24.1,16.0,67.0,48.2,7.6,8.6,1007.1,16.3,1.0,0,0.16,0.74
2015-01-31,2015,1,31,31,0.0,23.2,16.7,68.8,39.4,7.8,6.4,1003.6,17.1,1.0,0,0.16,0.74
2015-02-01,2015,2,1,32,0.0,22.0,16.0,69.2,51.0,6.7,11.3,1004.8,15.9,1.0,0,0.16,0.74
2015-02-02,2015,2,2,33,0.0,22.0,17.3,62.2,36.9,8.3,8.3,1006.8,14.0,1.0,0,0.16,0.74
2015-02-03,2015,2,3,34,0.0,23.8,16.0,68.9,31.7,8.2,6.0,1007.0,18.2,1.0,0,0.16,0.74
2015-02-04,2015,2,4,35,0.0,22.2,18.0,62.2,26.8,9.0,14.3,1006.6,13.7,1.0,0,0.16,0.74
2015-02-05,2015,2,5,36,0.06,23.1,16.5,71.2,34.4,7.2,10.6,1003.2,17.1,1.32,0,0.09,0.74
2015-02-06,2015,2,6,37,0.0,22.7,16.0,64.4,32.4,11.3,12.0,1006.5,15.9,1.55,0,0.01,0.74
2015-02-07,2015,2,7,38,0.0,22.4,16.0,66.8,41.9,7.8,7.4,1002.8,16.5,1.0,0,0.01,0.74
2015-02-08,2015,2,8,39,3.43,24.0,16.0,55.5,41.6,6.9,9.7,1007.8,14.7,1.0,0,0.5,0.8
2015-02-09,2015,2,9,40,0.0,22.0,17.1,68.6,32.4,9.7,11.9,1001.9,15.8,1.13,0,0.5,0.63
2015-02-10,2015,2,10,41,0.0,23.4,18.0,68.9,37.9,9.5,8.4,1005.9,17.3,1.06,0,0.5,0.61
2015-02-11,2015,2,11,42,0.0,23.9,16.5,62.8,32.4,8.0,5.0,1004.2,16.3,1.19,0,0.5,0.51
2015-02-12,2015,2,12,43,0.14,25.4,16.0,59.2,27.5,8.4,8.3,1005.3,16.8,1.0,0,0.51,0.51
2015-02-13,2015,2,13,44,2.36,23.5,17.4,60.0,32.4,9.9,9.4,1001.9,16.0,1.0,0,0.85,0.59
2015-02-14,2015,2,14,45,0.0,22.0,17.4,64.3,35.0,7.3,11.2,1003.1,15.2,1.0,0,0.85,0.59
2015-02-15,2015,2,15,46,0.0,24.6,16.9,59.6,44.5,7.7,9.2,1006.1,16.1,1.0,0,0.36,0.59
2015-02-16,2015,2,16,47,0.0,22.3,16.6,63.7,42.9,7.2,7.5,1005.5,15.3,1.0,0,0.36,0.59
2015-02-17,2015,2,17,48,1.28,22.8,19.2,64.9,40.4,8.5,7.0,1006.7,16.8,1.12,0,0.54,0.47
2015-02-18,2015,2,18,49,0.0,23.1,17.0,64.5,27.2,9.6,12.0,1005.1,15.4,1.0,0,0.54,0.43
2015-02-19,2015,2,19,50,0.0,23.7,16.0,69.2,22.3,9.7,12.1,998.9,17.1,1.0,0,0.52,0.43
2015-02-20,2015,2,20,51,0.0,26.0,17.7,68.5,34.0,8.6,5.0,1006.6,19.2,1.0,0,0.18,0.28
2015-02-21,2015,2,21,52,0.0,25.1,18.5,63.8,13.5,9.7,10.2,1006.6,17.3,1.0,0,0.18,0.28
2015-02-22,2015,2,22,53,0.0,22.6,18.5,65.7,27.6,9.1,5.0,1008.7,16.0,1.0,0,0.18,0.28
2015-02-23,2015,2,23,54,1.14,26.6,16.1,65.0,32.0,8.6,11.4,1004.8,19.0,1.0,0,0.35,0.32
2015-02-24,2015,2,24,55,0.0,26.0,19.5,68.6,20.9,9.2,9.4,1001.4,19.5,1.0,0,0.16,0.32
2015-02-25,2015,2,25,56,0.0,25.1,18.4,63.2,28.6,8.4,11.5,1003.6,16.7,1.0,0,0.16,0.32
2015-02-26,2015,2,26,57,0.0,22.0,18.9,66.1,34.2,7.8,9.8,1006.9,16.4,1.06,0,0.16,0.32
2015-02-27,2015,2,27,58,0.0,23.4,21.4,71.1,29.1,9.6,5.0,1005.3,17.7,1.0,0,0.16,0.32
2015-02-28,2015,2,28,59,0.84,24.8,19.3,64.3,26.9,9.2,9.0,1007.7,18.2,1.19,0,0.28,0.33
2015-03-01,2015,3,1,60,8.01,27.4,19.1,63.7,33.8,7.6,12.8,1006.7,19.8,1.0,0,1.43,0.58
2015-03-02,2015,3,2,61,0.0,27.0,18.2,60.2,37.3,8.8,12.1,1002.8,19.0,1.0,0,1.26,0.58
2015-03-03,2015,3,3,62,9.27,23.7,18.6,62.9,29.2,9.8,5.2,1002.6,16.2,1.0,0,2.59,0.88
2015-03-04,2015,3,4,63,1.71,22.7,17.2,65.6,31.7,8.4,6.2,1002.8,16.3,1.17,0,2.83,0.94
2015-03-05,2015,3,5,64,17.92,25.1,18.8,69.8,30.6,8.3,14.0,1003.9,19.7,1.0,0,5.39,1.54
2015-03-06,2015,3,6,65,0.82,25.7,20.8,60.5,28.5,10.1,8.1,1001.7,16.6,1.0,0,5.51,1.57
2015-03-07,2015,3,7,66,2.42,23.7,19.4,68.8,33.2,10.0,10.4,1004.1,17.3,1.0,0,5.74,1.64
2015-03-08,2015,3,8,67,7.69,24.4,21.7,63.2,30.0,9.8,9.2,1004.9,17.1,1.0,0,5.69,1.9
2015-03-09,2015,3,9,68,2.42,29.0,19.7,62.8,37.9,8.1,5.0,1008.4,21.8,1.0,0,6.04,1.98
2015-03-10,2015,3,10,69,0.0,25.4,19.5,58.0,19.6,9.4,8.9,1005.3,16.5,1.51,0,4.71,1.87
2015-03-11,2015,3,11,70,20.01,25.6,19.1,67.9,31.8,7.1,14.8,1001.2,18.8,1.0,0,7.33,2.53
2015-03-12,2015,3,12,71,0.0,30.4,21.7,57.8,32.9,9.6,6.2,1001.9,21.1,1.0,0,4.77,2.53
2015-03-13,2015,3,13,72,4.27,25.8,18.8,62.5,21.4,8.6,8.2,1006.1,18.2,1.0,0,5.26,2.68
2015-03-14,2015,3,14,73,16.41,24.9,18.6,63.0,34.1,7.8,5.0,1005.0,17.3,1.0,0,7.26,3.22
2015-03-15,2015,3,15,74,12.07,25.5,18.5,63.7,41.3,7.5,7.3,1003.1,18.8,1.0,0,7.88,3.54
2015-03-16,2015,3,16,75,14.14,27.1,22.4,63.5,33.3,9.1,9.6,1002.2,19.1,1.0,0,9.56,4.01
2015-03-17,2015,3,17,76,1.66,26.1,19.9,58.8,24.9,7.3,6.7,1003.3,17.6,1.0,0,9.79,4.07
2015-03-18,2015,3,18,77,0.0,26.7,19.9,57.0,19.4,10.1,5.6,1006.1,16.9,1.55,0,6.94,4.07
2015-03-19,2015,3,19,78,0.0,27.0,20.6,59.2,29.9,10.4,5.0,1004.7,18.0,1.01,0,6.94,4.03
2015-03-20,2015,3,20,79,7.47,31.9,19.7,55.0,14.7,10.0,5.0,1004.8,21.3,1.0,0,7.39,4.28
2015-03-21,2015,3,21,80,6.54,28.4,19.2,66.0,13.9,11.2,14.1,1005.2,21.2,1.69,0,5.98,4.49
2015-03-22,2015,3,22,81,0.53,26.0,19.2,61.8,14.3,10.2,9.6,1005.2,18.4,1.0,0,4.33,4.51
2015-03-23,2015,3,23,82,16.19,27.3,19.3,67.8,29.3,9.3,10.9,1006.3,20.3,1.0,0,4.63,5.05
2015-03-24,2015,3,24,83,0.0,28.9,18.0,59.6,10.9,10.8,5.4,1007.6,20.7,1.0,0,4.39,5.05
2015-03-25,2015,3,25,84,0.0,29.4,20.5,65.3,40.7,7.2,5.0,1005.3,22.0,1.38,0,4.39,5.01
2015-03-26,2015,3,26,85,8.85,25.6,18.7,61.2,16.9,10.7,8.3,1006.7,17.9,1.37,0,5.65,5.31
2015-03-27,2015,3,27,86,8.27,26.0,21.3,57.0,29.9,9.3,5.0,1004.7,16.7,1.0,0,5.77,5.58
2015-03-28,2015,3,28,87,0.0,28.9,21.8,61.2,15.1,10.6,7.5,1008.6,21.0,1.0,0,4.83,5.58
2015-03-29,2015,3,29,88,6.1,27.4,20.1,70.5,27.1,10.6,7.0,1005.5,21.9,1.0,0,5.63,5.79
2015-03-30,2015,3,30,89,2.1,27.3,21.3,66.9,24.8,9.5,9.4,1000.7,20.3,1.0,0,3.62,5.83
2015-03-31,2015,3,31,90,8.06,28.9,21.9,67.3,17.6,10.6,5.0,1005.9,23.1,1.48,0,4.77,5.83
2015-04-01,2015,4,1,91,8.8,30.0,22.9,73.0,29.3,8.6,9.0,1004.8,24.3,1.0,0,6.03,6.12
2015-04-02,2015,4,2,92,0.66,28.5,20.8,58.8,31.8,9.5,6.6,1005.3,19.3,1.0,0,4.86,5.84
2015-04-03,2015,4,3,93,50.99,26.1,19.6,70.6,39.5,7.2,15.9,1000.5,20.3,1.04,0,10.96,7.48
2015-04-04,2015,4,4,94,4.54,28.4,20.3,61.3,24.2,9.8,5.3,1005.1,20.5,1.19,0,11.61,7.03
2015-04-05,2015,4,5,95,0.0,27.6,19.5,55.0,22.9,9.5,5.0,1008.3,17.1,1.0,0,10.74,7.01
2015-04-06,2015,4,6,96,0.0,30.3,22.2,66.1,26.5,9.8,5.0,1005.3,23.8,1.0,0,10.44,6.93
2015-04-07,2015,4,7,97,3.38,32.7,17.8,61.9,8.3,10.7,5.0,1004.1,24.6,1.07,0,9.77,6.78
2015-04-08,2015,4,8,98,0.78,30.2,20.6,58.2,26.9,9.8,11.6,1002.2,21.6,1.14,0,8.62,6.73
2015-04-09,2015,4,9,99,11.6,30.5,21.9,64.3,30.6,9.1,14.9,1002.7,23.2,1.0,0,10.18,7.11
2015-04-10,2015,4,10,100,21.89,31.2,20.7,64.3,29.9,10.3,11.2,1003.5,23.9,1.18,0,6.03,7.18
2015-04-11,2015,4,11,101,0.0,32.2,21.1,60.6,32.0,7.6,10.3,1006.3,23.6,1.19,0,5.38,7.18
2015-04-12,2015,4,12,102,0.0,29.4,23.2,58.4,29.6,8.5,5.0,1003.2,20.5,1.15,0,5.38,7.03
2015-04-13,2015,4,13,103,0.0,30.3,20.9,58.6,24.2,9.3,6.2,1003.8,21.7,1.19,0,5.38,6.49
2015-04-14,2015,4,14,104,4.53,32.0,21.8,59.1,18.7,10.5,7.8,1004.0,22.7,1.34,0,5.54,6.24
2015-04-15,2015,4,15,105,0.0,29.3,23.6,60.8,19.9,10.6,5.9,1003.4,20.9,1.46,0,5.43,5.76
2015-04-16,2015,4,16,106,0.0,28.6,22.1,58.7,20.6,10.6,9.6,1006.3,19.1,1.19,0,3.77,5.71
2015-04-17,2015,4,17,107,15.29,30.3,25.6,72.2,37.1,8.7,10.9,1004.0,24.2,1.0,0,2.83,6.22
2015-04-18,2015,4,18,108,0.0,33.0,24.1,63.0,23.1,9.9,9.3,1003.4,24.9,1.0,0,2.83,6.22
2015-04-19,2015,4,19,109,2.94,31.4,24.2,57.1,24.8,9.3,13.1,1004.6,22.2,1.0,0,3.25,6.07
2015-04-20,2015,4,20,110,0.57,30.7,21.3,63.7,14.6,11.4,5.0,1006.7,23.2,1.0,0,3.33,5.87
2015-04-21,2015,4,21,111,5.35,33.0,22.9,64.9,33.0,8.3,5.0,1005.3,25.5,1.0,0,3.45,6.03
2015-04-22,2015,4,22,112,0.0,32.5,22.8,61.5,32.9,9.3,7.1,1002.2,24.5,1.0,0,3.45,5.49
2015-04-23,2015,4,23,113,0.0,30.6,22.8,60.7,20.0,10.4,8.1,1006.1,22.1,1.35,0,3.45,5.49
2015-04-24,2015,4,24,114,0.79,31.6,22.7,66.5,22.8,8.7,11.0,1005.3,24.5,1.0,0,1.38,5.52
2015-04-25,2015,4,25,115,10.81,30.5,23.3,61.6,22.0,10.4,10.1,1003.8,22.5,1.32,0,2.92,5.58
2015-04-26,2015,4,26,116,13.31,32.4,20.6,66.7,45.8,9.8,7.3,1004.1,25.4,1.0,0,4.4,5.75
2015-04-27,2015,4,27,117,0.0,33.3,22.5,55.0,30.0,10.9,5.0,1006.3,22.0,1.0,0,4.32,5.75
2015-04-28,2015,4,28,118,0.0,28.8,25.7,64.0,25.5,10.7,7.0,1005.8,20.9,1.0,0,3.56,5.55
2015-04-29,2015,4,29,119,0.0,31.0,23.2,61.7,20.0,10.8,10.1,1007.0,22.7,1.1,0,3.56,5.48
2015-04-30,2015,4,30,120,2.4,35.2,23.1,59.3,16.8,9.7,5.8,1005.5,26.0,1.07,0,3.9,5.29
2015-05-01,2015,5,1,121,5.29,32.3,23.9,65.4,35.2,9.1,10.3,1009.4,24.9,1.0,0,4.54,5.17
2015-05-02,2015,5,2,122,19.87,35.4,24.1,75.1,36.2,10.4,15.0,1004.1,26.0,1.34,0,5.84,5.81
2015-05-03,2015,5,3,123,7.65,31.2,21.5,66.4,34.2,8.5,5.0,1003.7,24.5,1.05,0,5.03,4.37
2015-05-04,2015,5,4,124,0.0,32.4,24.4,56.4,36.5,7.5,12.5,1003.4,22.8,1.2,0,5.03,4.22
2015-05-05,2015,5,5,125,1.09,33.7,25.0,63.3,19.5,11.1,13.3,1006.6,25.6,1.18,0,5.19,4.25
2015-05-06,2015,5,6,126,16.44,33.0,25.1,70.5,31.1,8.6,7.0,1002.9,26.0,1.0,0,7.53,4.8
2015-05-07,2015,5,7,127,0.0,35.5,23.4,60.4,30.7,8.5,12.8,1005.6,26.0,1.0,0,7.19,4.69
2015-05-08,2015,5,8,128,6.9,33.5,26.4,75.3,34.7,9.2,9.8,1004.2,26.0,1.0,0,7.42,4.89
2015-05-09,2015,5,9,129,3.48,34.9,26.4,59.3,26.7,10.4,10.4,1004.4,25.6,1.25,0,5.08,4.62
2015-05-10,2015,5,10,130,5.11,32.3,26.4,55.8,35.5,8.9,5.0,1001.1,22.5,1.0,0,4.72,4.06
2015-05-11,2015,5,11,131,9.46,34.5,25.8,64.1,38.5,9.2,9.0,1005.1,26.0,1.0,0,6.07,4.38
2015-05-12,2015,5,12,132,0.0,33.7,24.5,56.2,25.2,10.9,8.3,1005.4,23.7,1.0,0,5.91,4.38
2015-05-13,2015,5,13,133,0.0,32.8,25.0,67.9,27.9,10.0,12.2,1002.8,26.0,1.63,0,3.56,4.38
2015-05-14,2015,5,14,134,21.93,35.1,26.8,76.3,42.9,8.6,11.4,1005.0,26.0,1.0,0,6.7,4.96
2015-05-15,2015,5,15,135,3.6,36.6,22.4,59.8,39.1,8.3,7.6,1001.3,26.0,1.0,0,6.23,5.08
2015-05-16,2015,5,16,136,18.42,33.8,24.4,67.2,25.5,11.4,8.9,1004.1,26.0,1.53,0,8.36,5.69
2015-05-17,2015,5,17,137,5.62,35.4,25.9,62.6,31.9,9.7,10.3,1005.5,26.0,1.07,0,8.43,5.37
2015-05-18,2015,5,18,138,0.0,34.5,25.1,65.0,37.7,9.1,9.8,1005.2,26.0,1.03,0,7.08,5.37
2015-05-19,2015,5,19,139,4.41,35.1,25.0,69.2,31.6,9.0,12.8,1010.3,26.0,1.22,0,7.71,5.42
2015-05-20,2015,5,20,140,6.95,36.3,27.5,74.6,29.3,9.0,8.0,1010.0,26.0,1.15,0,8.7,5.63
2015-05-21,2015,5,21,141,4.31,37.4,26.6,69.4,28.8,8.9,8.4,1002.7,26.0,1.09,0,6.19,5.59
2015-05-22,2015,5,22,142,17.79,37.2,26.9,71.2,45.5,7.6,16.7,1001.7,26.0,1.0,0,8.21,6.19
2015-05-23,2015,5,23,143,6.89,34.3,24.8,67.6,37.4,8.8,14.3,1004.9,26.0,1.33,0,6.57,6.42
2015-05-24,2015,5,24,144,0.0,33.5,25.2,66.7,20.8,10.7,13.3,1003.5,26.0,1.15,0,5.76,6.39
2015-05-25,2015,5,25,145,3.04,32.6,26.4,68.6,34.3,7.6,5.4,1005.9,25.9,1.0,0,6.2,6.13
2015-05-26,2015,5,26,146,0.0,36.6,26.5,66.2,46.7,8.9,7.7,1010.5,26.0,1.0,0,5.57,5.69
2015-05-27,2015,5,27,147,0.0,35.0,28.0,67.3,37.0,8.6,11.4,1005.4,26.0,1.08,0,4.58,5.69
2015-05-28,2015,5,28,148,0.0,37.5,26.6,67.1,42.5,9.5,11.1,1006.1,26.0,1.0,0,3.96,5.69
2015-05-29,2015,5,29,149,7.31,34.4,28.0,64.8,38.6,9.0,10.1,1001.6,26.0,1.27,0,2.46,5.93
2015-05-30,2015,5,30,150,0.0,36.7,27.0,68.2,45.8,8.2,13.1,1003.5,26.0,1.0,0,1.48,5.85
2015-05-31,2015,5,31,151,0.0,33.5,26.0,64.3,42.5,9.2,11.5,1001.0,25.1,1.0,0,1.48,5.68
2015-06-01,2015,6,1,152,134.5,37.0,25.4,83.7,78.1,5.9,24.6,1002.2,26.0,1.17,1,20.26,9.5
2015-06-02,2015,6,2,153,115.97,36.9,27.4,84.9,71.9,5.3,22.4,1005.2,26.0,1.0,1,36.83,13.11
2015-06-03,2015,6,3,154,477.88,34.8,26.0,88.2,84.6,5.2,21.2,1000.5,26.0,1.0,1,105.09,29.04
2015-06-04,2015,6,4,155,382.2,36.8,26.4,83.6,68.2,5.8,25.6,1003.9,26.0,1.01,1,159.69,41.74
2015-06-05,2015,6,5,156,135.37,38.0,25.6,81.3,82.6,4.2,25.0,1002.4,26.0,1.0,1,177.99,45.7
2015-06-06,2015,6,6,157,120.25,37.7,26.7,87.3,89.1,3.4,20.5,1003.1,26.0,1.0,1,195.17,49.71
2015-06-07,2015,6,7,158,23.2,38.0,27.4,77.8,50.8,6.4,15.8,1007.2,26.0,1.0,1,198.48,50.26
2015-06-08,2015,6,8,159,80.72,37.0,26.3,91.5,70.1,3.4,23.1,1004.8,26.0,1.0,1,190.8,52.83
2015-06-09,2015,6,9,160,274.76,37.7,26.0,79.3,87.4,3.3,21.9,1002.5,26.0,1.0,1,213.48,61.82
2015-06-10,2015,6,10,161,39.02,36.2,26.9,78.8,61.6,6.6,18.0,1002.1,26.0,1.0,1,150.79,62.8
2015-06-11,2015,6,11,162,52.69,37.4,27.5,80.0,65.3,6.4,19.0,1001.4,26.0,1.0,1,103.72,64.56
2015-06-12,2015,6,12,163,105.91,35.6,26.9,92.6,89.1,2.2,24.1,1006.2,26.0,1.0,1,99.51,68.09
2015-06-13,2015,6,13,164,306.85,38.0,28.0,87.7,82.0,4.8,29.4,1004.1,26.0,1.0,1,126.16,77.59
2015-06-14,2015,6,14,165,411.82,36.0,27.2,78.7,69.3,4.7,26.4,1004.9,26.0,1.0,1,181.68,91.2
2015-06-15,2015,6,15,166,196.8,38.0,27.7,79.2,78.0,5.5,28.1,1001.7,26.0,1.0,1,198.26,97.14
2015-06-16,2015,6,16,167,100.05,35.3,28.0,89.6,88.3,4.1,23.5,1003.0,26.0,1.0,1,173.31,100.29
2015-06-17,2015,6,17,168,75.82,36.9,27.6,81.5,77.6,3.8,22.9,1002.8,26.0,1.0,1,178.56,102.82
2015-06-18,2015,6,18,169,153.52,37.0,26.0,87.1,73.8,4.7,27.1,1000.2,26.0,1.0,1,192.97,107.79
2015-06-19,2015,6,19,170,120.43,35.8,26.2,86.3,85.9,2.8,19.3,1000.4,26.0,1.0,1,195.04,111.57
2015-06-20,2015,6,20,171,181.73,37.9,25.9,95.6,100.0,3.1,22.9,999.7,26.0,1.0,1,177.17,117.48
2015-06-21,2015,6,21,172,137.28,36.8,25.7,86.8,89.7,3.5,27.5,1002.5,26.0,1.0,1,137.95,121.47
2015-06-22,2015,6,22,173,144.77,38.0,27.7,86.4,96.6,2.6,27.0,999.8,26.0,1.0,1,130.51,126.06
2015-06-23,2015,6,23,174,88.91,36.4,28.0,89.9,93.2,2.8,24.8,1006.2,26.0,1.0,1,128.92,129.03
2015-06-24,2015,6,24,175,78.0,38.0,28.0,92.0,81.7,5.5,26.4,1005.7,26.0,1.0,1,129.23,131.53
2015-06-25,2015,6,25,176,247.9,37.6,28.0,89.5,87.8,3.8,24.7,1001.0,26.0,1.0,1,142.72,139.79
2015-06-26,2015,6,26,177,179.02,37.4,26.2,80.0,91.7,3.9,30.1,1000.3,26.0,1.0,1,151.09,145.76
2015-06-27,2015,6,27,178,142.41,37.9,28.0,92.6,90.9,3.4,29.9,1002.9,26.0,1.0,1,145.47,150.5
2015-06-28,2015,6,28,179,90.14,38.0,28.0,83.6,97.5,2.5,23.4,1003.1,26.0,1.0,1,138.74,153.26
2015-06-29,2015,6,29,180,99.83,35.0,28.0,83.3,89.2,5.4,23.6,1002.2,26.0,1.08,1,132.32,156.59
2015-06-30,2015,6,30,181,134.04,37.9,27.9,88.1,100.0,1.5,32.6,1004.1,26.0,1.0,1,138.76,161.06
2015-07-01,2015,7,1,182,175.41,36.7,28.0,91.0,99.6,1.8,26.4,1000.8,26.0,1.0,1,152.68,162.42
2015-07-02,2015,7,2,183,130.89,36.8,27.7,96.4,100.0,2.6,30.3,1002.6,26.0,1.0,1,135.96,162.92
2015-07-03,2015,7,3,184,224.59,38.0,28.0,82.9,88.6,2.5,25.4,1001.0,26.0,1.0,1,142.47,154.48
2015-07-04,2015,7,4,185,83.64,38.0,28.0,91.0,100.0,1.2,26.2,1000.6,26.0,1.0,1,134.08,144.53
2015-07-05,2015,7,5,186,161.43,38.0,27.9,97.4,100.0,2.3,26.8,1003.5,26.0,1.0,1,144.26,145.39
2015-07-06,2015,7,6,187,177.43,37.1,25.8,91.4,91.8,2.5,29.4,1002.7,26.0,1.0,1,155.35,147.3
2015-07-07,2015,7,7,188,91.4,33.7,26.4,94.4,100.0,3.3,28.8,1005.5,26.0,1.0,1,149.26,149.57
2015-07-08,2015,7,8,189,77.9,38.0,28.0,93.9,95.0,3.5,23.3,999.5,26.0,1.0,1,135.33,149.48
2015-07-09,2015,7,9,190,166.93,35.3,27.7,90.2,93.8,3.5,26.0,999.9,26.0,1.03,1,140.47,145.89
2015-07-10,2015,7,10,191,362.93,38.0,28.0,95.3,94.8,3.2,26.6,1004.9,26.0,1.0,1,160.24,156.68
2015-07-11,2015,7,11,192,140.99,36.7,26.3,93.4,96.0,1.3,28.4,1001.2,26.0,1.0,1,168.43,159.63
2015-07-12,2015,7,12,193,194.0,38.0,28.0,92.0,96.8,2.5,30.3,1002.7,26.0,1.0,1,173.08,162.56
2015-07-13,2015,7,13,194,126.89,36.7,28.0,98.0,96.9,3.7,28.6,1002.9,26.0,1.0,1,165.86,156.56
2015-07-14,2015,7,14,195,223.53,36.2,25.3,93.1,100.0,2.0,24.7,1001.7,26.0,1.0,1,184.74,150.29
2015-07-15,2015,7,15,196,50.2,36.3,27.8,97.3,91.8,4.9,25.7,1001.8,26.0,1.0,1,180.78,145.4
2015-07-16,2015,7,16,197,46.71,38.0,27.8,89.8,90.9,4.0,23.1,1002.8,26.0,1.0,1,163.61,143.62
2015-07-17,2015,7,17,198,96.01,36.0,28.0,93.5,95.5,3.6,33.2,1000.8,26.0,1.0,1,125.48,144.3
2015-07-18,2015,7,18,199,152.18,38.0,28.0,93.8,100.0,2.6,29.0,1002.0,26.0,1.0,1,127.07,144.25
2015-07-19,2015,7,19,200,87.47,38.0,27.2,98.0,100.0,3.2,28.1,1004.2,26.0,1.0,1,111.86,143.15
2015-07-20,2015,7,20,201,171.44,38.0,27.0,91.8,100.0,2.1,28.2,1002.1,26.0,1.0,1,118.22,142.81
2015-07-21,2015,7,21,202,102.95,35.5,27.3,96.9,100.0,3.6,31.8,1000.0,26.0,1.0,1,100.99,141.66
2015-07-22,2015,7,22,203,263.39,35.8,28.0,97.4,100.0,1.4,26.5,1003.6,26.0,1.0,1,131.45,145.62
2015-07-23,2015,7,23,204,347.26,38.0,27.7,97.6,100.0,1.4,27.5,1003.7,26.0,1.0,1,174.39,154.23
2015-07-24,2015,7,24,205,155.7,36.2,28.0,98.0,100.0,2.2,29.4,1001.4,26.0,1.0,1,182.91,156.82
2015-07-25,2015,7,25,206,419.65,38.0,24.7,95.6,100.0,1.5,32.2,997.5,26.0,1.0,1,221.12,162.55
2015-07-26,2015,7,26,207,154.94,35.1,27.5,98.0,100.0,1.4,30.7,1002.7,26.0,1.0,1,230.76,161.74
2015-07-27,2015,7,27,208,115.99,37.6,27.2,98.0,100.0,2.6,30.7,1006.9,26.0,1.0,1,222.84,160.86
2015-07-28,2015,7,28,209,573.74,38.0,27.5,91.4,100.0,1.9,32.6,1004.1,26.0,1.0,1,290.1,176.98
2015-07-29,2015,7,29,210,157.01,35.3,26.9,92.8,100.0,2.7,28.0,1001.0,26.0,1.0,1,274.9,178.89
2015-07-30,2015,7,30,211,71.22,37.4,25.7,98.0,100.0,4.0,31.8,998.4,26.0,1.0,1,235.46,176.79
2015-07-31,2015,7,31,212,64.86,37.3,26.9,93.1,89.9,2.8,31.3,1000.9,26.0,1.0,1,222.49,173.11
2015-08-01,2015,8,1,213,250.0,38.0,28.0,98.0,100.0,3.4,35.0,1003.6,26.0,1.0,1,198.25,177.08
2015-08-02,2015,8,2,214,302.65,36.4,27.3,95.5,100.0,2.3,35.0,1001.6,26.0,1.0,1,219.35,179.68
2015-08-03,2015,8,3,215,116.8,35.2,25.0,96.3,100.0,2.6,33.2,1004.5,26.0,1.0,1,219.47,180.79
2015-08-04,2015,8,4,216,178.47,33.5,25.7,97.7,100.0,3.5,34.4,1000.2,26.0,1.0,1,163.0,181.35
2015-08-05,2015,8,5,217,157.82,38.0,27.4,98.0,100.0,4.1,29.9,1000.2,26.0,1.0,1,163.12,180.7
2015-08-06,2015,8,6,218,45.23,38.0,25.7,94.9,92.4,3.4,28.5,1000.8,26.0,1.0,1,159.4,179.16
2015-08-07,2015,8,7,219,345.02,37.1,27.3,98.0,100.0,3.0,35.0,1003.6,26.0,1.0,1,199.43,188.07
2015-08-08,2015,8,8,220,196.0,37.0,28.0,95.6,100.0,2.8,27.7,1002.1,26.0,1.0,1,191.71,189.03
2015-08-09,2015,8,9,221,189.1,37.6,27.4,98.0,100.0,3.6,35.0,1001.2,26.0,1.0,1,175.49,183.24
2015-08-10,2015,8,10,222,27.71,38.0,25.7,94.8,100.0,2.7,26.1,1004.0,26.0,1.0,1,162.76,179.46
2015-08-11,2015,8,11,223,133.55,33.8,27.0,95.0,100.0,2.8,34.9,1004.9,26.0,1.0,1,156.35,177.45
2015-08-12,2015,8,12,224,107.8,34.1,27.6,97.5,100.0,1.7,33.9,999.1,26.0,1.0,1,149.2,176.81
2015-08-13,2015,8,13,225,50.31,33.8,25.8,97.2,100.0,2.4,24.0,1004.4,26.0,1.0,1,149.93,171.04
2015-08-14,2015,8,14,226,48.49,36.1,25.3,98.0,93.8,2.5,22.4,1001.9,26.0,1.0,1,107.57,170.98
2015-08-15,2015,8,15,227,140.12,36.8,26.5,98.0,100.0,1.5,33.0,1004.5,26.0,1.0,1,99.58,174.1
2015-08-16,2015,8,16,228,33.58,38.0,28.0,98.0,94.3,2.7,21.8,1002.6,26.0,1.0,1,77.37,172.02
2015-08-17,2015,8,17,229,51.57,32.0,25.3,97.2,100.0,1.6,33.8,1004.0,26.0,1.0,1,80.77,168.66
2015-08-18,2015,8,18,230,115.54,34.3,25.9,98.0,100.0,0.8,30.1,1000.1,26.0,1.0,1,78.2,169.6
2015-08-19,2015,8,19,231,56.78,36.4,24.9,98.0,100.0,1.7,32.8,1000.5,26.0,1.0,1,70.91,165.78
2015-08-20,2015,8,20,232,231.51,36.5,25.4,96.7,100.0,2.7,34.1,1002.0,26.0,1.0,1,96.8,170.06
2015-08-21,2015,8,21,233,111.48,35.7,26.1,98.0,100.0,1.9,35.0,999.2,26.0,1.0,1,105.8,165.0
2015-08-22,2015,8,22,234,320.63,34.2,26.0,98.0,100.0,1.8,30.7,1000.0,26.0,1.0,1,131.58,164.11
2015-08-23,2015,8,23,235,58.19,34.8,22.8,98.0,100.0,2.0,35.0,1004.4,26.0,1.0,1,135.1,160.86
2015-08-24,2015,8,24,236,148.22,35.5,25.7,98.0,100.0,1.3,33.5,999.4,26.0,1.0,1,148.91,151.81
2015-08-25,2015,8,25,237,301.42,33.1,28.0,98.0,100.0,1.4,35.0,1000.5,26.0,1.0,1,175.46,156.69
2015-08-26,2015,8,26,238,123.93,34.3,26.1,98.0,100.0,2.0,35.0,1001.9,26.0,1.0,1,185.05,156.96
2015-08-27,2015,8,27,239,159.38,33.4,25.5,98.0,100.0,2.4,31.6,1002.4,26.0,1.0,1,174.75,143.15
2015-08-28,2015,8,28,240,42.57,36.1,25.1,98.0,100.0,0.6,30.1,999.4,26.0,1.0,1,164.91,139.33
2015-08-29,2015,8,29,241,243.84,33.9,24.6,98.0,100.0,1.7,35.0,1001.2,26.0,1.0,1,153.94,145.09
2015-08-30,2015,8,30,242,339.77,33.2,25.7,97.8,100.0,1.0,32.9,1002.4,26.0,1.0,1,194.16,154.25
2015-08-31,2015,8,31,243,145.2,34.3,26.1,98.0,100.0,2.1,35.0,1003.3,26.0,1.0,1,193.73,150.76
2015-09-01,2015,9,1,244,76.31,36.1,27.5,98.0,100.0,3.3,35.0,1000.3,26.0,1.0,1,161.57,143.21
2015-09-02,2015,9,2,245,147.26,34.8,24.5,98.0,100.0,1.6,31.2,999.6,26.0,1.0,1,164.9,144.23
2015-09-03,2015,9,3,246,149.11,36.4,26.8,98.0,100.0,1.7,32.3,999.9,26.0,1.0,1,163.44,143.25
2015-09-04,2015,9,4,247,224.92,36.0,26.7,98.0,100.0,2.6,30.9,1002.1,26.0,1.0,1,189.49,145.48
2015-09-05,2015,9,5,248,137.16,33.4,24.6,98.0,100.0,3.0,35.0,1001.3,26.0,1.0,1,174.25,148.55
2015-09-06,2015,9,6,249,47.83,34.6,24.2,94.3,100.0,1.9,28.3,1002.2,26.0,1.0,1,132.54,138.64
2015-09-07,2015,9,7,250,286.01,35.9,23.2,98.0,100.0,3.0,35.0,1001.9,26.0,1.0,1,152.66,141.64
2015-09-08,2015,9,8,251,194.84,33.4,24.9,98.0,100.0,0.7,34.6,1001.7,26.0,1.0,1,169.59,141.83
2015-09-09,2015,9,9,252,47.33,34.4,24.5,98.0,100.0,3.5,23.1,1001.8,26.0,1.0,1,155.31,142.49
2015-09-10,2015,9,10,253,95.22,32.5,26.0,98.0,100.0,2.6,35.0,1003.0,26.0,1.0,1,147.62,141.21
2015-09-11,2015,9,11,254,96.51,33.4,25.1,98.0,100.0,1.1,35.0,1004.4,26.0,1.0,1,129.27,140.83
2015-09-12,2015,9,12,255,187.14,33.3,22.2,98.0,100.0,0.9,33.8,1002.6,26.0,1.0,1,136.41,145.4
2015-09-13,2015,9,13,256,99.77,34.5,24.4,98.0,100.0,1.6,34.4,1003.3,26.0,1.0,1,143.83,147.1
2015-09-14,2015,9,14,257,94.0,32.8,24.7,98.0,100.0,2.3,35.0,1000.1,26.0,1.0,1,116.4,145.57
2015-09-15,2015,9,15,258,136.49,33.6,24.0,98.0,100.0,3.2,34.7,1005.1,26.0,1.0,1,108.07,149.0
2015-09-16,2015,9,16,259,147.63,33.7,25.3,98.0,100.0,1.8,33.8,1003.3,26.0,1.0,1,122.39,152.2
2015-09-17,2015,9,17,260,41.1,31.8,23.4,98.0,100.0,2.2,22.6,1005.4,26.0,1.0,1,114.66,149.72
2015-09-18,2015,9,18,261,93.25,32.3,25.3,98.0,100.0,3.0,35.0,1001.8,26.0,1.0,1,114.2,150.93
2015-09-19,2015,9,19,262,26.32,33.5,23.3,98.0,100.0,1.6,27.3,1001.8,26.0,1.0,1,91.22,144.09
2015-09-20,2015,9,20,263,77.84,35.4,23.4,98.0,100.0,2.4,35.0,999.6,26.0,1.0,1,88.09,142.97
2015-09-21,2015,9,21,264,172.77,30.6,26.1,98.0,100.0,2.5,35.0,1004.0,26.0,1.0,1,99.34,138.04
2015-09-22,2015,9,22,265,193.74,33.2,22.1,98.0,100.0,1.4,35.0,999.6,26.0,1.0,1,107.52,142.56
2015-09-23,2015,9,23,266,166.97,34.1,23.7,98.0,100.0,3.1,31.1,1002.7,26.0,1.0,1,110.28,143.19
2015-09-24,2015,9,24,267,11.36,32.3,23.9,98.0,100.0,1.5,23.1,1005.3,26.0,1.0,1,106.04,133.52
2015-09-25,2015,9,25,268,121.63,30.6,22.6,98.0,100.0,2.2,35.0,1001.8,26.0,1.0,1,110.09,133.44
2015-09-26,2015,9,26,269,244.19,31.8,23.9,98.0,100.0,2.1,35.0,1002.0,26.0,1.0,1,141.21,136.27
2015-09-27,2015,9,27,270,152.23,30.3,24.1,98.0,100.0,0.9,29.4,1006.2,26.0,1.0,1,151.84,139.92
2015-09-28,2015,9,28,271,173.45,30.8,23.4,98.0,100.0,0.8,33.0,997.4,26.0,1.0,1,151.94,137.58
2015-09-29,2015,9,29,272,70.83,32.0,23.2,98.0,100.0,4.0,35.0,1001.9,26.0,1.0,1,134.38,128.61
2015-09-30,2015,9,30,273,82.83,31.2,23.5,98.0,100.0,2.3,24.6,1000.1,26.0,1.0,1,122.36,126.53
2015-10-01,2015,10,1,274,59.71,31.5,21.9,98.0,100.0,3.2,24.3,1003.4,26.0,1.0,1,129.27,125.98
2015-10-02,2015,10,2,275,115.5,29.3,22.0,98.0,100.0,2.5,34.4,1004.8,26.0,1.0,1,128.39,124.92
2015-10-03,2015,10,3,276,18.1,30.0,23.2,89.7,100.0,2.1,26.3,1000.5,26.0,1.0,1,96.09,120.56
2015-10-04,2015,10,4,277,4.31,31.7,22.1,89.4,96.8,2.5,22.9,1005.3,26.0,1.0,1,74.96,113.2
2015-10-05,2015,10,5,278,18.51,28.1,22.4,97.9,100.0,3.1,28.2,1003.1,26.0,1.0,1,52.83,109.25
2015-10-06,2015,10,6,279,40.15,28.5,19.3,98.0,100.0,1.9,35.0,1003.9,26.0,1.0,1,48.44,108.99
2015-10-07,2015,10,7,280,7.86,29.9,23.0,96.5,100.0,1.6,26.7,1002.7,26.0,1.0,1,37.73,99.72
2015-10-08,2015,10,8,281,14.49,29.4,23.7,96.7,100.0,2.6,19.4,1005.2,26.0,1.0,1,31.27,93.71
2015-10-09,2015,10,9,282,12.96,31.2,22.8,95.6,98.4,0.9,22.3,1004.5,26.0,1.0,1,16.63,92.56
2015-10-10,2015,10,10,283,5.52,26.3,22.9,90.0,92.3,3.0,23.9,1004.0,24.9,1.0,1,14.83,89.57
2015-10-11,2015,10,11,284,4.95,29.7,23.0,98.0,100.0,2.7,18.6,1003.5,26.0,1.0,1,14.92,86.52
2015-10-12,2015,10,12,285,27.85,31.7,21.5,98.0,100.0,0.8,28.4,1003.8,26.0,1.0,1,16.25,81.21
2015-10-13,2015,10,13,286,20.38,30.0,20.6,98.0,100.0,2.8,27.6,1003.4,26.0,1.0,1,13.43,78.56
2015-10-14,2015,10,14,287,48.06,27.1,22.2,95.9,100.0,0.5,23.5,1001.6,26.0,1.0,1,19.17,77.03
2015-10-15,2015,10,15,288,12.9,32.9,22.8,96.1,93.9,1.5,25.0,999.3,26.0,1.0,1,18.95,72.91
2015-10-16,2015,10,16,289,43.51,28.3,20.1,95.7,100.0,2.0,30.2,998.7,26.0,1.0,1,23.31,69.44
2015-10-17,2015,10,17,290,10.42,25.3,22.1,88.0,100.0,3.7,20.4,1005.9,24.1,1.0,1,24.01,68.42
2015-10-18,2015,10,18,291,30.02,30.1,21.5,98.0,100.0,0.6,26.3,1000.8,26.0,1.0,1,27.59,66.31
2015-10-19,2015,10,19,292,11.57,27.5,21.0,90.4,98.8,1.9,25.8,1001.2,26.0,1.0,1,25.27,65.82
2015-10-20,2015,10,20,293,40.51,31.4,20.7,98.0,100.0,1.1,26.6,1002.1,26.0,1.0,1,28.14,64.58
2015-10-21,2015,10,21,294,23.69,29.5,21.2,98.0,100.0,2.2,29.2,1002.8,26.0,1.0,1,24.66,59.61
2015-10-22,2015,10,22,295,21.63,31.5,20.0,98.0,100.0,2.2,22.3,1000.8,26.0,1.0,1,25.91,53.87
2015-10-23,2015,10,23,296,65.09,26.6,24.3,98.0,100.0,0.9,31.2,998.1,26.0,1.0,1,28.99,50.47
2015-10-24,2015,10,24,297,10.12,29.9,19.0,98.0,92.2,2.8,22.7,1002.6,26.0,1.0,1,28.95,50.43
2015-10-25,2015,10,25,298,73.29,26.7,17.5,98.0,100.0,2.4,32.5,1000.1,26.0,1.0,1,35.13,48.82
2015-10-26,2015,10,26,299,22.54,28.3,20.8,97.6,98.3,3.4,26.3,999.7,26.0,1.0,1,36.7,41.43
2015-10-27,2015,10,27,300,52.28,27.9,20.4,98.0,100.0,1.5,27.4,1003.9,26.0,1.0,1,38.38,38.1
2015-10-28,2015,10,28,301,15.93,29.6,20.9,90.6,94.8,3.8,22.3,1000.2,26.0,1.0,1,37.27,32.85
2015-10-29,2015,10,29,302,7.48,28.6,16.7,90.7,100.0,1.2,19.8,1005.1,26.0,1.0,1,35.25,30.74
2015-10-30,2015,10,30,303,15.68,26.5,17.9,97.4,100.0,2.2,24.6,1003.8,26.0,1.0,1,28.19,28.5
2015-10-31,2015,10,31,304,20.67,28.7,19.4,90.2,95.4,1.3,26.8,1002.4,26.0,1.0,1,29.7,27.2
2015-11-01,2015,11,1,305,12.55,26.8,20.9,93.6,92.3,2.9,22.7,1005.7,25.9,1.0,1,21.02,23.77
2015-11-02,2015,11,2,306,30.42,27.9,17.6,95.8,100.0,0.0,23.7,1004.3,26.0,1.0,1,22.14,24.18
2015-11-03,2015,11,3,307,7.7,27.2,20.2,87.0,84.5,3.4,20.4,1000.8,24.7,1.0,1,15.78,24.29
2015-11-04,2015,11,4,308,20.66,26.3,19.3,98.0,99.8,3.2,26.3,1002.4,26.0,1.0,1,16.45,24.36
2015-11-05,2015,11,5,309,15.87,24.5,19.7,96.8,92.2,2.1,17.3,1002.5,23.6,1.0,1,17.65,23.55
2015-11-06,2015,11,6,310,27.92,26.7,19.4,98.0,100.0,2.5,24.7,1004.7,26.0,1.0,1,19.4,24.22
2015-11-07,2015,11,7,311,40.21,25.2,19.3,98.0,100.0,1.1,24.6,998.4,25.5,1.0,1,22.19,25.08
2015-11-08,2015,11,8,312,36.31,24.3,19.3,95.4,93.6,3.7,23.9,1002.5,23.9,1.0,1,25.58,25.86
2015-11-09,2015,11,9,313,61.24,27.2,20.5,98.0,100.0,0.8,32.5,1002.6,26.0,1.0,1,29.99,27.72
2015-11-10,2015,11,10,314,20.84,24.9,19.2,90.3,75.2,4.2,23.6,1004.8,23.2,1.0,1,31.86,28.24
2015-11-11,2015,11,11,315,11.03,23.0,20.2,93.7,93.3,1.9,20.0,1003.7,22.3,1.0,1,30.49,27.68
2015-11-12,2015,11,12,316,27.84,25.6,18.4,91.2,73.8,5.0,25.9,1003.3,24.5,1.0,1,32.2,27.93
2015-11-13,2015,11,13,317,50.61,25.3,20.2,95.8,100.0,1.2,29.6,1005.7,24.8,1.0,1,35.44,28.02
2015-11-14,2015,11,14,318,25.71,25.3,18.5,89.9,91.3,2.3,27.7,1001.9,23.2,1.0,1,33.37,28.44
2015-11-15,2015,11,15,319,2.87,25.2,18.4,87.4,74.0,2.0,21.3,1004.5,22.8,1.0,1,28.59,27.09
2015-11-16,2015,11,16,320,29.54,23.7,16.5,93.4,100.0,1.7,23.2,1003.4,23.2,1.0,1,24.06,27.73
2015-11-17,2015,11,17,321,25.52,24.5,17.5,95.0,95.4,2.2,28.9,1000.4,24.3,1.0,1,24.73,27.58
2015-11-18,2015,11,18,322,36.86,26.5,17.6,92.6,89.5,2.3,30.2,999.5,24.9,1.0,1,28.42,28.42
2015-11-19,2015,11,19,323,42.55,26.1,16.2,92.8,100.0,0.0,33.7,1003.1,25.3,1.0,1,30.52,28.49
2015-11-20,2015,11,20,324,23.05,24.2,17.3,94.0,91.9,1.9,26.8,1002.6,23.3,1.0,1,26.59,28.47
2015-11-21,2015,11,21,325,13.41,25.5,19.1,88.9,89.9,3.0,23.8,1006.9,22.9,1.0,1,24.83,28.19
2015-11-22,2015,11,22,326,17.49,24.7,19.1,98.0,89.5,1.3,15.1,1002.1,24.8,1.0,1,26.92,26.61
2015-11-23,2015,11,23,327,28.03,24.0,16.1,95.3,92.2,0.2,28.7,1003.3,22.5,1.0,1,26.7,27.2
2015-11-24,2015,11,24,328,21.51,26.2,20.0,91.6,100.0,2.3,22.7,1000.2,24.0,1.0,1,26.13,25.48
2015-11-25,2015,11,25,329,14.93,22.9,19.0,94.2,83.5,3.2,21.0,1001.9,21.6,1.0,1,23.0,25.22
2015-11-26,2015,11,26,330,5.53,24.6,20.4,89.5,84.7,4.3,21.4,1007.2,22.5,1.0,1,17.71,23.67
2015-11-27,2015,11,27,331,28.05,22.0,19.2,92.6,92.7,2.0,21.4,1000.0,20.4,1.0,1,18.42,24.07
2015-11-28,2015,11,28,332,24.68,24.5,20.1,98.0,82.3,2.9,25.8,1003.6,24.2,1.0,1,20.03,24.64
2015-11-29,2015,11,29,333,9.05,22.9,18.2,90.8,85.3,1.4,15.5,1006.2,20.2,1.0,1,18.83,24.42
2015-11-30,2015,11,30,334,6.91,23.2,16.7,80.7,63.9,7.0,22.8,1003.8,19.1,1.0,1,15.81,23.96
2015-12-01,2015,12,1,335,0.53,23.3,17.9,80.8,90.6,2.5,20.4,1002.6,19.6,1.0,0,12.81,23.56
2015-12-02,2015,12,2,336,4.09,22.0,16.0,76.4,84.0,2.6,19.2,1006.8,17.5,1.0,0,11.26,22.68
2015-12-03,2015,12,3,337,0.0,22.0,17.3,75.5,54.9,5.4,22.3,1007.0,18.0,1.0,0,10.47,22.43
2015-12-04,2015,12,4,338,0.0,24.7,17.4,93.1,87.9,4.6,20.4,1004.4,24.3,1.0,0,6.47,21.74
2015-12-05,2015,12,5,339,0.0,23.5,18.5,86.3,75.7,4.1,27.8,1005.7,21.2,1.0,0,2.94,21.21
2015-12-06,2015,12,6,340,0.0,25.5,17.6,73.9,56.5,6.7,16.2,1003.8,21.3,1.0,0,1.65,20.28
2015-12-07,2015,12,7,341,0.0,22.0,16.7,80.4,56.8,6.2,18.0,1003.6,17.6,1.0,0,0.66,18.94
2015-12-08,2015,12,8,342,0.0,24.4,16.0,78.8,69.5,5.7,18.3,1004.9,20.5,1.0,0,0.58,17.73
2015-12-09,2015,12,9,343,0.92,23.8,16.3,91.0,88.9,2.6,21.0,1004.4,22.7,1.0,0,0.13,15.72
2015-12-10,2015,12,10,344,1.27,24.8,16.8,70.9,84.1,3.1,18.1,1002.2,18.0,1.0,0,0.31,15.07
2015-12-11,2015,12,11,345,0.0,22.8,16.2,76.9,69.7,4.4,13.3,1003.7,18.6,1.0,0,0.31,14.7
2015-12-12,2015,12,12,346,3.56,23.1,16.0,78.4,60.7,6.4,9.9,1002.1,18.9,1.0,0,0.82,13.89
2015-12-13,2015,12,13,347,0.0,22.0,17.0,76.1,80.7,3.9,14.7,1006.6,17.8,1.0,0,0.82,12.2
2015-12-14,2015,12,14,348,0.0,22.4,16.4,79.7,59.8,6.9,18.5,1005.8,19.0,1.0,0,0.82,11.34
2015-12-15,2015,12,15,349,0.0,22.0,16.3,82.0,65.2,4.9,17.8,1005.7,18.5,1.0,0,0.82,11.25
2015-12-16,2015,12,16,350,3.85,22.0,17.1,77.9,72.0,3.5,14.4,998.8,17.5,1.0,0,1.24,10.39
2015-12-17,2015,12,17,351,0.0,22.8,16.3,77.6,75.3,4.5,15.8,1002.5,18.8,1.0,0,1.06,9.54
2015-12-18,2015,12,18,352,0.0,24.0,18.1,73.9,53.2,6.4,12.6,1005.7,18.7,1.11,0,1.06,8.31
2015-12-19,2015,12,19,353,0.0,24.3,16.0,73.9,61.7,4.8,14.5,1007.5,20.3,1.0,0,0.55,6.9
2015-12-20,2015,12,20,354,0.0,22.0,16.0,78.8,69.0,3.6,19.1,1005.7,17.8,1.0,0,0.55,6.13
2015-12-21,2015,12,21,355,0.0,22.4,16.0,79.2,44.2,7.4,13.5,1006.2,18.5,1.0,0,0.55,5.68
2015-12-22,2015,12,22,356,2.41,22.2,16.9,70.5,44.5,5.3,19.8,1005.9,16.5,1.0,0,0.89,5.18
2015-12-23,2015,12,23,357,0.0,24.5,16.8,73.5,46.5,6.6,10.3,1005.9,19.7,1.0,0,0.34,4.24
2015-12-24,2015,12,24,358,0.0,25.0,16.0,74.9,61.9,6.1,13.6,1004.9,20.5,1.0,0,0.34,3.53
2015-12-25,2015,12,25,359,1.96,22.0,16.6,75.3,64.8,5.0,21.5,1002.8,17.9,1.0,0,0.62,3.09
2015-12-26,2015,12,26,360,0.0,23.0,17.0,74.6,68.2,3.7,7.6,1006.7,18.2,1.0,0,0.62,2.91
2015-12-27,2015,12,27,361,0.0,23.0,17.3,65.4,56.1,5.8,15.1,1006.2,15.9,1.0,0,0.62,1.97
2015-12-28,2015,12,28,362,0.0,22.0,16.4,79.4,78.9,3.4,17.1,1005.7,17.6,1.0,0,0.62,1.15
2015-12-29,2015,12,29,363,0.0,22.0,16.0,74.6,62.1,7.5,15.2,1005.5,17.1,1.0,0,0.28,0.85
2015-12-30,2015,12,30,364,0.0,23.2,16.0,85.8,72.9,6.0,17.8,1003.3,20.6,1.0,0,0.28,0.62
2015-12-31,2015,12,31,365,0.0,23.9,16.8,76.9,64.8,5.4,17.4,1007.3,20.1,1.0,0,0.28,0.6
2016-01-01,2016,1,1,1,0.0,22.0,17.3,75.6,58.2,6.1,12.4,1001.4,18.4,1.52,0,0.0,0.47
2016-01-02,2016,1,2,2,0.49,23.8,16.6,70.7,66.1,4.1,16.5,1004.5,18.7,1.0,0,0.07,0.48
2016-01-03,2016,1,3,3,0.0,22.0,16.0,71.3,58.2,4.8,13.3,1007.3,16.5,1.0,0,0.07,0.48
2016-01-04,2016,1,4,4,0.0,24.2,16.0,76.5,50.2,6.5,15.0,1004.7,18.3,1.14,0,0.07,0.48
2016-01-05,2016,1,5,5,0.44,24.1,17.4,72.2,54.0,6.3,12.0,1004.8,18.6,1.0,0,0.13,0.5
2016-01-06,2016,1,6,6,0.0,22.0,16.0,70.0,48.0,7.0,21.1,1003.5,16.2,1.0,0,0.13,0.5
2016-01-07,2016,1,7,7,0.0,22.6,16.0,80.1,49.0,5.9,12.4,1008.4,19.0,1.0,0,0.13,0.5
2016-01-08,2016,1,8,8,0.0,22.0,18.1,73.8,46.0,7.4,10.6,1007.2,17.5,1.0,0,0.13,0.47
2016-01-09,2016,1,9,9,0.0,22.0,17.8,75.2,56.7,4.7,16.4,1009.0,17.1,1.0,0,0.06,0.42
2016-01-10,2016,1,10,10,0.0,22.4,16.6,70.6,37.9,7.4,12.9,1004.6,16.9,1.0,0,0.06,0.42
2016-01-11,2016,1,11,11,0.0,22.0,16.0,76.4,53.5,6.5,16.1,1002.6,17.5,1.0,0,0.06,0.3
2016-01-12,2016,1,12,12,0.17,25.2,16.1,69.3,43.2,5.5,12.2,999.9,19.8,1.0,0,0.02,0.31
2016-01-13,2016,1,13,13,0.59,23.7,16.5,76.1,42.3,6.6,9.1,1007.4,19.5,1.0,0,0.11,0.33
2016-01-14,2016,1,14,14,0.0,22.0,19.0,69.0,45.4,7.0,16.3,1005.6,16.2,1.3,0,0.11,0.33
2016-01-15,2016,1,15,15,0.0,26.0,17.7,77.1,50.8,6.4,9.6,1004.9,21.4,1.0,0,0.11,0.2
2016-01-16,2016,1,16,16,2.7,22.0,17.5,76.8,66.1,4.0,10.0,1002.9,17.7,1.0,0,0.49,0.29
2016-01-17,2016,1,17,17,0.0,22.0,16.3,68.4,36.1,7.0,11.9,1006.5,16.8,1.0,0,0.49,0.29
2016-01-18,2016,1,18,18,0.0,22.0,16.0,78.9,51.5,6.7,10.3,1004.9,18.2,1.0,0,0.49,0.29
2016-01-19,2016,1,19,19,0.0,22.0,16.3,70.2,48.0,5.5,9.2,1005.2,15.8,1.0,0,0.47,0.29
2016-01-20,2016,1,20,20,0.0,22.0,17.7,76.2,46.0,6.5,7.6,1001.3,18.3,1.0,0,0.39,0.29
2016-01-21,2016,1,21,21,0.0,22.9,18.5,64.6,52.0,6.7,14.4,1007.6,16.6,1.0,0,0.39,0.21
2016-01-22,2016,1,22,22,4.1,22.0,16.0,73.6,47.8,6.6,16.6,1004.1,16.7,1.0,0,0.97,0.35
2016-01-23,2016,1,23,23,0.88,22.4,16.0,70.7,49.9,6.4,9.6,1004.5,17.1,1.0,0,0.71,0.38
2016-01-24,2016,1,24,24,0.0,22.0,16.3,66.8,35.1,8.7,15.3,1005.2,15.7,1.0,0,0.71,0.31
2016-01-25,2016,1,25,25,0.0,22.4,17.9,72.0,32.4,7.6,12.5,1006.4,16.2,1.02,0,0.71,0.31
2016-01-26,2016,1,26,26,0.0,22.0,16.0,73.2,41.0,6.9,13.2,1004.8,17.1,1.0,0,0.71,0.31
2016-01-27,2016,1,27,27,0.0,22.0,17.2,69.9,38.7,7.8,13.0,1005.8,16.1,1.11,0,0.71,0.31
2016-01-28,2016,1,28,28,0.0,25.6,16.0,69.1,36.7,7.4,9.3,1002.0,19.8,1.0,0,0.71,0.31
2016-01-29,2016,1,29,29,0.0,22.0,16.4,68.3,40.9,7.3,8.7,1004.7,16.4,1.0,0,0.13,0.31
2016-01-30,2016,1,30,30,0.0,23.3,16.0,69.1,34.9,7.5,10.2,1005.4,17.7,1.0,0,0.0,0.31
2016-01-31,2016,1,31,31,0.0,22.0,16.6,70.0,35.2,7.7,10.2,1004.5,15.4,1.0,0,0.0,0.31
2016-02-01,2016,2,1,32,0.0,22.0,17.1,69.6,49.6,7.2,13.3,1007.6,16.8,1.19,0,0.0,0.3
2016-02-02,2016,2,2,33,0.0,22.8,17.7,68.8,29.5,8.1,11.4,1004.0,16.1,1.0,0,0.0,0.3
2016-02-03,2016,2,3,34,1.0,22.0,16.4,64.9,45.8,7.6,10.7,1006.5,14.8,1.0,0,0.14,0.33
2016-02-04,2016,2,4,35,0.0,23.6,16.0,70.0,43.8,8.0,11.8,1004.8,17.6,1.0,0,0.14,0.31
2016-02-05,2016,2,5,36,0.0,22.7,16.0,68.1,44.7,6.3,7.0,1006.2,17.3,1.0,0,0.14,0.31
2016-02-06,2016,2,6,37,2.03,24.9,18.3,68.1,44.9,7.8,11.9,1007.0,18.6,1.0,0,0.43,0.38
2016-02-07,2016,2,7,38,0.0,22.0,16.1,64.5,32.1,7.2,10.5,1006.4,15.5,1.0,0,0.43,0.38
2016-02-08,2016,2,8,39,0.0,23.5,17.8,69.1,29.5,6.9,20.8,1003.0,17.3,1.03,0,0.43,0.38
2016-02-09,2016,2,9,40,0.0,23.7,16.0,56.8,27.5,9.9,6.1,1006.0,14.7,1.0,0,0.43,0.38
2016-02-10,2016,2,10,41,1.45,22.0,19.1,65.3,32.6,8.5,11.1,1006.2,15.3,1.08,0,0.5,0.43
2016-02-11,2016,2,11,42,0.0,22.3,20.3,63.1,21.4,9.4,7.4,1005.1,15.1,1.0,0,0.5,0.42
2016-02-12,2016,2,12,43,0.0,22.0,17.7,62.5,33.3,8.6,9.8,1004.7,15.2,1.0,0,0.5,0.41
2016-02-13,2016,2,13,44,0.16,22.0,17.1,63.3,26.9,8.1,13.3,1006.9,14.5,1.0,0,0.23,0.41
2016-02-14,2016,2,14,45,0.0,23.3,19.2,59.9,29.6,8.6,14.9,1003.5,15.1,1.0,0,0.23,0.41
2016-02-15,2016,2,15,46,0.0,24.8,16.9,62.5,27.5,9.7,6.9,1004.0,18.2,1.0,0,0.23,0.32
2016-02-16,2016,2,16,47,0.0,23.5,17.6,59.0,34.8,9.8,8.2,1005.6,16.2,1.0,0,0.23,0.32
2016-02-17,2016,2,17,48,0.0,23.6,16.0,65.2,34.0,8.4,5.0,1006.4,15.9,1.0,0,0.02,0.32
2016-02-18,2016,2,18,49,0.0,22.0,17.6,67.1,25.4,10.2,13.9,1004.4,15.8,1.0,0,0.02,0.32
2016-02-19,2016,2,19,50,0.0,22.0,19.1,67.4,30.8,8.1,6.7,1007.8,15.9,1.0,0,0.02,0.32
2016-02-20,2016,2,20,51,0.0,24.5,17.3,65.3,11.4,11.5,5.0,998.3,17.5,1.0,0,0.0,0.32
2016-02-21,2016,2,21,52,0.0,23.1,17.3,60.7,22.6,9.4,9.1,1003.9,15.0,1.0,0,0.0,0.18
2016-02-22,2016,2,22,53,0.0,22.0,17.4,58.3,27.7,9.0,5.1,1004.0,14.0,1.0,0,0.0,0.15
2016-02-23,2016,2,23,54,0.0,23.5,20.4,60.0,17.5,9.9,5.5,1005.0,16.0,1.0,0,0.0,0.15
2016-02-24,2016,2,24,55,0.18,24.8,18.4,61.3,31.7,7.7,6.0,1005.2,16.6,1.0,0,0.03,0.16
2016-02-25,2016,2,25,56,0.0,25.1,18.2,59.8,14.3,9.6,12.0,1008.2,17.5,1.0,0,0.03,0.16
2016-02-26,2016,2,26,57,0.0,24.9,17.7,71.9,32.8,8.7,13.3,1001.6,18.7,1.0,0,0.03,0.16
2016-02-27,2016,2,27,58,0.0,23.7,19.5,64.9,25.3,8.5,9.6,1005.8,16.6,1.0,0,0.03,0.16
2016-02-28,2016,2,28,59,0.0,25.7,17.4,64.2,34.7,8.8,7.5,1006.8,18.6,1.0,0,0.03,0.16
2016-02-29,2016,2,29,60,14.26,24.9,20.0,68.7,27.8,8.0,6.4,1005.0,18.5,1.0,0,2.06,0.64
2016-03-01,2016,3,1,61,1.91,23.7,18.4,60.6,22.8,8.7,7.0,1003.2,16.5,1.0,0,2.34,0.7
2016-03-02,2016,3,2,62,10.39,23.5,20.0,66.5,40.1,8.1,10.4,1004.3,16.9,1.0,0,3.79,1.05
2016-03-03,2016,3,3,63,46.85,25.5,18.2,76.1,55.7,6.8,16.7,1003.2,20.3,1.0,0,10.49,2.61
2016-03-04,2016,3,4,64,5.03,26.7,19.7,67.5,12.7,11.8,10.4,1004.0,20.2,1.66,0,11.21,2.74
2016-03-05,2016,3,5,65,7.09,26.4,19.5,65.6,15.6,10.0,10.1,1006.3,19.9,1.0,0,12.22,2.98
2016-03-06,2016,3,6,66,0.36,25.8,18.8,64.4,35.8,9.0,9.0,1008.6,18.6,1.0,0,12.27,2.99
2016-03-07,2016,3,7,67,8.95,26.6,20.6,63.0,35.6,8.0,10.1,1003.1,19.3,1.04,0,11.51,3.22
2016-03-08,2016,3,8,68,4.55,29.4,20.6,56.8,29.8,10.3,9.9,1004.8,20.1,1.11,0,11.89,3.37
2016-03-09,2016,3,9,69,0.0,26.4,18.4,66.1,23.9,8.7,5.0,1002.5,19.4,1.0,0,10.4,3.37
2016-03-10,2016,3,10,70,0.42,26.3,18.4,58.6,21.5,9.6,5.0,1004.7,18.2,1.0,0,3.77,3.39
2016-03-11,2016,3,11,71,17.84,27.0,19.0,65.0,17.5,9.5,13.1,1002.0,19.0,1.0,0,5.6,3.93
2016-03-12,2016,3,12,72,3.73,27.4,19.0,58.9,18.9,10.6,8.3,1007.5,18.0,1.34,0,5.12,4.06
2016-03-13,2016,3,13,73,31.0,24.4,20.7,71.4,43.2,8.2,15.2,1005.9,17.9,1.0,0,9.5,5.09
2016-03-14,2016,3,14,74,0.0,26.8,20.0,58.3,20.1,11.2,10.2,1003.5,18.1,1.0,0,8.22,5.09
2016-03-15,2016,3,15,75,7.66,28.2,18.6,69.8,35.4,9.6,6.5,1003.8,21.6,1.0,0,8.66,5.34
2016-03-16,2016,3,16,76,10.53,29.4,18.7,70.6,37.6,8.1,12.6,1002.6,22.9,1.0,0,10.17,5.69
2016-03-17,2016,3,17,77,31.75,26.9,20.0,71.7,43.7,6.8,16.5,1003.5,20.7,1.0,0,14.64,6.75
2016-03-18,2016,3,18,78,10.56,26.4,21.0,61.9,28.2,10.6,8.3,1005.3,18.2,1.35,0,13.6,7.1
2016-03-19,2016,3,19,79,0.0,27.4,21.9,67.6,22.1,10.4,11.4,1003.8,20.3,1.05,0,13.07,7.1
2016-03-20,2016,3,20,80,3.37,26.3,20.3,66.4,26.4,9.6,6.4,1003.7,20.3,1.0,0,9.12,7.21
2016-03-21,2016,3,21,81,3.46,29.8,20.1,59.1,13.4,10.2,9.3,1007.5,20.7,1.49,0,9.62,7.33
2016-03-22,2016,3,22,82,0.0,28.3,20.0,61.8,8.1,10.6,10.0,1004.7,20.1,1.55,0,8.52,7.33
2016-03-23,2016,3,23,83,0.0,27.6,19.5,61.2,22.4,10.0,5.4,1003.1,19.6,1.11,0,7.02,7.33
2016-03-24,2016,3,24,84,26.41,29.5,20.4,71.2,28.9,9.6,10.6,1003.8,23.5,1.09,0,6.26,8.21
2016-03-25,2016,3,25,85,5.52,26.2,20.0,63.1,17.8,11.1,6.1,1002.9,18.3,1.22,0,5.54,8.39
2016-03-26,2016,3,26,86,19.41,25.0,20.2,67.3,28.2,10.3,9.4,1002.3,18.3,1.0,0,8.31,9.04
2016-03-27,2016,3,27,87,4.34,28.9,21.5,73.8,35.2,8.7,12.2,1004.4,24.1,1.18,0,8.45,9.18
2016-03-28,2016,3,28,88,0.0,30.0,19.1,62.4,30.6,8.7,6.5,1004.1,22.3,1.0,0,7.95,9.18
2016-03-29,2016,3,29,89,9.6,28.3,18.6,61.5,16.2,12.1,8.6,1006.1,20.2,1.09,0,9.33,9.5
2016-03-30,2016,3,30,90,0.0,27.6,19.9,58.5,35.7,8.5,9.0,1006.7,17.6,1.0,0,9.33,9.02
2016-03-31,2016,3,31,91,0.0,27.3,22.1,67.6,27.1,8.1,5.0,1005.8,20.6,1.0,0,5.55,8.96
2016-04-01,2016,4,1,92,18.18,27.1,21.7,65.7,32.8,8.3,6.2,1002.4,19.8,1.0,0,7.36,9.22
2016-04-02,2016,4,2,93,0.0,30.0,22.5,56.5,12.2,9.9,5.5,1003.9,21.3,1.0,0,4.59,7.66
2016-04-03,2016,4,3,94,0.0,30.4,19.4,60.5,20.0,10.1,5.6,1006.1,21.8,1.0,0,3.97,7.49
2016-04-04,2016,4,4,95,6.97,30.7,22.1,62.7,22.8,11.6,6.7,1004.4,23.5,1.74,0,4.96,7.49
2016-04-05,2016,4,5,96,7.25,29.5,19.9,69.2,13.0,11.6,11.1,1006.5,23.1,1.01,0,4.63,7.72
2016-04-06,2016,4,6,97,23.4,27.9,20.4,74.9,34.5,9.4,5.1,1003.3,23.6,1.0,0,7.97,8.2
2016-04-07,2016,4,7,98,0.0,28.7,20.3,59.3,26.8,9.8,12.1,1005.3,19.8,1.0,0,7.97,8.05
2016-04-08,2016,4,8,99,11.86,30.8,20.5,68.8,24.2,11.2,12.7,1003.6,23.8,1.0,0,7.07,8.44
2016-04-09,2016,4,9,100,2.85,28.4,25.2,61.4,16.1,11.4,5.0,1004.9,20.0,1.0,0,7.48,8.52
2016-04-10,2016,4,10,101,0.0,30.0,22.7,57.4,29.2,10.0,8.0,1005.1,19.9,1.38,0,7.48,7.93
2016-04-11,2016,4,11,102,0.0,28.7,20.0,67.9,26.3,9.4,5.0,1005.4,22.4,1.0,0,6.48,7.8
2016-04-12,2016,4,12,103,0.78,29.4,20.4,69.0,25.1,8.2,7.7,1003.9,22.7,1.0,0,5.56,6.8
2016-04-13,2016,4,13,104,8.07,28.8,22.5,65.8,27.7,7.9,5.4,1002.0,22.3,1.04,0,3.37,7.07
2016-04-14,2016,4,14,105,8.91,30.7,22.7,62.3,29.6,8.6,6.8,1002.4,22.9,1.03,0,4.64,7.11
2016-04-15,2016,4,15,106,0.0,28.6,21.8,57.1,28.3,11.2,6.5,1007.2,18.9,1.52,0,2.94,6.76
2016-04-16,2016,4,16,107,0.0,29.8,24.7,63.8,31.4,8.3,8.3,1004.7,21.5,1.0,0,2.54,5.7
2016-04-17,2016,4,17,108,4.46,32.4,21.7,68.6,30.7,10.0,7.9,1003.7,25.4,1.55,0,3.17,5.49
2016-04-18,2016,4,18,109,0.0,32.8,24.0,61.9,33.1,9.2,7.6,1006.4,25.4,1.0,0,3.17,5.49
2016-04-19,2016,4,19,110,5.11,32.4,23.9,68.2,13.0,11.6,11.9,1003.7,25.0,1.27,0,3.79,5.55
2016-04-20,2016,4,20,111,0.0,33.6,25.9,60.7,31.3,9.4,9.7,1004.7,24.3,1.15,0,2.64,5.44
2016-04-21,2016,4,21,112,0.0,29.7,26.1,59.4,20.7,9.2,8.3,1003.5,19.6,1.0,0,1.37,5.44
2016-04-22,2016,4,22,113,10.46,31.6,24.1,67.2,20.1,11.3,8.3,1005.0,24.7,1.22,0,2.86,5.79
2016-04-23,2016,4,23,114,16.72,32.0,23.4,60.3,36.4,9.7,15.4,1001.7,23.5,1.0,0,5.25,5.46
2016-04-24,2016,4,24,115,0.0,35.0,23.9,60.1,23.4,10.6,10.2,1001.8,26.0,1.0,0,4.61,5.28
2016-04-25,2016,4,25,116,1.64,31.8,24.3,66.2,34.3,9.5,5.8,1007.4,25.5,1.38,0,4.85,4.69
2016-04-26,2016,4,26,117,4.01,33.5,21.4,55.0,22.8,10.4,10.1,1003.8,23.2,1.23,0,4.69,4.68
2016-04-27,2016,4,27,118,29.78,35.0,21.9,66.7,38.9,8.2,14.3,1001.6,26.0,1.0,0,8.94,5.67
2016-04-28,2016,4,28,119,5.05,32.8,25.0,64.3,26.4,10.2,10.8,1004.5,26.0,1.0,0,9.67,5.52
2016-04-29,2016,4,29,120,5.56,32.0,25.5,60.4,26.4,9.9,9.2,1001.2,23.7,1.0,0,8.97,5.7
2016-04-30,2016,4,30,121,0.0,32.3,25.8,60.9,20.4,9.8,14.8,1006.7,24.4,1.7,0,6.58,5.7
2016-05-01,2016,5,1,122,30.96,30.4,23.8,64.4,26.8,10.1,14.1,1000.8,22.9,1.0,0,11.0,6.13
2016-05-02,2016,5,2,123,0.0,32.4,24.6,65.6,19.7,11.0,5.0,1003.8,25.0,1.0,0,10.77,6.13
2016-05-03,2016,5,3,124,0.5,31.1,23.7,67.8,31.3,9.4,5.0,1004.3,24.8,1.0,0,10.26,6.14
2016-05-04,2016,5,4,125,4.56,34.5,26.5,59.4,22.7,10.3,5.0,1003.5,25.3,1.07,0,6.66,6.06
2016-05-05,2016,5,5,126,11.7,31.1,24.0,69.2,38.5,8.1,11.8,1003.3,24.6,1.0,0,7.61,6.21
2016-05-06,2016,5,6,127,0.0,34.2,23.6,62.9,26.7,9.6,11.7,1006.5,25.7,1.61,0,6.82,5.43
2016-05-07,2016,5,7,128,4.53,35.4,24.4,67.8,28.1,9.1,13.9,1007.0,26.0,1.0,0,7.46,5.58
2016-05-08,2016,5,8,129,8.63,34.9,24.2,73.6,50.3,6.6,9.7,1007.2,26.0,1.0,0,4.27,5.48
2016-05-09,2016,5,9,130,0.79,33.2,24.7,60.0,22.6,9.3,8.7,1004.1,23.5,1.0,0,4.39,5.41
2016-05-10,2016,5,10,131,2.42,35.2,25.9,70.5,35.0,9.1,11.2,1004.0,26.0,1.25,0,4.66,5.49
2016-05-11,2016,5,11,132,19.56,34.2,25.1,78.5,57.0,7.4,11.7,1001.6,26.0,1.0,0,6.8,6.14
2016-05-12,2016,5,12,133,1.07,33.6,24.3,58.3,36.1,8.9,10.9,1003.2,23.5,1.08,0,5.29,6.15
2016-05-13,2016,5,13,134,9.26,33.9,24.3,72.8,40.4,9.1,8.6,1002.6,26.0,1.39,0,6.61,6.19
2016-05-14,2016,5,14,135,0.0,35.2,24.5,61.6,24.4,10.0,10.2,1000.7,26.0,1.07,0,5.96,5.89
2016-05-15,2016,5,15,136,0.0,32.3,22.9,67.8,17.0,11.2,8.8,1007.2,25.2,1.0,0,4.73,5.89
2016-05-16,2016,5,16,137,10.35,34.0,26.4,66.7,15.5,11.4,15.7,1000.4,26.0,1.64,0,6.09,6.24
2016-05-17,2016,5,17,138,5.72,35.4,26.1,66.0,31.8,9.2,12.7,1007.1,26.0,1.0,0,6.57,6.28
2016-05-18,2016,5,18,139,4.5,34.2,27.4,65.3,48.3,6.0,16.5,1004.2,26.0,1.35,0,4.41,6.43
2016-05-19,2016,5,19,140,5.5,33.1,26.0,64.7,28.8,9.9,12.3,1002.5,26.0,1.0,0,5.05,6.44
2016-05-20,2016,5,20,141,2.3,33.9,23.8,70.3,29.1,8.8,8.9,1001.0,26.0,1.0,0,4.05,6.52
2016-05-21,2016,5,21,142,0.0,35.6,25.9,68.3,34.0,8.7,8.4,1006.0,26.0,1.0,0,4.05,6.52
2016-05-22,2016,5,22,143,0.0,36.1,26.0,68.7,37.6,10.1,8.7,1001.6,26.0,1.27,0,4.05,6.17
2016-05-23,2016,5,23,144,4.73,37.1,26.7,67.5,40.0,8.9,13.9,1003.3,26.0,1.07,0,3.25,5.77
2016-05-24,2016,5,24,145,4.65,36.8,28.0,68.1,47.7,7.2,12.1,1006.3,26.0,1.0,0,3.1,5.93
2016-05-25,2016,5,25,146,2.06,36.8,24.5,69.7,31.9,9.7,10.3,1004.3,26.0,1.41,0,2.75,5.94
2016-05-26,2016,5,26,147,0.66,32.9,26.7,64.6,46.5,7.7,14.0,1003.8,26.0,1.0,0,2.06,5.83
2016-05-27,2016,5,27,148,0.0,37.0,25.9,65.7,42.4,7.5,13.6,1004.8,26.0,1.0,0,1.73,4.84
2016-05-28,2016,5,28,149,0.0,35.2,28.0,71.6,35.8,8.4,12.5,1007.0,26.0,1.05,0,1.73,4.67
2016-05-29,2016,5,29,150,10.67,33.9,27.3,74.2,38.2,9.2,11.2,1002.9,26.0,1.0,0,3.25,4.84
2016-05-30,2016,5,30,151,3.63,37.0,26.0,74.7,33.5,9.3,7.7,1004.8,26.0,1.19,0,3.1,4.96
2016-05-31,2016,5,31,152,169.53,36.5,28.0,73.4,82.1,3.3,26.4,1004.5,26.0,1.0,1,26.65,9.58
2016-06-01,2016,6,1,153,23.88,37.7,26.1,82.9,52.7,7.6,16.2,1001.4,26.0,1.27,1,29.77,10.37
2016-06-02,2016,6,2,154,104.36,35.6,27.3,87.3,78.2,4.4,26.9,1001.4,26.0,1.0,1,44.58,13.84
2016-06-03,2016,6,3,155,110.96,36.5,26.1,87.7,83.3,3.9,19.1,1003.3,26.0,1.0,1,60.43,17.38
2016-06-04,2016,6,4,156,226.49,33.9,26.7,78.0,68.1,6.5,24.9,1003.2,26.0,1.0,1,92.79,24.54
2016-06-05,2016,6,5,157,94.38,38.0,28.0,81.9,89.9,4.1,19.8,1005.4,26.0,1.0,1,104.75,27.69
2016-06-06,2016,6,6,158,4.71,34.7,26.3,70.5,48.2,7.8,13.2,1003.2,26.0,1.0,1,104.9,27.69
2016-06-07,2016,6,7,159,56.55,35.6,23.1,83.6,70.6,6.0,20.2,1001.8,26.0,1.0,1,88.76,29.29
2016-06-08,2016,6,8,160,122.33,35.3,25.9,92.3,85.3,3.9,26.8,1001.9,26.0,1.0,1,102.83,33.34
2016-06-09,2016,6,9,161,165.29,37.2,28.0,86.5,72.6,4.8,26.8,1000.2,26.0,1.0,1,111.53,38.77
2016-06-10,2016,6,10,162,29.3,35.7,28.0,85.0,70.6,3.8,15.8,1002.1,26.0,1.0,1,99.86,39.1
2016-06-11,2016,6,11,163,23.8,38.0,26.1,85.0,79.1,5.3,16.0,1004.5,26.0,1.0,1,70.91,39.85
2016-06-12,2016,6,12,164,78.73,37.6,25.1,88.1,72.7,6.0,23.2,1000.8,26.0,1.0,1,68.67,42.17
2016-06-13,2016,6,13,165,255.99,35.0,26.5,87.6,78.7,5.6,19.2,1003.4,26.0,1.0,1,104.57,50.7
2016-06-14,2016,6,14,166,88.73,38.0,28.0,91.1,78.2,4.0,25.2,1002.2,26.0,1.0,1,109.17,53.66
2016-06-15,2016,6,15,167,141.63,38.0,26.9,80.8,77.9,4.6,18.5,1001.5,26.0,1.0,1,111.92,58.04
2016-06-16,2016,6,16,168,175.97,36.3,24.8,89.9,100.0,1.3,22.6,1001.7,26.0,1.0,1,113.45,63.71
2016-06-17,2016,6,17,169,323.68,35.7,27.9,93.8,83.1,4.6,26.3,1001.5,26.0,1.0,1,155.5,74.35
2016-06-18,2016,6,18,170,846.84,38.0,28.0,88.5,100.0,2.4,26.0,1002.3,26.0,1.0,1,273.08,102.4
2016-06-19,2016,6,19,171,249.89,38.0,28.0,90.5,100.0,2.5,28.4,1002.4,26.0,1.0,1,297.53,110.65
2016-06-20,2016,6,20,172,190.21,36.1,24.8,92.5,98.6,4.2,25.7,1002.9,26.0,1.0,1,288.14,116.99
2016-06-21,2016,6,21,173,96.94,38.0,28.0,86.6,93.6,3.3,29.5,1005.4,26.0,1.0,1,289.31,120.22
2016-06-22,2016,6,22,174,153.99,36.8,27.6,98.0,100.0,3.7,27.7,998.9,26.0,1.0,1,291.07,125.2
2016-06-23,2016,6,23,175,215.16,38.0,26.6,84.4,85.3,4.3,27.2,1000.8,26.0,1.0,1,296.67,132.21
2016-06-24,2016,6,24,176,63.32,35.4,25.4,80.1,67.9,6.0,19.4,1004.4,26.0,1.0,1,259.48,134.25
2016-06-25,2016,6,25,177,97.0,36.7,25.2,91.9,94.6,1.9,31.7,1004.3,26.0,1.0,1,152.36,137.47
2016-06-26,2016,6,26,178,335.53,37.5,26.5,87.4,81.9,3.7,23.1,1002.8,26.0,1.0,1,164.59,148.65
2016-06-27,2016,6,27,179,138.57,36.3,26.5,90.7,89.0,2.7,27.7,1001.1,26.0,1.0,1,157.22,153.27
2016-06-28,2016,6,28,180,185.68,37.8,27.4,91.5,100.0,2.7,32.9,998.4,26.0,1.0,1,169.89,159.1
2016-06-29,2016,6,29,181,112.33,37.4,28.0,92.1,99.9,0.8,21.0,1003.0,26.0,1.0,1,163.94,162.73
2016-06-30,2016,6,30,182,150.68,37.6,27.4,85.5,100.0,4.1,26.0,1004.9,26.0,1.0,1,154.73,162.1
2016-07-01,2016,7,1,183,140.46,37.3,25.7,88.0,93.3,3.4,19.9,1005.4,26.0,1.0,1,165.75,165.98
2016-07-02,2016,7,2,184,151.15,36.0,26.3,95.9,100.0,1.4,29.7,1001.3,26.0,1.0,1,173.49,167.54
2016-07-03,2016,7,3,185,46.19,37.9,28.0,86.3,74.4,4.8,22.3,1003.1,26.0,1.0,1,132.15,165.38
2016-07-04,2016,7,4,186,180.64,37.8,26.7,91.4,100.0,3.6,26.1,1002.6,26.0,1.0,1,138.16,163.86
2016-07-05,2016,7,5,187,121.47,36.5,27.4,89.5,99.8,2.5,25.4,999.7,26.0,1.0,1,128.99,164.76
2016-07-06,2016,7,6,188,69.57,38.0,28.0,92.8,100.0,2.0,25.5,1002.9,26.0,1.0,1,122.88,166.92
2016-07-07,2016,7,7,189,254.1,38.0,28.0,90.9,94.3,3.3,30.0,998.6,26.0,1.0,1,137.65,173.51
2016-07-08,2016,7,8,190,62.89,38.0,26.9,97.4,99.9,2.4,23.3,1001.8,26.0,1.0,1,126.57,171.52
2016-07-09,2016,7,9,191,366.91,36.8,26.4,89.9,100.0,2.7,27.8,1004.2,26.0,1.0,1,157.4,178.24
2016-07-10,2016,7,10,192,6.46,34.5,28.0,75.4,59.0,6.2,18.0,1006.5,26.0,1.0,1,151.72,177.48
2016-07-11,2016,7,11,193,125.14,38.0,26.8,88.5,100.0,2.5,27.7,1002.3,26.0,1.0,1,143.79,180.86
2016-07-12,2016,7,12,194,169.92,38.0,28.0,98.0,100.0,2.7,29.5,1006.1,26.0,1.0,1,150.71,183.9
2016-07-13,2016,7,13,195,146.12,38.0,28.0,89.0,100.0,2.9,25.6,1001.7,26.0,1.0,1,161.65,180.24
2016-07-14,2016,7,14,196,82.05,38.0,27.5,87.8,100.0,3.2,26.6,999.9,26.0,1.0,1,137.07,180.02
2016-07-15,2016,7,15,197,84.2,38.0,26.1,96.7,92.6,2.3,28.9,1004.1,26.0,1.0,1,140.11,178.1
2016-07-16,2016,7,16,198,849.32,36.4,27.6,98.0,100.0,1.6,24.8,1002.6,26.0,1.0,1,209.03,200.55
2016-07-17,2016,7,17,199,368.75,36.4,28.0,98.0,99.3,1.8,28.3,1000.0,26.0,1.0,1,260.79,202.05
2016-07-18,2016,7,18,200,170.4,36.4,27.1,94.7,100.0,4.2,28.4,1002.2,26.0,1.09,1,267.25,179.5
2016-07-19,2016,7,19,201,96.2,38.0,25.9,82.6,100.0,1.5,31.8,1002.1,26.0,1.0,1,256.72,174.38
2016-07-20,2016,7,20,202,447.16,36.0,26.8,95.0,100.0,3.0,33.2,1005.3,26.0,1.0,1,299.73,182.94
2016-07-21,2016,7,21,203,279.86,35.5,28.0,98.0,100.0,1.8,33.5,1003.8,26.0,1.0,1,327.98,189.04
2016-07-22,2016,7,22,204,32.87,36.8,28.0,87.0,67.0,5.6,23.9,1001.2,26.0,1.0,1,320.65,185.0
2016-07-23,2016,7,23,205,566.67,37.4,27.5,94.2,98.4,2.6,26.3,1002.5,26.0,1.0,1,280.27,196.72
2016-07-24,2016,7,24,206,17.43,37.7,26.9,89.6,88.6,1.8,17.7,1001.6,26.0,1.0,1,230.08,195.19
2016-07-25,2016,7,25,207,136.74,37.0,27.2,98.0,100.0,3.5,31.7,1005.1,26.0,1.0,1,225.28,196.52
2016-07-26,2016,7,26,208,109.5,38.0,26.8,92.9,100.0,3.0,32.8,1001.3,26.0,1.0,1,227.18,188.98
2016-07-27,2016,7,27,209,33.0,38.0,27.5,96.7,96.3,3.0,20.0,1000.8,26.0,1.0,1,168.01,185.46
2016-07-28,2016,7,28,210,96.31,37.7,27.6,98.0,100.0,3.1,35.0,1000.2,26.0,1.0,1,141.79,182.48
2016-07-29,2016,7,29,211,108.68,38.0,27.0,96.4,100.0,1.4,34.6,1003.5,26.0,1.0,1,152.62,182.36
2016-07-30,2016,7,30,212,143.21,38.0,26.2,98.0,100.0,1.5,35.0,1002.8,26.0,1.0,1,92.12,182.11
2016-07-31,2016,7,31,213,41.15,36.0,28.0,98.0,92.2,3.2,26.1,1000.8,26.0,1.0,1,95.51,178.8
2016-08-01,2016,8,1,214,191.94,36.1,27.5,98.0,100.0,2.7,27.9,1000.8,26.0,1.0,1,103.4,180.16
2016-08-02,2016,8,2,215,278.27,36.0,28.0,98.0,100.0,1.1,33.4,1006.4,26.0,1.0,1,127.51,187.9
2016-08-03,2016,8,3,216,204.43,37.0,26.2,94.4,100.0,3.4,31.3,1005.0,26.0,1.0,1,152.0,188.69
2016-08-04,2016,8,4,217,62.15,36.8,27.0,98.0,100.0,3.2,29.0,1002.3,26.0,1.0,1,147.12,186.71
2016-08-05,2016,8,5,218,38.53,38.0,26.1,95.0,100.0,1.7,29.6,1004.1,26.0,1.0,1,137.1,185.68
2016-08-06,2016,8,6,219,94.44,36.9,28.0,98.0,100.0,2.9,30.3,1001.5,26.0,1.0,1,130.13,180.36
2016-08-07,2016,8,7,220,56.26,37.4,25.6,97.7,100.0,2.2,29.4,1002.4,26.0,1.0,1,132.29,180.14
2016-08-08,2016,8,8,221,227.32,35.2,25.7,98.0,100.0,1.9,31.0,1004.5,26.0,1.0,1,137.34,175.48
2016-08-09,2016,8,9,222,381.39,37.3,26.9,98.0,100.0,2.3,30.6,1002.5,26.0,1.0,1,152.07,187.98
2016-08-10,2016,8,10,223,94.86,36.1,25.4,97.2,100.0,1.2,30.4,1000.1,26.0,1.0,1,136.42,186.97
2016-08-11,2016,8,11,224,177.59,35.9,28.0,98.0,100.0,2.7,30.2,1001.0,26.0,1.0,1,152.91,187.23
2016-08-12,2016,8,12,225,47.97,35.7,25.0,98.0,100.0,2.9,24.4,1002.9,26.0,1.0,1,154.26,183.96
2016-08-13,2016,8,13,226,66.82,38.0,26.3,98.0,100.0,2.7,35.0,1003.6,26.0,1.0,1,150.32,183.45
2016-08-14,2016,8,14,227,684.15,34.8,26.1,98.0,100.0,3.4,32.8,1005.1,26.0,1.0,1,240.01,203.45
2016-08-15,2016,8,15,228,150.47,37.5,26.9,98.0,100.0,1.6,34.2,1000.5,26.0,1.0,1,229.04,180.15
2016-08-16,2016,8,16,229,90.74,36.3,25.5,98.0,100.0,2.7,31.1,1003.2,26.0,1.0,1,187.51,170.88
2016-08-17,2016,8,17,230,326.89,34.2,26.7,98.0,100.0,4.0,30.2,1000.4,26.0,1.0,1,220.66,176.1
2016-08-18,2016,8,18,231,27.11,35.8,25.3,94.1,86.9,4.8,23.0,1000.3,26.0,1.0,1,199.16,173.8
2016-08-19,2016,8,19,232,36.35,32.6,25.1,93.0,99.2,3.3,24.4,1002.9,26.0,1.0,1,197.5,160.1
2016-08-20,2016,8,20,233,104.62,38.0,25.9,98.0,100.0,2.7,33.7,1000.0,26.0,1.0,1,202.9,154.26
2016-08-21,2016,8,21,234,82.57,35.4,26.0,98.0,100.0,2.3,32.9,1002.0,26.0,1.0,1,116.96,155.92
2016-08-22,2016,8,22,235,299.21,37.5,25.7,98.0,100.0,2.4,35.0,1001.8,26.0,1.0,1,138.21,147.0
2016-08-23,2016,8,23,236,172.73,37.8,25.6,98.0,100.0,2.3,31.2,1000.8,26.0,1.0,1,149.93,152.18
2016-08-24,2016,8,24,237,162.93,34.8,27.6,98.0,100.0,2.9,35.0,1003.9,26.0,1.0,1,126.5,153.05
2016-08-25,2016,8,25,238,57.54,35.6,26.2,98.0,100.0,3.0,24.1,1001.6,26.0,1.0,1,130.85,151.32
2016-08-26,2016,8,26,239,70.36,35.7,26.1,98.0,100.0,1.2,30.9,1001.7,26.0,1.0,1,135.71,152.57
2016-08-27,2016,8,27,240,203.21,38.0,27.0,96.6,100.0,1.5,35.0,1000.6,26.0,1.0,1,149.79,156.13
2016-08-28,2016,8,28,241,85.52,35.0,24.0,98.0,100.0,1.4,30.1,1006.7,26.0,1.0,1,150.21,155.36
2016-08-29,2016,8,29,242,132.25,35.1,28.0,98.0,100.0,1.8,35.0,1001.0,26.0,1.0,1,126.36,154.99
2016-08-30,2016,8,30,243,161.46,32.9,23.5,98.0,100.0,2.1,35.0,1001.1,26.0,1.0,1,124.75,159.0
2016-08-31,2016,8,31,244,156.89,33.6,26.9,98.0,100.0,2.4,32.9,1003.0,26.0,1.0,1,123.89,157.83
2016-09-01,2016,9,1,245,247.74,34.1,23.4,98.0,100.0,2.5,29.7,1002.7,26.0,1.0,1,151.06,156.82
2016-09-02,2016,9,2,246,115.91,36.7,25.2,98.0,100.0,2.8,33.3,1000.4,26.0,1.0,1,157.57,153.87
2016-09-03,2016,9,3,247,56.6,37.4,24.5,98.0,100.0,2.3,28.5,996.7,26.0,1.0,1,136.62,153.68
2016-09-04,2016,9,4,248,352.13,35.2,27.0,98.0,100.0,2.0,31.3,1003.5,26.0,1.0,1,174.71,164.13
2016-09-05,2016,9,5,249,158.62,34.9,26.0,98.0,100.0,1.4,28.2,1000.6,26.0,1.0,1,178.48,166.27
2016-09-06,2016,9,6,250,143.89,35.3,24.6,98.0,100.0,1.7,34.0,1003.3,26.0,1.0,1,175.97,169.19
2016-09-07,2016,9,7,251,102.93,33.1,25.5,98.0,100.0,1.7,32.4,1002.3,26.0,1.0,1,168.26,165.05
2016-09-08,2016,9,8,252,145.87,36.1,25.1,98.0,100.0,2.7,31.3,1002.9,26.0,1.0,1,153.71,157.2
2016-09-09,2016,9,9,253,104.9,31.7,25.6,98.0,100.0,2.5,30.4,1001.9,26.0,1.0,1,152.13,157.53
2016-09-10,2016,9,10,254,244.2,33.1,24.4,98.0,100.0,2.3,32.4,1003.7,26.0,1.0,1,178.93,159.75
2016-09-11,2016,9,11,255,111.64,34.6,23.7,98.0,100.0,2.5,35.0,999.6,26.0,1.0,1,144.58,161.88
2016-09-12,2016,9,12,256,105.16,32.8,21.9,98.0,100.0,1.9,35.0,1001.1,26.0,1.0,1,136.94,163.15
2016-09-13,2016,9,13,257,48.54,37.1,24.0,98.0,100.0,1.6,30.5,999.5,26.0,1.0,1,123.32,141.97
2016-09-14,2016,9,14,258,35.2,34.3,24.5,98.0,100.0,0.7,25.8,1000.6,26.0,1.0,1,113.64,138.12
2016-09-15,2016,9,15,259,117.48,34.6,23.0,98.0,100.0,1.7,35.0,1000.2,26.0,1.0,1,109.59,139.01
2016-09-16,2016,9,16,260,275.25,31.9,24.0,98.0,100.0,0.8,33.0,1003.0,26.0,1.0,1,133.92,137.29
2016-09-17,2016,9,17,261,34.73,34.3,25.4,98.0,100.0,2.2,29.1,998.1,26.0,1.0,1,104.0,137.55
2016-09-18,2016,9,18,262,179.55,34.0,24.0,98.0,100.0,1.2,35.0,1002.8,26.0,1.0,1,113.7,142.32
2016-09-19,2016,9,19,263,86.38,35.0,23.0,97.7,100.0,1.8,34.2,1005.3,26.0,1.0,1,111.02,141.71
2016-09-20,2016,9,20,264,64.33,29.2,24.9,98.0,100.0,1.8,26.5,1003.8,26.0,1.0,1,113.27,141.11
2016-09-21,2016,9,21,265,73.83,31.2,23.9,98.0,100.0,0.2,35.0,999.9,26.0,1.0,1,118.79,133.59
2016-09-22,2016,9,22,266,107.5,32.7,23.8,98.0,100.0,0.4,35.0,1003.2,26.0,1.0,1,117.37,131.42
2016-09-23,2016,9,23,267,80.93,32.7,23.0,98.0,100.0,2.5,30.3,1004.4,26.0,1.0,1,89.61,128.68
2016-09-24,2016,9,24,268,59.09,31.9,21.9,98.0,100.0,2.0,32.8,1001.8,26.0,1.0,1,93.09,128.74
2016-09-25,2016,9,25,269,49.0,29.6,23.6,94.1,100.0,3.0,30.0,1005.2,26.0,1.0,1,74.44,128.02
2016-09-26,2016,9,26,270,107.46,32.0,23.6,98.0,100.0,2.3,35.0,1002.7,26.0,1.0,1,77.45,124.83
2016-09-27,2016,9,27,271,94.19,32.0,22.2,98.0,100.0,1.5,30.8,1003.7,26.0,1.0,1,81.71,125.12
2016-09-28,2016,9,28,272,76.49,31.4,23.2,98.0,100.0,0.3,35.0,1001.1,26.0,1.0,1,82.09,123.26
2016-09-29,2016,9,29,273,268.13,31.2,24.0,98.0,100.0,2.5,33.3,1003.0,26.0,1.0,1,105.04,126.82
2016-09-30,2016,9,30,274,24.8,32.6,21.6,95.2,100.0,3.0,23.6,1001.8,26.0,1.0,1,97.02,122.42
2016-10-01,2016,10,1,275,8.5,30.8,23.2,95.8,100.0,0.3,26.6,1003.7,26.0,1.0,1,89.8,114.44
2016-10-02,2016,10,2,276,17.9,29.0,22.5,98.0,100.0,2.0,28.2,1003.5,26.0,1.0,1,85.35,111.17
2016-10-03,2016,10,3,277,18.7,32.9,23.7,93.7,94.5,2.3,26.2,1000.9,26.0,1.0,1,72.67,109.91
2016-10-04,2016,10,4,278,9.5,32.6,23.7,98.0,100.0,0.1,26.3,1003.3,26.0,1.0,1,60.57,98.49
2016-10-05,2016,10,5,279,9.77,30.4,22.4,98.0,100.0,0.8,22.7,1007.4,26.0,1.0,1,51.04,93.53
2016-10-06,2016,10,6,280,23.57,31.7,22.2,95.5,100.0,2.1,24.9,1004.5,26.0,1.0,1,16.11,89.52
2016-10-07,2016,10,7,281,13.51,27.9,21.9,98.0,98.9,3.1,28.7,1004.0,26.0,1.03,1,14.49,86.54
2016-10-08,2016,10,8,282,11.06,29.9,20.8,91.0,76.3,4.3,17.3,1003.7,26.0,1.0,1,14.86,82.04
2016-10-09,2016,10,9,283,6.48,27.4,22.4,97.7,100.0,1.9,17.5,1005.6,26.0,1.0,1,13.23,78.76
2016-10-10,2016,10,10,284,22.47,31.5,21.9,94.5,100.0,1.7,25.2,1001.4,26.0,1.0,1,13.77,71.37
2016-10-11,2016,10,11,285,21.59,27.4,20.9,90.0,90.0,3.3,24.3,1003.9,25.7,1.0,1,15.49,68.37
2016-10-12,2016,10,12,286,17.6,28.9,19.3,98.0,91.5,2.3,28.9,1000.5,26.0,1.0,1,16.61,65.45
2016-10-13,2016,10,13,287,17.4,29.7,22.2,98.0,100.0,2.0,24.0,1001.3,26.0,1.0,1,15.73,64.41
2016-10-14,2016,10,14,288,20.65,30.5,21.0,96.7,100.0,3.1,26.4,1001.7,26.0,1.0,1,16.75,63.93
2016-10-15,2016,10,15,289,18.44,29.9,22.2,89.7,87.6,2.2,28.0,1005.7,26.0,1.0,1,17.8,60.63
2016-10-16,2016,10,16,290,22.93,30.7,19.6,98.0,95.8,2.3,28.8,1005.2,26.0,1.0,1,20.15,52.22
2016-10-17,2016,10,17,291,10.93,30.0,21.3,98.0,99.4,1.6,20.8,1003.9,26.0,1.0,1,18.51,51.42
2016-10-18,2016,10,18,292,24.21,30.7,21.1,90.2,94.4,2.0,27.2,1001.6,26.0,1.0,1,18.88,46.24
2016-10-19,2016,10,19,293,16.29,25.9,20.7,96.3,97.0,1.7,19.6,1001.9,24.3,1.0,1,18.69,43.91
2016-10-20,2016,10,20,294,15.72,27.7,22.8,97.3,100.0,1.7,27.4,1005.1,26.0,1.0,1,18.45,42.29
2016-10-21,2016,10,21,295,3.16,29.0,21.0,85.8,99.7,1.6,21.7,1004.3,26.0,1.0,1,15.95,39.93
2016-10-22,2016,10,22,296,34.46,30.5,18.6,98.0,100.0,1.3,29.1,1003.5,26.0,1.0,1,18.24,37.5
2016-10-23,2016,10,23,297,10.63,27.3,20.1,98.0,100.0,2.2,22.8,1004.2,26.0,1.0,1,16.49,35.15
2016-10-24,2016,10,24,298,33.61,30.8,18.6,98.0,100.0,1.4,26.2,1006.5,26.0,1.0,1,19.73,34.3
2016-10-25,2016,10,25,299,50.68,28.3,22.1,98.0,100.0,1.2,30.8,1001.1,26.0,1.0,1,23.51,34.36
2016-10-26,2016,10,26,300,18.45,26.6,20.6,98.0,100.0,1.1,25.6,1003.0,26.0,1.0,1,23.82,31.39
2016-10-27,2016,10,27,301,13.64,25.8,20.1,89.1,90.0,3.3,22.1,1001.2,24.4,1.0,1,23.52,28.71
2016-10-28,2016,10,28,302,12.46,28.5,18.5,96.5,96.8,0.8,19.6,1002.7,26.0,1.0,1,24.85,26.57
2016-10-29,2016,10,29,303,5.3,26.3,20.3,85.1,89.4,2.9,21.1,1004.8,23.3,1.0,1,20.68,17.81
2016-10-30,2016,10,30,304,19.95,26.7,21.2,93.0,92.7,2.8,25.4,1003.8,25.0,1.0,1,22.01,17.65
2016-10-31,2016,10,31,305,115.62,27.2,20.6,98.0,100.0,0.0,35.0,1000.1,26.0,1.0,1,33.73,21.22
2016-11-01,2016,11,1,306,1.98,27.2,20.5,86.9,94.2,1.6,21.0,1005.6,24.6,1.0,1,26.77,20.69
2016-11-02,2016,11,2,307,13.59,29.6,21.4,89.6,92.5,3.2,20.9,1001.2,26.0,1.0,1,26.08,20.52
2016-11-03,2016,11,3,308,6.05,27.2,21.5,88.8,67.2,6.6,18.5,1003.2,25.4,1.0,1,24.99,20.41
2016-11-04,2016,11,4,309,26.16,25.6,19.7,95.2,100.0,1.0,25.7,1003.2,25.3,1.0,1,26.95,20.95
2016-11-05,2016,11,5,310,35.85,25.2,20.2,98.0,100.0,0.9,25.5,999.1,23.9,1.0,1,31.31,21.36
2016-11-06,2016,11,6,311,65.34,28.7,21.4,98.0,100.0,1.1,29.1,1001.5,26.0,1.0,1,37.8,23.09
2016-11-07,2016,11,7,312,13.73,25.3,18.1,95.9,100.0,2.1,27.6,1003.7,23.8,1.0,1,23.24,23.18
2016-11-08,2016,11,8,313,80.78,26.9,19.8,98.0,100.0,1.7,34.0,1002.0,26.0,1.0,1,34.5,25.66
2016-11-09,2016,11,9,314,34.73,26.2,17.9,98.0,100.0,1.8,27.3,1002.0,26.0,1.0,1,37.52,26.06
2016-11-10,2016,11,10,315,46.26,26.4,18.6,90.0,100.0,2.2,26.0,1004.5,25.0,1.0,1,43.26,26.89
2016-11-11,2016,11,11,316,79.93,27.7,20.6,94.6,100.0,2.9,32.4,1000.4,26.0,1.0,1,50.95,28.96
2016-11-12,2016,11,12,317,24.09,25.9,17.9,97.9,100.0,0.1,24.5,1000.1,25.3,1.0,1,49.27,29.19
2016-11-13,2016,11,13,318,5.49,26.6,20.1,85.5,81.0,4.0,19.6,1002.1,24.0,1.0,1,40.72,28.68
2016-11-14,2016,11,14,319,29.74,25.8,18.0,95.1,95.7,2.9,27.1,1004.2,25.0,1.0,1,43.0,29.06
2016-11-15,2016,11,15,320,8.39,24.5,20.0,79.3,69.6,5.1,19.7,1003.1,20.2,1.0,1,32.66,28.57
2016-11-16,2016,11,16,321,135.36,25.8,20.3,98.0,100.0,1.3,35.0,1004.5,25.3,1.0,1,47.04,32.72
2016-11-17,2016,11,17,322,37.94,24.0,17.4,90.4,86.0,3.9,27.8,1004.0,22.3,1.0,1,45.85,33.18
2016-11-18,2016,11,18,323,14.38,23.1,19.2,87.4,86.8,2.5,23.6,1004.7,21.4,1.0,1,36.48,33.12
2016-11-19,2016,11,19,324,19.24,25.6,19.7,91.8,94.2,2.3,22.8,1001.3,24.3,1.0,1,35.79,33.23
2016-11-20,2016,11,20,325,10.51,25.4,17.7,88.9,86.1,2.0,20.9,1002.3,23.9,1.0,1,36.51,33.48
2016-11-21,2016,11,21,326,0.95,25.1,18.9,83.3,87.0,2.7,22.7,1009.9,22.5,1.0,1,32.4,32.36
2016-11-22,2016,11,22,327,146.77,24.4,16.7,98.0,100.0,2.6,30.3,1004.9,23.2,1.0,1,52.16,36.9
2016-11-23,2016,11,23,328,3.62,24.2,20.7,83.3,78.6,4.5,12.9,1007.8,21.2,1.0,1,33.34,35.9
2016-11-24,2016,11,24,329,10.19,22.6,17.1,86.4,83.2,3.7,19.8,1000.1,20.4,1.0,1,29.38,34.55
2016-11-25,2016,11,25,330,45.43,22.0,17.6,89.9,89.3,4.6,24.7,1002.4,20.4,1.0,1,33.82,35.45
2016-11-26,2016,11,26,331,11.33,25.4,17.7,92.3,69.9,5.2,18.6,1005.3,24.2,1.0,1,32.69,35.37
2016-11-27,2016,11,27,332,7.24,25.3,17.9,82.5,79.5,3.2,22.9,1006.1,21.6,1.0,1,32.22,35.2
2016-11-28,2016,11,28,333,26.13,23.5,18.3,85.4,90.6,2.7,18.3,1004.8,20.7,1.0,1,35.82,35.89
2016-11-29,2016,11,29,334,32.34,26.0,18.2,87.1,87.5,2.9,22.7,1004.0,24.0,1.0,1,19.47,36.31
2016-11-30,2016,11,30,335,0.0,24.5,16.3,82.6,68.4,4.2,18.3,1005.6,21.4,1.0,0,18.95,32.45
2016-12-01,2016,12,1,336,0.05,24.1,16.0,81.3,66.1,5.0,16.6,1005.9,21.5,1.0,0,17.5,32.39
2016-12-02,2016,12,2,337,0.0,26.6,19.5,80.5,62.9,5.4,21.1,1006.4,23.7,1.0,0,11.01,31.93
2016-12-03,2016,12,3,338,0.0,22.0,18.8,85.2,74.0,4.9,23.1,1004.1,19.9,1.0,0,9.39,31.73
2016-12-04,2016,12,4,339,0.69,23.3,16.0,77.3,62.7,6.3,18.5,1007.4,19.3,1.0,0,8.46,30.88
2016-12-05,2016,12,5,340,0.38,22.0,17.8,82.8,82.1,2.3,19.0,1006.7,18.4,1.0,0,4.78,29.7
2016-12-06,2016,12,6,341,0.0,22.7,18.2,80.8,77.3,4.1,19.9,1004.8,18.7,1.0,0,0.16,27.52
2016-12-07,2016,12,7,342,0.0,23.1,19.7,81.8,79.7,3.8,18.4,1005.1,19.4,1.0,0,0.16,27.07
2016-12-08,2016,12,8,343,0.0,23.0,16.6,80.4,80.3,4.4,23.1,1004.4,19.1,1.0,0,0.15,24.37
2016-12-09,2016,12,9,344,0.0,22.0,18.3,76.7,64.7,4.6,16.3,1003.2,18.3,1.0,0,0.15,23.22
2016-12-10,2016,12,10,345,0.0,23.1,17.9,70.6,70.9,4.2,18.6,1005.9,17.4,1.0,0,0.15,21.67
2016-12-11,2016,12,11,346,0.0,22.0,16.2,82.5,67.6,5.0,16.2,1008.0,19.4,1.0,0,0.05,19.01
2016-12-12,2016,12,12,347,0.0,24.6,16.6,78.9,65.4,5.2,21.0,1003.7,20.8,1.0,0,0.0,18.21
2016-12-13,2016,12,13,348,0.0,23.9,16.0,79.2,65.4,5.5,14.4,1006.8,19.6,1.0,0,0.0,18.02
2016-12-14,2016,12,14,349,0.0,23.2,17.3,78.3,59.5,6.4,14.2,1007.1,19.7,1.0,0,0.0,17.03
2016-12-15,2016,12,15,350,0.0,22.0,16.0,72.3,61.4,5.2,16.8,1005.9,16.9,1.0,0,0.0,16.75
2016-12-16,2016,12,16,351,0.37,22.8,16.6,79.0,64.5,4.3,21.1,1003.8,19.9,1.0,0,0.05,12.25
2016-12-17,2016,12,17,352,0.0,23.6,16.4,77.8,69.7,3.8,21.0,1005.5,19.7,1.0,0,0.05,10.99
2016-12-18,2016,12,18,353,0.0,22.0,16.0,77.2,61.7,6.4,11.2,1002.7,17.2,1.0,0,0.05,10.51
2016-12-19,2016,12,19,354,3.79,22.0,17.1,85.8,64.1,4.3,19.7,1002.5,19.5,1.0,0,0.59,9.99
2016-12-20,2016,12,20,355,0.0,23.5,17.5,77.4,68.1,5.5,16.4,1006.4,18.8,1.0,0,0.59,9.64
2016-12-21,2016,12,21,356,0.0,23.2,16.0,76.2,54.2,4.4,14.4,1005.8,18.1,1.0,0,0.59,9.61
2016-12-22,2016,12,22,357,0.0,22.8,16.6,75.8,59.7,6.0,20.0,1002.5,17.6,1.0,0,0.59,4.72
2016-12-23,2016,12,23,358,0.15,22.0,16.0,72.0,63.7,5.0,17.9,1001.8,17.0,1.0,0,0.56,4.6
2016-12-24,2016,12,24,359,1.56,23.7,16.7,77.2,67.5,5.4,17.8,1007.8,19.5,1.0,0,0.79,4.32
2016-12-25,2016,12,25,360,0.0,23.9,18.0,76.7,70.2,4.3,16.6,1005.4,18.5,1.0,0,0.79,2.8
2016-12-26,2016,12,26,361,0.23,22.6,16.0,72.9,60.5,5.4,14.0,1004.2,17.2,1.0,0,0.28,2.43
2016-12-27,2016,12,27,362,2.23,22.0,16.2,79.2,61.4,5.5,16.0,1003.7,18.9,1.0,0,0.6,2.26
2016-12-28,2016,12,28,363,0.0,22.0,19.0,76.8,70.9,3.5,15.9,1006.1,17.9,1.0,0,0.6,1.39
2016-12-29,2016,12,29,364,0.0,22.0,16.0,74.2,49.7,6.7,11.6,1005.3,16.3,1.39,0,0.6,0.32
2016-12-30,2016,12,30,365,0.0,22.0,16.0,77.7,63.8,5.2,16.7,1005.1,17.6,1.0,0,0.57,0.32
2016-12-31,2016,12,31,366,0.0,22.0,16.4,72.6,55.5,7.3,18.6,1000.9,17.2,1.0,0,0.35,0.31
2017-01-01,2017,1,1,1,0.0,22.6,19.3,77.3,39.6,8.3,18.8,1008.2,18.1,1.0,0,0.35,0.31
2017-01-02,2017,1,2,2,0.07,23.4,16.7,71.9,66.4,5.5,11.8,1007.7,18.0,1.0,0,0.33,0.32
2017-01-03,2017,1,3,3,0.0,24.2,16.0,79.9,50.6,6.6,13.4,1005.3,20.1,1.0,0,0.01,0.29
2017-01-04,2017,1,4,4,0.64,22.0,17.1,71.3,75.3,4.7,16.6,1007.2,17.3,1.0,0,0.1,0.3
2017-01-05,2017,1,5,5,0.0,22.0,17.3,72.4,53.6,4.9,13.6,1009.0,16.1,1.0,0,0.1,0.3
2017-01-06,2017,1,6,6,0.0,23.3,17.1,69.3,42.6,8.0,12.0,1004.3,16.3,1.05,0,0.1,0.3
2017-01-07,2017,1,7,7,0.0,22.0,17.3,74.8,58.9,5.0,17.3,1004.9,17.6,1.0,0,0.1,0.3
2017-01-08,2017,1,8,8,0.0,22.0,17.5,67.8,45.4,6.0,13.0,1005.1,15.7,1.0,0,0.1,0.3
2017-01-09,2017,1,9,9,1.87,22.0,16.2,72.5,51.4,6.3,9.5,1002.5,17.8,1.0,0,0.36,0.36
2017-01-10,2017,1,10,10,4.77,22.0,16.2,68.5,53.7,6.6,16.4,1002.4,16.2,1.0,0,1.04,0.52
2017-01-11,2017,1,11,11,0.0,24.5,17.4,73.7,50.8,8.6,16.4,1006.0,19.6,1.0,0,0.95,0.52
2017-01-12,2017,1,12,12,0.0,22.0,16.0,73.7,49.5,5.0,12.0,1005.5,17.1,1.0,0,0.95,0.52
2017-01-13,2017,1,13,13,0.0,22.4,16.0,71.5,43.8,6.7,15.0,1009.0,16.8,1.0,0,0.95,0.52
2017-01-14,2017,1,14,14,0.0,22.0,16.0,68.7,28.7,8.8,7.7,1005.7,15.6,1.0,0,0.95,0.52
2017-01-15,2017,1,15,15,0.0,23.7,16.0,73.3,50.8,6.0,12.5,1009.1,18.3,1.0,0,0.95,0.51
2017-01-16,2017,1,16,16,0.86,23.4,17.3,67.0,48.9,8.7,11.4,1001.3,17.3,1.0,0,0.8,0.54
2017-01-17,2017,1,17,17,0.0,22.0,16.0,67.1,60.1,6.0,16.7,1003.6,15.3,1.0,0,0.12,0.54
2017-01-18,2017,1,18,18,0.0,22.0,17.9,72.6,52.6,6.1,16.1,1005.3,17.5,1.0,0,0.12,0.41
2017-01-19,2017,1,19,19,2.77,23.6,16.7,73.1,38.4,6.7,11.6,1007.0,18.8,1.0,0,0.52,0.5
2017-01-20,2017,1,20,20,0.0,22.0,16.0,71.5,28.0,8.3,11.3,1004.4,15.7,1.0,0,0.52,0.5
2017-01-21,2017,1,21,21,2.35,22.0,18.0,79.4,29.9,9.2,17.4,1006.3,18.3,1.0,0,0.85,0.58
2017-01-22,2017,1,22,22,0.0,22.0,16.9,69.5,42.9,6.8,16.2,1007.7,15.4,1.0,0,0.85,0.58
2017-01-23,2017,1,23,23,0.0,22.6,16.0,67.0,45.7,7.6,8.7,1007.8,16.1,1.0,0,0.73,0.53
2017-01-24,2017,1,24,24,0.0,23.4,17.5,67.8,44.1,7.6,11.1,1009.1,17.3,1.0,0,0.73,0.53
2017-01-25,2017,1,25,25,0.0,22.8,17.5,59.8,39.0,8.0,13.3,1002.0,14.1,1.0,0,0.73,0.52
2017-01-26,2017,1,26,26,0.0,22.8,16.0,69.5,51.7,6.9,12.7,1004.2,17.3,1.0,0,0.34,0.44
2017-01-27,2017,1,27,27,0.98,22.0,16.8,73.8,45.7,7.7,14.3,1009.2,16.0,1.0,0,0.48,0.48
2017-01-28,2017,1,28,28,0.17,22.7,17.4,66.2,30.6,8.5,9.6,1003.4,15.6,1.0,0,0.16,0.48
2017-01-29,2017,1,29,29,0.0,22.0,16.0,72.5,36.3,7.8,12.9,1003.8,17.4,1.0,0,0.16,0.48
2017-01-30,2017,1,30,30,0.0,22.1,18.0,63.2,39.4,7.6,11.3,1005.0,14.9,1.0,0,0.16,0.48
2017-01-31,2017,1,31,31,0.0,24.7,16.0,63.7,37.2,6.8,14.0,1008.3,17.0,1.09,0,0.16,0.48
2017-02-01,2017,2,1,32,4.84,22.7,16.0,65.7,37.2,8.9,9.6,1002.6,15.8,1.0,0,0.86,0.64
2017-02-02,2017,2,2,33,0.0,22.1,16.5,60.5,29.3,7.5,8.2,1002.4,14.5,1.0,0,0.86,0.64
2017-02-03,2017,2,3,34,0.0,22.0,17.8,72.0,31.2,7.0,11.8,1003.7,16.4,1.0,0,0.72,0.62
2017-02-04,2017,2,4,35,4.74,22.0,18.2,70.2,51.9,7.9,12.2,1007.2,16.2,1.0,0,1.37,0.78
2017-02-05,2017,2,5,36,0.0,26.0,19.0,68.3,28.3,9.6,9.5,1005.7,19.8,1.33,0,1.37,0.78
2017-02-06,2017,2,6,37,1.38,26.2,16.0,63.3,28.5,8.7,10.8,1000.0,19.2,1.0,0,1.57,0.82
2017-02-07,2017,2,7,38,0.0,23.9,17.5,68.6,35.5,9.3,9.8,1005.2,17.7,1.0,0,1.57,0.82
2017-02-08,2017,2,8,39,2.65,22.0,18.0,64.4,36.3,7.7,13.0,1004.3,14.7,1.0,0,1.25,0.85
2017-02-09,2017,2,9,40,0.0,27.2,17.8,63.1,33.4,9.2,9.6,1006.4,19.6,1.0,0,1.25,0.69
2017-02-10,2017,2,10,41,3.56,22.0,16.1,70.8,23.2,9.1,10.8,1004.8,16.8,1.0,0,1.76,0.81
2017-02-11,2017,2,11,42,0.0,23.9,17.6,61.2,32.8,8.9,8.0,1005.5,16.8,1.0,0,1.08,0.81
2017-02-12,2017,2,12,43,0.0,22.0,17.7,60.4,38.0,7.9,12.0,1004.9,14.5,1.0,0,1.08,0.81
2017-02-13,2017,2,13,44,0.0,22.0,16.6,59.8,30.7,7.4,9.2,1003.1,13.2,1.0,0,0.89,0.81
2017-02-14,2017,2,14,45,0.0,23.9,18.0,63.5,46.4,6.5,15.5,1005.6,16.3,1.02,0,0.89,0.81
2017-02-15,2017,2,15,46,0.0,24.1,17.8,72.1,45.2,6.9,7.8,1003.7,18.4,1.0,0,0.51,0.78
2017-02-16,2017,2,16,47,1.07,23.9,16.0,63.2,26.7,9.3,9.6,1005.1,16.5,1.03,0,0.66,0.82
2017-02-17,2017,2,17,48,0.0,26.0,18.4,58.3,22.9,9.5,9.3,1008.8,17.4,1.34,0,0.15,0.82
2017-02-18,2017,2,18,49,0.0,23.8,17.8,60.9,19.1,8.5,8.5,1003.7,16.0,1.0,0,0.15,0.72
2017-02-19,2017,2,19,50,0.0,25.2,16.0,61.4,27.6,8.3,13.4,1004.8,16.5,1.0,0,0.15,0.72
2017-02-20,2017,2,20,51,0.0,22.9,17.5,63.2,30.6,9.7,5.0,1004.7,16.5,1.0,0,0.15,0.65
2017-02-21,2017,2,21,52,4.63,26.1,18.0,66.5,40.0,7.5,11.9,1003.0,18.7,1.0,0,0.81,0.8
2017-02-22,2017,2,22,53,0.44,26.3,17.1,55.0,25.6,8.1,8.3,1006.8,16.5,1.0,0,0.88,0.82
2017-02-23,2017,2,23,54,0.0,23.9,18.4,57.7,19.2,10.7,9.8,1005.7,15.7,1.24,0,0.72,0.82
2017-02-24,2017,2,24,55,0.0,25.0,17.7,57.3,34.0,8.2,7.1,1007.1,15.7,1.0,0,0.72,0.82
2017-02-25,2017,2,25,56,3.54,23.5,19.4,68.1,20.5,10.5,9.1,1000.2,16.6,1.13,0,1.23,0.93
2017-02-26,2017,2,26,57,0.0,24.3,18.5,58.1,28.1,8.4,8.6,1007.0,15.5,1.0,0,1.23,0.9
2017-02-27,2017,2,27,58,0.08,25.8,20.6,63.2,27.5,8.4,6.3,1005.2,18.4,1.0,0,1.24,0.9
2017-02-28,2017,2,28,59,0.0,25.5,16.6,63.8,26.7,8.4,7.0,1005.9,18.6,1.0,0,0.58,0.9
2017-03-01,2017,3,1,60,6.18,22.3,18.8,62.6,24.6,9.5,15.2,1004.1,15.0,1.0,0,1.4,1.1
2017-03-02,2017,3,2,61,11.69,23.3,18.5,56.8,36.6,9.8,9.7,1002.3,14.3,1.0,0,3.07,1.49
2017-03-03,2017,3,3,62,3.75,24.3,19.1,68.0,31.1,8.4,8.5,1005.4,18.2,1.07,0,3.61,1.46
2017-03-04,2017,3,4,63,3.52,25.6,20.2,68.4,31.7,8.8,12.3,1003.5,19.5,1.01,0,3.6,1.57
2017-03-05,2017,3,5,64,12.5,24.0,17.0,66.4,35.3,10.0,11.8,1003.7,17.0,1.0,0,5.39,1.99
2017-03-06,2017,3,6,65,0.0,23.3,19.6,58.5,11.3,10.8,7.9,1005.4,14.4,1.0,0,5.38,1.83
2017-03-07,2017,3,7,66,20.49,22.0,19.3,75.7,27.9,8.2,10.3,1002.9,16.7,1.21,0,8.3,2.52
2017-03-08,2017,3,8,67,2.23,28.8,17.9,59.3,16.6,10.2,7.0,1003.7,19.9,1.14,0,7.74,2.54
2017-03-09,2017,3,9,68,5.67,26.1,20.5,66.7,27.6,9.3,14.3,1006.3,19.2,1.0,0,6.88,2.73
2017-03-10,2017,3,10,69,0.5,23.8,19.2,55.1,15.2,9.6,5.0,1003.1,13.6,1.0,0,6.42,2.66
2017-03-11,2017,3,11,70,13.31,27.6,18.3,68.0,23.3,9.2,6.5,1001.3,20.8,1.0,0,7.81,3.11
2017-03-12,2017,3,12,71,0.0,28.4,19.8,55.5,19.8,9.3,5.7,1001.7,18.0,1.19,0,6.03,2.99
2017-03-13,2017,3,13,72,36.4,26.6,20.6,72.7,46.4,9.0,9.6,998.6,20.9,1.0,0,11.23,4.2
2017-03-14,2017,3,14,73,0.0,27.3,19.9,60.6,29.1,8.0,8.1,1004.6,19.0,1.0,0,8.3,4.2
2017-03-15,2017,3,15,74,3.81,28.5,19.1,60.8,27.7,8.7,10.4,1003.9,20.1,1.0,0,8.53,4.33
2017-03-16,2017,3,16,75,0.0,27.6,18.7,58.8,25.6,8.2,6.0,1000.0,18.9,1.0,0,7.72,4.33
2017-03-17,2017,3,17,76,4.22,27.7,18.8,66.7,25.4,8.8,5.8,1004.7,20.9,1.0,0,8.25,4.47
2017-03-18,2017,3,18,77,0.0,24.6,20.8,60.0,22.8,9.5,9.9,1006.5,16.4,1.0,0,6.35,4.43
2017-03-19,2017,3,19,78,0.0,22.9,20.9,61.8,21.7,10.3,7.9,1003.8,14.6,1.0,0,6.35,4.43
2017-03-20,2017,3,20,79,0.0,28.5,19.7,71.6,27.3,9.9,5.0,1004.8,22.3,1.0,0,1.15,4.43
2017-03-21,2017,3,21,80,0.0,27.0,22.9,55.2,22.3,9.4,5.0,1005.9,16.9,1.38,0,1.15,4.43
2017-03-22,2017,3,22,81,0.0,26.7,19.9,57.1,18.0,10.5,8.8,1003.8,17.2,1.0,0,0.6,4.43
2017-03-23,2017,3,23,82,9.31,29.0,20.2,57.5,7.3,9.6,13.0,1003.8,19.7,1.17,0,1.93,4.59
2017-03-24,2017,3,24,83,3.48,26.3,19.9,55.0,27.0,9.5,8.1,1005.6,17.2,1.0,0,1.83,4.69
2017-03-25,2017,3,25,84,3.61,27.8,20.3,69.4,26.8,8.9,8.4,1004.5,21.7,1.25,0,2.34,4.81
2017-03-26,2017,3,26,85,4.32,28.0,20.5,60.4,8.8,11.0,8.0,1005.0,19.3,1.63,0,2.96,4.95
2017-03-27,2017,3,27,86,6.11,29.1,21.4,55.0,27.7,10.1,10.2,1004.6,19.7,1.08,0,3.83,5.04
2017-03-28,2017,3,28,87,37.34,28.7,20.5,69.6,39.0,7.9,9.3,1004.0,22.7,1.0,0,9.17,6.28
2017-03-29,2017,3,29,88,24.0,28.9,21.6,66.3,18.3,10.8,11.5,999.9,21.6,1.09,0,12.6,7.08
2017-03-30,2017,3,30,89,3.61,27.9,19.0,57.5,35.2,7.0,7.7,1005.0,19.8,1.0,0,11.78,7.2
2017-03-31,2017,3,31,90,0.0,28.1,20.3,58.2,19.6,10.3,6.5,1006.0,19.0,1.05,0,11.28,7.0
2017-04-01,2017,4,1,91,10.22,29.3,20.8,65.0,44.0,9.0,6.9,1004.6,22.8,1.38,0,12.23,6.95
2017-04-02,2017,4,2,92,0.0,28.2,20.9,58.4,29.3,8.9,7.5,1007.8,19.6,1.0,0,11.61,6.82
2017-04-03,2017,4,3,93,0.0,27.8,19.1,63.4,34.7,7.8,5.0,1003.0,19.4,1.11,0,10.74,6.7
2017-04-04,2017,4,4,94,0.0,31.1,22.5,59.8,20.6,10.7,5.7,1004.6,21.0,1.11,0,5.4,6.29
2017-04-05,2017,4,5,95,18.77,28.3,19.8,67.1,31.1,9.6,11.6,1006.7,22.9,1.0,0,4.66,6.91
2017-04-06,2017,4,6,96,0.0,28.8,20.9,59.3,25.5,10.0,7.5,1006.7,20.3,1.0,0,4.14,6.23
2017-04-07,2017,4,7,97,0.0,31.4,21.7,55.2,22.9,8.2,5.0,1003.4,21.1,1.13,0,4.14,6.16
2017-04-08,2017,4,8,98,2.57,28.7,24.3,56.6,26.6,9.0,10.7,1004.0,19.3,1.4,0,3.05,6.05
2017-04-09,2017,4,9,99,2.42,30.3,21.8,61.9,21.6,9.4,6.1,1003.3,22.3,1.35,0,3.39,6.12
2017-04-10,2017,4,10,100,0.88,30.6,22.5,57.7,7.1,11.3,8.6,1002.8,20.8,1.6,0,3.52,5.7
2017-04-11,2017,4,11,101,0.0,30.0,20.3,62.7,18.5,9.4,6.5,1002.7,21.6,1.0,0,3.52,5.7
2017-04-12,2017,4,12,102,4.97,29.7,21.2,61.3,26.6,10.0,7.9,1004.2,21.7,1.0,0,1.55,4.65
2017-04-13,2017,4,13,103,7.2,28.7,21.5,60.6,26.4,9.8,11.8,1002.5,19.1,1.08,0,2.58,4.89
2017-04-14,2017,4,14,104,0.0,31.5,21.7,61.5,37.8,10.1,5.0,1007.1,23.5,1.3,0,2.58,4.77
2017-04-15,2017,4,15,105,1.12,32.3,23.7,61.2,19.3,10.8,7.8,1004.8,23.7,1.1,0,2.37,4.81
2017-04-16,2017,4,16,106,4.8,32.3,21.9,56.2,25.9,9.0,5.6,1004.1,22.8,1.0,0,2.71,4.82
2017-04-17,2017,4,17,107,10.85,31.5,23.4,58.0,30.3,8.7,9.9,1005.0,22.3,1.08,0,4.13,5.19
2017-04-18,2017,4,18,108,7.76,28.1,21.8,66.5,31.1,10.1,5.0,1004.2,20.8,1.0,0,5.24,5.44
2017-04-19,2017,4,19,109,0.66,32.4,22.5,58.3,15.7,9.0,5.0,1006.1,23.4,1.0,0,4.63,5.47
2017-04-20,2017,4,20,110,2.04,31.2,20.1,62.6,27.4,8.6,12.7,1004.5,23.7,1.06,0,3.89,5.53
2017-04-21,2017,4,21,111,3.04,30.6,23.0,63.5,17.0,11.0,5.0,1003.1,22.9,1.53,0,4.32,5.64
2017-04-22,2017,4,22,112,0.0,32.6,23.1,66.0,21.9,10.6,6.5,1003.3,24.6,1.56,0,4.16,5.33
2017-04-23,2017,4,23,113,13.22,32.1,23.0,73.2,31.8,9.0,8.2,999.1,26.0,1.02,0,5.37,5.65
2017-04-24,2017,4,24,114,0.0,33.4,25.7,56.8,21.4,9.9,8.6,1006.0,23.7,1.0,0,3.82,5.53
2017-04-25,2017,4,25,115,0.0,32.6,23.4,60.9,11.2,10.8,5.5,1001.8,24.4,1.38,0,2.71,5.39
2017-04-26,2017,4,26,116,14.71,31.8,20.3,66.9,30.8,8.6,10.5,1002.3,24.5,1.0,0,4.72,5.67
2017-04-27,2017,4,27,117,9.39,31.8,22.2,71.8,33.2,8.8,8.0,1004.9,26.0,1.03,0,5.77,4.74
2017-04-28,2017,4,28,118,17.25,33.4,23.7,62.7,32.1,10.6,7.3,1000.2,26.0,1.0,0,7.8,4.52
2017-04-29,2017,4,29,119,15.04,30.6,23.7,73.6,33.3,7.0,8.3,1004.0,24.8,1.0,0,9.94,4.9
2017-04-30,2017,4,30,120,20.54,31.9,22.9,71.8,52.1,6.3,11.0,1001.4,26.0,1.0,0,10.99,5.58
2017-05-01,2017,5,1,121,8.1,29.5,22.8,63.6,30.2,10.7,11.1,1005.2,22.5,1.0,0,12.15,5.51
2017-05-02,2017,5,2,122,0.0,33.6,25.7,65.9,24.3,10.7,5.7,1005.4,26.0,1.42,0,12.15,5.51
2017-05-03,2017,5,3,123,6.02,34.1,25.3,63.8,31.3,8.1,8.2,1002.6,26.0,1.0,0,10.91,5.71
2017-05-04,2017,5,4,124,0.0,32.1,25.6,56.2,20.3,10.2,10.0,1007.7,22.4,1.59,0,9.56,5.71
2017-05-05,2017,5,5,125,0.0,31.7,23.6,63.3,35.0,9.5,6.4,1008.5,23.2,1.0,0,7.1,5.09
2017-05-06,2017,5,6,126,5.84,34.9,25.3,64.6,34.1,9.8,7.9,1002.9,26.0,1.0,0,5.79,5.28
2017-05-07,2017,5,7,127,0.0,32.5,21.4,61.2,39.8,7.6,7.2,1005.1,23.3,1.04,0,2.85,5.28
2017-05-08,2017,5,8,128,5.17,34.7,24.1,62.5,37.4,8.1,11.3,1005.2,26.0,1.0,0,2.43,5.37
2017-05-09,2017,5,9,129,18.7,33.8,24.0,72.9,51.0,6.5,10.9,1006.1,26.0,1.0,0,5.1,5.91
2017-05-10,2017,5,10,130,19.46,33.2,24.5,70.7,21.1,10.1,16.1,999.7,26.0,1.0,0,7.02,6.53
2017-05-11,2017,5,11,131,13.86,34.9,25.0,67.4,27.3,10.0,12.5,1005.0,26.0,1.0,0,9.0,6.99
2017-05-12,2017,5,12,132,0.0,34.2,24.7,61.5,34.3,10.0,6.9,1003.4,25.8,1.04,0,9.0,6.83
2017-05-13,2017,5,13,133,0.0,36.5,23.7,62.3,24.8,8.8,10.3,1004.2,26.0,1.0,0,8.17,6.59
2017-05-14,2017,5,14,134,8.46,33.3,24.2,65.7,46.3,8.6,12.5,1004.6,25.1,1.0,0,9.38,6.87
2017-05-15,2017,5,15,135,15.65,32.5,25.8,69.0,36.3,8.9,8.9,1004.6,26.0,1.26,0,10.88,7.35
2017-05-16,2017,5,16,136,7.17,34.6,25.7,70.8,46.0,7.6,12.3,1006.1,26.0,1.14,0,9.23,7.43
2017-05-17,2017,5,17,137,0.0,35.5,27.2,63.4,35.4,10.8,8.1,1003.0,26.0,1.54,0,6.45,7.07
2017-05-18,2017,5,18,138,12.33,34.6,25.8,70.7,38.5,9.9,10.9,1004.7,26.0,1.03,0,6.23,7.22
2017-05-19,2017,5,19,139,7.04,37.7,27.3,66.9,30.5,7.9,13.8,1005.9,26.0,1.0,0,7.24,7.43
2017-05-20,2017,5,20,140,2.78,36.9,23.8,59.7,34.4,10.4,7.6,1002.9,26.0,1.0,0,7.63,7.46
2017-05-21,2017,5,21,141,0.0,34.4,26.3,66.5,33.2,9.1,9.2,1003.6,26.0,1.14,0,6.42,7.36
2017-05-22,2017,5,22,142,10.85,35.4,26.6,67.6,32.4,8.1,11.7,1003.5,26.0,1.59,0,5.74,7.72
2017-05-23,2017,5,23,143,2.14,32.7,26.4,69.8,26.4,10.8,12.7,1003.0,26.0,1.58,0,5.02,7.35
2017-05-24,2017,5,24,144,18.2,37.1,24.4,79.7,48.7,8.6,10.7,1002.5,26.0,1.01,0,7.62,7.96
2017-05-25,2017,5,25,145,0.0,34.6,26.3,63.9,42.9,8.2,11.9,1005.0,26.0,1.07,0,5.86,7.96
2017-05-26,2017,5,26,146,2.08,36.0,25.6,71.3,42.0,8.6,15.4,1005.5,26.0,1.0,0,5.15,7.54
2017-05-27,2017,5,27,147,0.0,35.4,26.7,65.3,42.3,8.3,11.3,1007.1,26.0,1.18,0,4.75,7.22
2017-05-28,2017,5,28,148,2.64,33.6,26.0,67.2,37.7,8.6,6.2,1003.2,26.0,1.0,0,5.13,6.74
2017-05-29,2017,5,29,149,0.58,37.2,25.5,69.2,33.2,10.5,15.1,1004.2,26.0,1.0,0,3.66,6.25
2017-05-30,2017,5,30,150,0.05,34.5,28.0,59.8,41.3,8.1,11.2,1006.2,25.6,1.0,0,3.36,5.57
2017-05-31,2017,5,31,151,0.9,35.4,25.4,61.4,34.7,10.1,17.3,1009.3,26.0,1.24,0,0.89,5.33
2017-06-01,2017,6,1,152,145.93,37.5,26.7,83.2,78.1,5.1,23.0,1002.7,26.0,1.0,1,21.74,10.2
2017-06-02,2017,6,2,153,51.48,34.9,27.1,70.1,62.9,5.2,22.6,1003.7,26.0,1.0,1,28.8,11.71
2017-06-03,2017,6,3,154,169.61,38.0,26.1,87.8,87.0,3.7,29.9,1003.1,26.0,1.0,1,53.03,17.36
2017-06-04,2017,6,4,155,86.86,35.0,27.9,88.3,78.5,4.6,18.4,1002.2,26.0,1.0,1,65.06,20.26
2017-06-05,2017,6,5,156,58.17,34.8,27.6,83.2,74.0,4.6,19.0,1001.7,26.0,1.0,1,73.29,22.0
2017-06-06,2017,6,6,157,82.6,36.7,24.6,82.7,78.9,4.2,23.3,1004.3,26.0,1.0,1,85.08,24.76
2017-06-07,2017,6,7,158,64.55,38.0,27.5,87.1,76.3,5.4,26.0,1007.3,26.0,1.0,1,94.17,26.74
2017-06-08,2017,6,8,159,212.36,36.8,28.0,82.8,91.6,4.0,21.9,1004.7,26.0,1.0,1,103.66,33.19
2017-06-09,2017,6,9,160,136.13,38.0,25.9,83.3,86.2,4.4,27.8,1002.9,26.0,1.0,1,115.75,37.08
2017-06-10,2017,6,10,161,100.93,34.9,25.2,84.1,97.1,2.9,24.3,1002.2,26.0,1.0,1,105.94,39.98
2017-06-11,2017,6,11,162,42.94,36.5,26.5,78.5,52.2,7.0,17.4,1003.6,26.0,1.0,1,99.67,41.41
2017-06-12,2017,6,12,163,113.26,36.6,26.9,90.5,79.3,4.3,22.8,1002.7,26.0,1.0,1,107.54,45.19
2017-06-13,2017,6,13,164,38.27,35.2,27.0,86.8,62.9,6.4,21.8,1002.2,26.0,1.0,1,101.21,46.18
2017-06-14,2017,6,14,165,346.31,34.8,28.0,82.4,75.0,5.6,26.4,1001.0,26.0,1.28,1,141.46,57.21
2017-06-15,2017,6,15,166,137.13,36.9,26.2,83.3,99.0,3.9,23.5,1003.7,26.0,1.0,1,130.71,61.54
2017-06-16,2017,6,16,167,133.27,38.0,27.8,85.1,98.6,3.0,30.7,1006.2,26.0,1.0,1,130.3,65.98
2017-06-17,2017,6,17,168,26.84,37.7,28.0,85.6,70.7,6.0,18.4,1003.4,26.0,1.0,1,119.72,66.46
2017-06-18,2017,6,18,169,157.1,36.4,27.3,85.7,90.1,2.2,27.7,1000.6,26.0,1.0,1,136.03,71.47
2017-06-19,2017,6,19,170,202.04,34.4,26.5,88.0,80.6,3.0,33.0,1001.4,26.0,1.0,1,148.71,78.11
2017-06-20,2017,6,20,171,60.25,37.0,25.9,81.4,77.9,4.2,25.3,1007.3,26.0,1.0,1,151.85,80.12
2017-06-21,2017,6,21,172,287.05,36.9,25.5,94.0,94.0,3.5,29.1,1000.8,26.0,1.0,1,143.38,89.32
2017-06-22,2017,6,22,173,117.73,38.0,25.6,83.2,94.9,2.6,25.4,1005.2,26.0,1.0,1,140.61,93.18
2017-06-23,2017,6,23,174,172.31,37.3,25.4,86.8,86.8,2.0,26.5,1001.0,26.0,1.0,1,146.19,98.31
2017-06-24,2017,6,24,175,215.31,38.0,28.0,81.9,93.0,3.0,25.2,1001.6,26.0,1.0,1,173.11,105.49
2017-06-25,2017,6,25,176,106.13,38.0,27.2,93.5,100.0,3.9,26.0,1004.9,26.0,1.0,1,165.83,108.96
2017-06-26,2017,6,26,177,38.23,37.7,28.0,84.9,79.7,5.5,21.3,1003.6,26.0,1.0,1,142.43,110.23
2017-06-27,2017,6,27,178,205.16,37.7,27.9,96.6,98.5,1.5,23.9,1002.4,26.0,1.0,1,163.13,116.98
2017-06-28,2017,6,28,179,225.95,37.9,25.6,85.8,100.0,2.5,30.2,1001.5,26.0,1.0,1,154.4,124.49
2017-06-29,2017,6,29,180,330.94,35.2,27.3,94.2,90.1,3.2,28.7,1005.0,26.0,1.0,1,184.86,135.52
2017-06-30,2017,6,30,181,155.3,38.0,28.0,91.7,98.6,2.4,27.7,1001.2,26.0,1.0,1,182.43,140.67
2017-07-01,2017,7,1,182,256.15,38.0,27.9,87.3,99.3,2.9,28.5,1000.5,26.0,1.0,1,188.27,144.35
2017-07-02,2017,7,2,183,284.6,38.0,27.0,88.1,95.6,2.7,27.1,1003.7,26.0,1.0,1,213.76,152.12
2017-07-03,2017,7,3,184,69.5,36.8,28.0,91.7,94.9,4.1,21.6,1001.2,26.0,1.0,1,218.23,148.78
2017-07-04,2017,7,4,185,178.59,37.9,26.3,91.1,100.0,1.3,23.0,1002.0,26.0,1.0,1,214.43,151.84
2017-07-05,2017,7,5,186,76.95,37.3,27.8,87.7,75.7,5.5,25.4,1005.6,26.0,1.0,1,193.15,152.46
2017-07-06,2017,7,6,187,389.91,38.0,28.0,98.0,100.0,3.3,31.8,998.9,26.0,1.0,1,201.57,162.71
2017-07-07,2017,7,7,188,3.25,37.5,27.1,78.8,60.4,6.2,13.5,1004.3,26.0,1.0,1,179.85,160.66
2017-07-08,2017,7,8,189,328.71,34.8,28.0,90.8,100.0,2.7,26.6,1003.5,26.0,1.0,1,190.22,164.54
2017-07-09,2017,7,9,190,89.38,38.0,27.4,87.5,90.4,5.3,34.8,1002.5,26.0,1.11,1,162.33,162.98
2017-07-10,2017,7,10,191,156.96,38.0,27.8,90.7,100.0,2.5,27.5,999.8,26.0,1.0,1,174.82,164.85
2017-07-11,2017,7,11,192,312.25,36.0,28.0,84.5,100.0,3.1,21.7,1001.2,26.0,1.0,1,193.92,173.83
2017-07-12,2017,7,12,193,118.75,38.0,27.2,93.1,100.0,3.2,27.6,1004.2,26.0,1.0,1,199.89,174.01
2017-07-13,2017,7,13,194,472.12,38.0,28.0,96.5,100.0,1.6,26.6,1003.4,26.0,1.0,1,211.63,188.47
2017-07-14,2017,7,14,195,263.48,36.6,27.9,98.0,100.0,4.5,28.5,1000.7,26.0,1.0,1,248.81,185.71
2017-07-15,2017,7,15,196,156.05,36.0,28.0,92.3,100.0,2.3,29.6,1006.4,26.0,1.0,1,224.14,186.34
2017-07-16,2017,7,16,197,309.0,38.0,28.0,96.2,100.0,2.3,35.0,1002.8,26.0,1.0,1,255.52,192.2
2017-07-17,2017,7,17,198,46.47,38.0,28.0,90.0,100.0,3.0,24.9,1004.8,26.0,1.0,1,239.73,192.85
2017-07-18,2017,7,18,199,135.02,35.7,26.4,87.5,100.0,2.6,27.8,1001.6,26.0,1.0,1,214.41,192.12
2017-07-19,2017,7,19,200,97.3,38.0,28.0,86.3,89.9,3.2,28.4,1006.4,26.0,1.0,1,211.35,188.63
2017-07-20,2017,7,20,201,38.96,37.1,27.8,90.8,87.8,4.2,22.6,1000.8,26.0,1.0,1,149.47,187.92
2017-07-21,2017,7,21,202,142.83,38.0,26.7,87.3,100.0,1.4,32.7,1004.9,26.0,1.0,1,132.23,183.11
2017-07-22,2017,7,22,203,139.52,38.0,28.0,94.6,100.0,3.6,33.3,998.5,26.0,1.0,1,129.87,183.84
2017-07-23,2017,7,23,204,102.47,38.0,26.2,93.8,100.0,2.7,27.6,1005.2,26.0,1.0,1,100.37,181.51
2017-07-24,2017,7,24,205,172.39,36.3,26.8,89.2,100.0,2.9,30.5,1003.2,26.0,1.0,1,118.36,180.08
2017-07-25,2017,7,25,206,191.32,38.0,26.9,85.6,100.0,2.1,28.0,1002.3,26.0,1.0,1,126.4,182.92
2017-07-26,2017,7,26,207,190.23,36.3,25.9,93.7,100.0,2.0,29.1,1001.9,26.0,1.0,1,139.67,187.98
2017-07-27,2017,7,27,208,128.33,38.0,27.3,98.0,100.0,1.4,32.3,1002.4,26.0,1.0,1,152.44,185.42
2017-07-28,2017,7,28,209,316.26,36.9,26.5,98.0,100.0,3.0,32.1,998.6,26.0,1.0,1,177.22,188.43
2017-07-29,2017,7,29,210,271.81,37.7,27.6,94.4,100.0,1.1,29.2,1001.5,26.0,1.0,1,196.12,186.46
2017-07-30,2017,7,30,211,74.9,37.4,28.0,93.1,100.0,2.6,35.0,1004.4,26.0,1.0,1,192.18,183.78
2017-07-31,2017,7,31,212,264.29,38.0,27.2,98.0,100.0,2.0,33.1,1004.8,26.0,1.0,1,205.31,184.05
2017-08-01,2017,8,1,213,204.74,38.0,27.8,98.0,100.0,2.6,34.5,1000.2,26.0,1.0,1,207.22,181.39
2017-08-02,2017,8,2,214,215.07,36.5,27.2,98.0,100.0,1.6,31.4,1005.0,26.0,1.0,1,210.77,186.24
2017-08-03,2017,8,3,215,57.28,36.0,26.8,98.0,100.0,3.4,28.6,999.4,26.0,1.0,1,200.62,182.2
2017-08-04,2017,8,4,216,334.99,34.2,28.0,98.0,100.0,1.5,33.5,1003.5,26.0,1.0,1,203.3,190.8
2017-08-05,2017,8,5,217,102.33,37.5,25.9,98.0,100.0,0.1,32.3,1002.9,26.0,1.0,1,179.09,181.22
2017-08-06,2017,8,6,218,248.24,36.9,28.0,98.0,100.0,2.1,34.0,1001.3,26.0,1.0,1,203.85,189.38
2017-08-07,2017,8,7,219,189.55,37.3,26.0,90.2,100.0,1.6,34.6,1005.7,26.0,1.0,1,193.17,184.74
2017-08-08,2017,8,8,220,160.47,36.9,28.0,90.8,100.0,2.1,28.1,1001.9,26.0,1.0,1,186.85,187.11
2017-08-09,2017,8,9,221,173.24,38.0,26.4,98.0,100.0,1.7,32.4,1005.4,26.0,1.0,1,180.87,187.66
2017-08-10,2017,8,10,222,93.06,36.1,25.8,96.8,100.0,2.5,29.4,1002.7,26.0,1.0,1,185.98,180.35
2017-08-11,2017,8,11,223,359.58,37.4,26.9,98.0,100.0,1.2,29.4,1001.5,26.0,1.0,1,189.5,188.38
2017-08-12,2017,8,12,224,226.39,36.7,24.8,98.0,100.0,2.3,35.0,1004.4,26.0,1.0,1,207.22,180.19
2017-08-13,2017,8,13,225,53.65,35.2,25.4,98.0,95.2,2.5,29.9,1000.2,26.0,1.0,1,179.42,173.19
2017-08-14,2017,8,14,226,167.99,35.6,27.2,98.0,100.0,1.5,35.0,1003.6,26.0,1.0,1,176.34,173.59
2017-08-15,2017,8,15,227,70.79,37.9,28.0,95.6,100.0,1.3,31.5,1004.4,26.0,1.0,1,163.53,165.65
2017-08-16,2017,8,16,228,100.88,37.7,25.8,98.0,100.0,3.4,32.8,1000.4,26.0,1.0,1,153.19,167.46
2017-08-17,2017,8,17,229,242.23,37.5,28.0,98.0,100.0,1.2,34.7,1003.1,26.0,1.0,1,174.5,171.04
2017-08-18,2017,8,18,230,132.34,36.0,25.9,98.0,100.0,1.7,35.0,1003.9,26.0,1.0,1,142.04,172.2
2017-08-19,2017,8,19,231,158.39,32.8,26.6,98.0,100.0,3.2,30.9,1004.2,26.0,1.0,1,132.32,176.19
2017-08-20,2017,8,20,232,88.84,33.6,26.5,98.0,100.0,2.4,34.4,1003.0,26.0,1.0,1,137.35,174.39
2017-08-21,2017,8,21,233,381.31,35.6,28.0,98.0,100.0,2.4,32.1,1004.1,26.0,1.0,1,167.83,182.45
2017-08-22,2017,8,22,234,59.4,33.7,27.2,98.0,100.0,1.6,29.1,1004.0,26.0,1.0,1,166.2,181.01
2017-08-23,2017,8,23,235,37.02,37.6,25.8,97.9,96.6,2.4,29.4,1001.9,26.0,1.0,1,157.08,176.5
2017-08-24,2017,8,24,236,30.57,34.5,28.0,91.4,100.0,3.9,26.8,1001.5,26.0,1.0,1,126.84,171.14
2017-08-25,2017,8,25,237,80.27,35.2,25.9,98.0,100.0,3.1,33.8,1002.6,26.0,1.0,1,119.4,167.47
2017-08-26,2017,8,26,238,124.31,38.0,25.9,98.0,100.0,1.4,28.7,1002.4,26.0,1.0,1,114.53,167.34
2017-08-27,2017,8,27,239,141.45,37.0,26.2,98.0,100.0,1.9,32.7,1002.4,26.0,1.0,1,122.05,161.51
2017-08-28,2017,8,28,240,52.3,35.9,25.2,98.0,100.0,0.1,31.3,1004.5,26.0,1.0,1,75.05,154.2
2017-08-29,2017,8,29,241,95.27,35.6,27.3,98.0,100.0,2.7,35.0,1001.7,26.0,1.0,1,80.17,154.87
2017-08-30,2017,8,30,242,145.55,34.0,25.5,98.0,100.0,1.3,33.6,1000.7,26.0,1.0,1,95.67,150.92
2017-08-31,2017,8,31,243,134.43,36.2,26.3,98.0,100.0,2.5,33.3,1005.0,26.0,1.0,1,110.51,148.57
2017-09-01,2017,9,1,244,127.78,35.2,22.2,98.0,100.0,2.1,30.4,1003.8,26.0,1.0,1,117.3,145.66
2017-09-02,2017,9,2,245,35.34,34.6,25.5,98.0,100.0,1.8,25.8,1001.7,26.0,1.0,1,104.59,144.93
2017-09-03,2017,9,3,246,98.19,35.7,24.9,98.0,100.0,1.9,33.9,999.5,26.0,1.0,1,98.41,137.04
2017-09-04,2017,9,4,247,134.95,35.6,25.3,98.0,100.0,1.9,34.8,1004.7,26.0,1.0,1,110.22,138.13
2017-09-05,2017,9,5,248,178.34,33.0,23.7,98.0,100.0,1.2,35.0,1001.0,26.0,1.0,1,122.08,135.8
2017-09-06,2017,9,6,249,195.88,35.7,24.8,98.0,100.0,2.8,35.0,1000.2,26.0,1.0,1,129.27,136.01
2017-09-07,2017,9,7,250,116.77,34.1,25.2,98.0,100.0,2.1,29.9,1005.7,26.0,1.0,1,126.75,134.55
2017-09-08,2017,9,8,251,121.59,34.3,24.5,98.0,100.0,3.1,34.7,1004.3,26.0,1.0,1,125.87,132.83
2017-09-09,2017,9,9,252,31.81,32.0,25.5,96.8,94.1,1.4,26.5,1002.3,26.0,1.0,1,125.36,130.79
2017-09-10,2017,9,10,253,196.81,32.0,24.8,98.0,100.0,2.9,35.0,1002.8,26.0,1.0,1,139.45,125.36
2017-09-11,2017,9,11,254,193.71,31.6,25.4,98.0,100.0,1.6,35.0,1003.0,26.0,1.0,1,147.84,124.27
2017-09-12,2017,9,12,255,199.1,37.2,25.7,98.0,100.0,1.7,31.2,1001.8,26.0,1.0,1,150.81,129.12
2017-09-13,2017,9,13,256,115.05,36.9,25.7,98.0,100.0,2.9,35.0,1004.0,26.0,1.0,1,139.26,127.36
2017-09-14,2017,9,14,257,79.16,30.8,23.9,96.6,100.0,2.9,35.0,1005.3,26.0,1.0,1,133.89,127.63
2017-09-15,2017,9,15,258,50.52,31.0,23.8,98.0,100.0,3.3,27.9,1004.3,26.0,1.0,1,123.74,125.96
2017-09-16,2017,9,16,259,28.78,32.4,26.1,94.7,100.0,2.0,26.0,1002.2,26.0,1.0,1,123.3,118.84
2017-09-17,2017,9,17,260,83.63,34.7,23.0,98.0,100.0,1.8,31.7,1002.6,26.0,1.0,1,107.14,117.22
2017-09-18,2017,9,18,261,82.56,33.8,23.5,98.0,100.0,3.1,34.5,1000.7,26.0,1.0,1,91.26,114.69
2017-09-19,2017,9,19,262,134.6,36.0,23.7,98.0,100.0,2.5,34.9,1003.6,26.0,1.0,1,82.04,116.21
2017-09-20,2017,9,20,263,237.3,32.2,22.8,98.0,100.0,2.2,35.0,998.7,26.0,1.0,1,99.51,111.41
2017-09-21,2017,9,21,264,152.07,31.5,23.9,98.0,100.0,0.3,33.8,1002.5,26.0,1.0,1,109.92,114.5
2017-09-22,2017,9,22,265,75.86,32.5,25.1,98.0,100.0,1.7,35.0,1000.5,26.0,1.0,1,113.54,115.8
2017-09-23,2017,9,23,266,190.32,32.0,21.3,98.0,100.0,1.6,33.1,1000.8,26.0,1.0,1,136.62,121.12
2017-09-24,2017,9,24,267,173.47,32.1,22.9,98.0,100.0,1.7,33.4,1002.4,26.0,1.0,1,149.45,124.23
2017-09-25,2017,9,25,268,165.15,32.1,23.5,98.0,100.0,1.3,35.0,1001.3,26.0,1.0,1,161.25,125.59
2017-09-26,2017,9,26,269,128.51,35.0,25.2,98.0,100.0,1.6,32.9,1001.6,26.0,1.0,1,160.38,125.16
2017-09-27,2017,9,27,270,133.35,31.9,21.4,98.0,100.0,3.1,35.0,998.7,26.0,1.0,1,145.53,127.86
2017-09-28,2017,9,28,271,93.36,30.0,24.1,98.0,100.0,2.7,32.0,1001.9,26.0,1.0,1,137.15,127.8
2017-09-29,2017,9,29,272,85.37,31.0,22.8,98.0,100.0,2.3,35.0,1007.8,26.0,1.0,1,138.5,125.79
2017-09-30,2017,9,30,273,308.13,32.4,23.1,98.0,100.0,2.2,34.5,1003.9,26.0,1.0,1,155.33,131.58
2017-10-01,2017,10,1,274,10.33,32.1,24.3,89.1,100.0,1.1,30.1,1003.9,26.0,1.0,1,132.03,127.67
2017-10-02,2017,10,2,275,47.93,31.8,22.6,98.0,100.0,2.3,28.1,1001.9,26.0,1.0,1,115.28,128.09
2017-10-03,2017,10,3,276,36.68,28.3,22.6,91.3,100.0,2.3,32.6,999.5,26.0,1.0,1,102.16,126.04
2017-10-04,2017,10,4,277,13.52,28.4,22.7,97.4,100.0,1.9,25.7,1003.5,26.0,1.0,1,85.05,121.99
2017-10-05,2017,10,5,278,23.47,30.4,22.7,93.6,90.5,1.8,28.2,1003.7,26.0,1.0,1,75.06,116.83
2017-10-06,2017,10,6,279,35.52,31.2,21.0,98.0,100.0,3.0,23.9,1004.7,26.0,1.0,1,67.94,111.48
2017-10-07,2017,10,7,280,35.46,29.1,22.4,92.1,100.0,1.7,28.0,999.9,26.0,1.0,1,28.99,108.77
2017-10-08,2017,10,8,281,8.38,32.4,22.7,85.0,96.8,2.5,23.6,1006.0,26.0,1.0,1,28.71,105.0
2017-10-09,2017,10,9,282,35.69,30.9,20.1,98.0,100.0,2.5,30.8,1004.1,26.0,1.0,1,26.96,105.13
2017-10-10,2017,10,10,283,2.28,29.2,23.0,94.9,83.5,2.3,22.1,999.5,26.0,1.0,1,22.05,98.64
2017-10-11,2017,10,11,284,19.7,34.0,23.0,98.0,99.8,3.1,30.8,999.5,26.0,1.0,1,22.93,92.84
2017-10-12,2017,10,12,285,25.0,29.0,22.1,98.0,100.0,0.8,26.0,999.6,26.0,1.0,1,23.15,87.04
2017-10-13,2017,10,13,286,7.78,29.0,20.0,93.5,100.0,1.7,18.1,1005.9,26.0,1.0,1,19.18,83.46
2017-10-14,2017,10,14,287,10.5,28.8,20.8,90.0,94.8,3.5,23.4,1003.4,26.0,1.0,1,15.62,81.17
2017-10-15,2017,10,15,288,9.67,29.3,18.7,90.5,100.0,0.8,24.6,1003.5,26.0,1.0,1,15.8,79.81
2017-10-16,2017,10,16,289,6.18,27.5,20.9,89.5,100.0,1.5,25.3,1006.8,26.0,1.0,1,11.59,79.06
2017-10-17,2017,10,17,290,36.2,30.1,20.2,98.0,100.0,2.4,27.6,1001.3,26.0,1.0,1,16.43,77.48
2017-10-18,2017,10,18,291,18.18,30.1,21.1,94.9,92.7,3.5,32.0,1003.0,26.0,1.0,1,16.22,75.33
2017-10-19,2017,10,19,292,6.92,29.7,22.3,92.9,100.0,0.7,24.8,1001.2,26.0,1.0,1,13.63,71.08
2017-10-20,2017,10,20,293,39.01,27.9,20.4,97.5,100.0,0.9,27.1,1003.7,26.0,1.0,1,18.09,64.47
2017-10-21,2017,10,21,294,11.95,27.8,21.4,94.4,99.4,1.6,22.1,1003.6,26.0,1.0,1,18.3,59.8
2017-10-22,2017,10,22,295,9.24,29.2,20.7,94.3,88.2,3.4,28.0,1004.4,26.0,1.0,1,18.24,57.58
2017-10-23,2017,10,23,296,14.06,28.5,19.6,89.9,99.2,1.7,23.8,1004.7,26.0,1.0,1,19.37,51.7
2017-10-24,2017,10,24,297,7.16,26.8,22.3,86.7,90.9,2.6,24.8,1004.4,24.2,1.0,1,15.22,46.16
2017-10-25,2017,10,25,298,2.71,24.9,21.5,94.1,100.0,1.6,25.9,1003.1,23.5,1.0,1,13.01,40.74
2017-10-26,2017,10,26,299,17.67,27.2,19.1,95.5,97.9,2.0,23.4,1005.7,26.0,1.0,1,14.54,37.05
2017-10-27,2017,10,27,300,29.54,28.4,20.9,97.0,100.0,2.0,25.5,1005.2,26.0,1.0,1,13.19,33.59
2017-10-28,2017,10,28,301,12.34,28.2,20.0,87.4,100.0,2.1,28.1,1003.9,25.4,1.0,1,13.25,30.89
2017-10-29,2017,10,29,302,47.49,25.1,20.8,98.0,100.0,3.0,26.0,1001.8,25.1,1.0,1,18.71,29.62
2017-10-30,2017,10,30,303,28.38,28.5,18.5,97.0,100.0,2.0,28.3,1005.4,26.0,1.0,1,20.76,20.3
2017-10-31,2017,10,31,304,18.65,29.9,19.6,98.0,100.0,2.2,28.3,1003.4,26.0,1.0,1,22.4,20.58
2017-11-01,2017,11,1,305,27.11,26.5,20.3,97.2,100.0,2.3,24.5,1003.6,26.0,1.0,1,25.88,19.88
2017-11-02,2017,11,2,306,4.47,26.5,18.5,88.4,99.9,2.3,26.4,1005.7,24.2,1.0,1,24.0,18.81
2017-11-03,2017,11,3,307,28.82,25.9,20.0,94.0,89.9,2.9,26.0,1002.3,25.3,1.0,1,23.89,19.32
2017-11-04,2017,11,4,308,1.01,26.1,19.2,93.9,88.0,4.2,20.1,1001.7,24.6,1.0,1,22.28,18.57
2017-11-05,2017,11,5,309,135.6,28.3,19.6,98.0,100.0,0.1,31.3,999.0,26.0,1.0,1,34.86,21.9
2017-11-06,2017,11,6,310,17.65,25.2,20.7,94.3,97.5,1.8,27.1,1001.0,24.2,1.0,1,33.33,21.31
2017-11-07,2017,11,7,311,16.16,26.6,22.6,96.6,95.3,2.4,22.7,1004.5,25.2,1.0,1,32.97,21.57
2017-11-08,2017,11,8,312,5.85,25.7,19.4,90.5,87.8,2.4,22.4,1005.3,24.6,1.0,1,29.94,20.58
2017-11-09,2017,11,9,313,32.38,26.3,19.0,88.9,90.4,3.7,26.9,1003.8,24.5,1.0,1,33.92,21.58
2017-11-10,2017,11,10,314,22.35,25.4,21.4,97.8,100.0,0.0,19.4,1000.7,25.0,1.0,1,33.0,21.67
2017-11-11,2017,11,11,315,6.9,27.0,20.4,91.8,91.3,2.2,21.6,1006.7,25.1,1.0,1,33.84,21.06
2017-11-12,2017,11,12,316,22.96,27.2,21.1,89.4,93.4,0.9,27.0,1007.6,25.1,1.0,1,17.75,21.57
2017-11-13,2017,11,13,317,22.65,26.1,19.2,95.9,100.0,1.3,20.3,999.6,25.7,1.0,1,18.46,21.98
2017-11-14,2017,11,14,318,41.43,25.1,19.8,93.3,100.0,0.9,25.4,1001.8,24.0,1.0,1,22.07,23.03
2017-11-15,2017,11,15,319,24.7,26.5,18.8,91.9,95.6,2.3,23.9,1000.6,24.4,1.0,1,24.77,23.65
2017-11-16,2017,11,16,320,43.27,24.1,18.7,97.1,100.0,3.4,27.0,1001.3,23.8,1.0,1,26.32,23.89
2017-11-17,2017,11,17,321,7.47,25.7,18.7,88.5,75.1,5.1,21.9,1002.3,24.0,1.0,1,24.2,23.53
2017-11-18,2017,11,18,322,5.77,24.2,19.0,86.9,97.7,0.7,22.8,1000.0,21.6,1.0,1,24.04,23.49
2017-11-19,2017,11,19,323,12.2,25.2,18.5,83.0,87.9,3.2,25.4,1007.0,22.5,1.0,1,22.5,22.6
2017-11-20,2017,11,20,324,15.82,23.3,20.0,90.6,94.6,1.7,24.2,1003.4,21.9,1.0,1,21.52,22.73
2017-11-21,2017,11,21,325,20.45,26.4,18.9,98.0,83.4,3.9,22.4,1002.5,24.9,1.0,1,18.53,23.1
2017-11-22,2017,11,22,326,7.05,22.7,18.4,88.0,75.8,4.6,21.1,1004.7,21.3,1.0,1,16.0,22.87
2017-11-23,2017,11,23,327,31.23,24.3,18.3,92.6,92.1,3.5,27.4,996.2,22.7,1.0,1,14.28,23.67
2017-11-24,2017,11,24,328,11.4,22.1,17.5,90.9,88.3,4.0,22.3,1002.4,21.0,1.0,1,14.85,23.96
2017-11-25,2017,11,25,329,45.23,26.0,16.7,95.5,100.0,2.4,28.3,1002.2,24.4,1.0,1,20.48,24.88
2017-11-26,2017,11,26,330,15.1,26.5,19.1,87.2,82.8,3.1,22.5,1005.5,24.5,1.0,1,20.9,24.4
2017-11-27,2017,11,27,331,21.64,22.3,19.0,94.1,84.0,3.0,21.5,1002.6,22.0,1.0,1,21.73,24.71
2017-11-28,2017,11,28,332,65.85,24.5,16.5,96.9,100.0,0.5,24.8,1005.7,23.1,1.0,1,28.21,25.32
2017-11-29,2017,11,29,333,26.19,23.4,16.4,92.7,74.3,4.4,21.4,1005.6,22.8,1.0,1,30.95,25.25
2017-11-30,2017,11,30,334,27.8,24.6,18.5,90.3,100.0,1.9,23.7,1000.4,21.9,1.0,1,30.46,25.55
2017-12-01,2017,12,1,335,0.0,26.1,17.2,81.4,73.1,2.8,18.0,1004.3,22.9,1.0,0,28.83,24.65
2017-12-02,2017,12,2,336,0.23,24.2,16.4,84.9,69.4,5.5,17.6,1005.5,21.2,1.0,0,22.4,24.51
2017-12-03,2017,12,3,337,0.0,22.4,16.0,79.4,66.7,4.6,17.1,1003.1,18.0,1.0,0,20.24,23.54
2017-12-04,2017,12,4,338,1.44,22.4,16.9,91.1,69.3,3.7,19.4,1003.1,20.3,1.0,0,17.36,23.56
2017-12-05,2017,12,5,339,0.0,22.9,17.5,78.5,79.4,3.7,19.7,1004.7,18.8,1.0,0,7.95,19.04
2017-12-06,2017,12,6,340,0.64,22.2,17.0,78.5,74.9,2.9,16.2,1004.5,19.4,1.0,0,4.3,18.47
2017-12-07,2017,12,7,341,0.0,24.4,16.0,84.6,72.2,3.7,18.0,1003.1,21.5,1.0,0,0.33,17.93
2017-12-08,2017,12,8,342,2.78,24.4,16.5,81.4,70.8,3.7,20.5,1003.7,21.0,1.0,0,0.73,17.83
2017-12-09,2017,12,9,343,0.0,25.0,17.8,82.3,67.8,4.0,22.1,1005.5,21.3,1.0,0,0.69,16.75
2017-12-10,2017,12,10,344,0.0,22.4,19.0,85.8,56.1,5.1,20.5,1004.5,19.2,1.0,0,0.69,16.01
2017-12-11,2017,12,11,345,1.21,24.7,17.1,81.7,76.4,3.7,19.4,1002.7,21.1,1.0,0,0.66,15.82
2017-12-12,2017,12,12,346,0.0,25.4,18.3,80.5,68.7,5.3,15.9,1008.1,22.5,1.0,0,0.66,15.05
2017-12-13,2017,12,13,347,0.0,22.0,17.8,76.7,71.0,3.6,18.1,1010.9,17.1,1.0,0,0.57,14.3
2017-12-14,2017,12,14,348,0.0,22.0,16.2,75.3,72.3,3.7,19.8,1007.0,18.6,1.0,0,0.57,12.92
2017-12-15,2017,12,15,349,2.67,22.6,18.0,73.6,72.9,3.4,14.9,1004.7,17.4,1.0,0,0.55,12.18
2017-12-16,2017,12,16,350,0.0,23.9,18.2,75.3,65.3,5.7,13.7,1004.2,20.1,1.0,0,0.55,10.74
2017-12-17,2017,12,17,351,0.0,24.6,16.2,76.1,65.1,4.7,17.2,1004.8,20.5,1.0,0,0.55,10.49
2017-12-18,2017,12,18,352,0.0,22.0,16.8,74.7,71.7,4.6,11.9,1005.0,17.4,1.0,0,0.38,10.3
2017-12-19,2017,12,19,353,0.0,22.0,16.1,76.4,62.3,4.9,15.0,1004.8,17.9,1.0,0,0.38,9.89
2017-12-20,2017,12,20,354,0.0,24.2,16.0,75.3,72.6,5.4,14.4,1005.6,19.5,1.0,0,0.38,9.36
2017-12-21,2017,12,21,355,0.72,22.0,17.9,80.7,73.1,4.1,17.4,1005.9,17.9,1.0,0,0.48,8.71
2017-12-22,2017,12,22,356,0.0,23.6,18.6,71.4,54.8,6.9,14.9,1008.5,18.0,1.0,0,0.1,8.47
2017-12-23,2017,12,23,357,1.0,23.2,16.6,80.9,58.1,6.4,16.1,1005.9,19.6,1.0,0,0.25,7.46
2017-12-24,2017,12,24,358,0.0,23.5,16.0,78.9,52.9,5.9,13.9,1003.8,19.3,1.0,0,0.25,7.08
2017-12-25,2017,12,25,359,0.0,23.4,17.9,72.2,65.0,4.4,16.3,1003.3,18.3,1.0,0,0.25,5.58
2017-12-26,2017,12,26,360,0.0,22.0,18.0,70.5,35.1,7.6,15.2,1005.5,16.4,1.0,0,0.25,5.07
2017-12-27,2017,12,27,361,0.0,22.0,16.0,77.6,38.3,7.4,11.9,1004.7,18.7,1.0,0,0.25,4.35
2017-12-28,2017,12,28,362,0.0,22.0,16.7,77.4,62.0,6.4,15.8,1007.9,18.4,1.0,0,0.14,2.16
2017-12-29,2017,12,29,363,0.0,22.5,18.9,71.7,43.6,7.9,15.9,1006.4,17.0,1.0,0,0.14,1.28
2017-12-30,2017,12,30,364,0.0,22.0,18.7,69.3,45.5,7.3,17.3,1003.3,16.0,1.0,0,0.0,0.36
2017-12-31,2017,12,31,365,0.0,22.8,16.0,72.7,56.5,5.4,16.7,1004.5,17.7,1.0,0,0.0,0.36
2018-01-01,2018,1,1,1,2.8,24.7,16.0,62.6,38.2,7.0,17.7,1003.2,17.3,1.29,0,0.4,0.44
2018-01-02,2018,1,2,2,0.0,22.3,16.9,76.0,44.9,5.9,13.5,1008.5,18.5,1.0,0,0.4,0.44
2018-01-03,2018,1,3,3,0.0,22.0,17.3,71.1,65.4,4.7,15.6,1003.5,15.7,1.0,0,0.4,0.39
2018-01-04,2018,1,4,4,0.0,22.1,17.3,74.1,56.9,5.4,10.4,1002.5,17.3,1.0,0,0.4,0.39
2018-01-05,2018,1,5,5,0.0,22.8,17.1,80.2,63.7,6.2,8.7,1003.9,19.3,1.0,0,0.4,0.37
2018-01-06,2018,1,6,6,0.0,23.7,16.7,71.2,46.5,7.3,11.1,1002.4,18.3,1.0,0,0.4,0.37
2018-01-07,2018,1,7,7,0.0,22.0,16.0,75.3,66.5,4.8,8.1,1002.4,17.0,1.06,0,0.4,0.28
2018-01-08,2018,1,8,8,0.0,22.0,16.0,71.3,25.6,9.6,14.6,1006.0,17.0,1.14,0,0.0,0.28
2018-01-09,2018,1,9,9,0.67,22.0,17.4,70.6,36.7,8.9,14.2,1005.1,16.4,1.0,0,0.1,0.3
2018-01-10,2018,1,10,10,0.0,22.1,16.0,77.9,38.8,7.5,8.8,1009.5,17.7,1.0,0,0.1,0.26
2018-01-11,2018,1,11,11,0.0,22.0,16.0,69.3,40.4,7.4,17.3,1009.5,15.7,1.04,0,0.1,0.26
2018-01-12,2018,1,12,12,0.0,22.0,16.6,73.5,58.8,4.5,13.4,1005.5,16.4,1.0,0,0.1,0.26
2018-01-13,2018,1,13,13,0.0,23.3,16.8,72.3,63.9,6.3,8.9,1006.6,17.5,1.0,0,0.1,0.26
2018-01-14,2018,1,14,14,0.0,23.6,18.7,72.5,49.0,7.4,16.4,1004.6,18.0,1.0,0,0.1,0.17
2018-01-15,2018,1,15,15,4.97,22.7,16.5,75.3,54.7,5.6,11.2,1006.6,18.0,1.0,0,0.81,0.34
2018-01-16,2018,1,16,16,0.0,23.9,16.0,72.4,27.5,9.6,13.5,1005.1,17.9,1.0,0,0.71,0.34
2018-01-17,2018,1,17,17,3.24,22.0,17.9,69.3,49.8,4.7,13.9,1003.9,16.5,1.0,0,1.17,0.45
2018-01-18,2018,1,18,18,0.0,24.5,16.4,68.1,38.4,7.3,8.5,1003.7,17.3,1.0,0,1.17,0.45
2018-01-19,2018,1,19,19,0.0,22.0,16.3,70.7,35.8,8.0,16.1,1004.7,16.2,1.0,0,1.17,0.45
2018-01-20,2018,1,20,20,0.0,22.6,16.0,61.9,36.2,8.2,19.6,1005.1,14.9,1.0,0,1.17,0.42
2018-01-21,2018,1,21,21,0.05,22.0,17.1,70.6,42.1,8.1,8.8,1007.1,16.3,1.0,0,1.18,0.42
2018-01-22,2018,1,22,22,0.0,22.7,16.7,66.6,51.3,5.8,12.9,1005.1,17.0,1.0,0,0.47,0.39
2018-01-23,2018,1,23,23,0.0,22.3,16.7,72.8,31.0,8.9,12.5,1002.7,17.4,1.15,0,0.47,0.39
2018-01-24,2018,1,24,24,0.0,24.0,17.7,60.5,28.7,9.4,12.2,1007.9,15.2,1.0,0,0.01,0.39
2018-01-25,2018,1,25,25,0.8,26.0,17.9,70.4,51.4,6.3,17.4,1005.1,20.3,1.0,0,0.12,0.42
2018-01-26,2018,1,26,26,0.2,23.7,17.0,69.1,30.5,8.2,11.9,1006.9,17.0,1.0,0,0.15,0.42
2018-01-27,2018,1,27,27,0.0,22.2,17.3,68.3,24.6,8.2,12.6,1000.9,16.7,1.0,0,0.15,0.42
2018-01-28,2018,1,28,28,0.09,24.7,17.1,72.8,60.2,5.1,14.2,1002.6,18.3,1.0,0,0.16,0.43
2018-01-29,2018,1,29,29,0.6,22.0,18.7,67.6,29.5,7.1,16.4,999.6,15.5,1.0,0,0.24,0.45
2018-01-30,2018,1,30,30,1.38,22.0,16.0,68.7,37.5,7.7,9.0,1003.4,16.0,1.04,0,0.44,0.49
2018-01-31,2018,1,31,31,0.0,22.2,16.0,61.9,32.8,8.4,10.1,1006.7,13.8,1.0,0,0.44,0.4
2018-02-01,2018,2,1,32,0.52,22.2,16.0,67.4,48.1,6.6,11.7,1005.4,16.3,1.0,0,0.4,0.42
2018-02-02,2018,2,2,33,0.0,22.0,17.5,65.4,36.1,7.7,8.1,1005.4,15.8,1.0,0,0.37,0.42
2018-02-03,2018,2,3,34,0.0,23.8,16.8,65.1,37.4,7.9,13.5,1008.2,16.5,1.0,0,0.37,0.42
2018-02-04,2018,2,4,35,0.0,22.8,16.0,59.6,37.9,8.0,10.6,1005.7,14.3,1.06,0,0.36,0.42
2018-02-05,2018,2,5,36,0.26,22.7,16.8,72.8,44.8,7.6,7.0,1005.0,17.0,1.0,0,0.31,0.43
2018-02-06,2018,2,6,37,0.0,25.0,19.6,61.7,39.5,6.5,9.7,1002.2,17.3,1.0,0,0.11,0.43
2018-02-07,2018,2,7,38,0.0,22.3,17.6,64.2,43.8,6.9,6.8,1007.1,15.0,1.0,0,0.11,0.43
2018-02-08,2018,2,8,39,0.22,24.6,18.9,59.3,25.0,8.0,8.9,1009.7,15.5,1.0,0,0.07,0.41
2018-02-09,2018,2,9,40,0.0,22.7,16.0,59.2,22.3,9.1,5.0,1001.1,15.3,1.0,0,0.07,0.41
2018-02-10,2018,2,10,41,0.0,22.8,17.6,59.1,25.8,9.9,12.2,1005.5,15.2,1.0,0,0.07,0.41
2018-02-11,2018,2,11,42,0.0,22.1,17.9,70.8,28.5,9.0,8.0,1004.0,17.5,1.0,0,0.07,0.41
2018-02-12,2018,2,12,43,0.0,22.0,18.2,58.0,35.2,7.9,6.6,1002.3,12.5,1.0,0,0.03,0.41
2018-02-13,2018,2,13,44,0.0,22.4,17.1,61.9,12.9,9.8,8.8,1003.5,15.2,1.0,0,0.03,0.41
2018-02-14,2018,2,14,45,0.0,22.0,18.6,62.5,39.8,7.3,12.8,1003.9,14.6,1.0,0,0.03,0.25
2018-02-15,2018,2,15,46,0.0,24.0,18.1,60.9,32.0,8.0,11.0,1004.0,16.2,1.0,0,0.0,0.25
2018-02-16,2018,2,16,47,0.0,23.2,17.7,60.2,14.2,10.6,14.7,1003.8,14.3,1.0,0,0.0,0.14
2018-02-17,2018,2,17,48,0.0,25.4,17.1,61.8,28.3,8.2,5.0,1005.1,17.0,1.0,0,0.0,0.14
2018-02-18,2018,2,18,49,0.0,22.8,16.0,58.4,29.4,8.5,5.0,1003.5,13.9,1.0,0,0.0,0.14
2018-02-19,2018,2,19,50,0.0,23.5,16.0,66.9,37.0,7.5,8.0,1006.5,17.0,1.0,0,0.0,0.14
2018-02-20,2018,2,20,51,0.0,25.9,17.0,69.3,30.3,7.8,13.5,1003.4,19.6,1.0,0,0.0,0.14
2018-02-21,2018,2,21,52,0.28,25.5,17.7,68.0,29.9,7.5,10.9,1004.7,19.1,1.0,0,0.04,0.15
2018-02-22,2018,2,22,53,0.74,24.4,17.1,55.4,24.7,9.3,11.1,1009.4,14.6,1.0,0,0.15,0.17
2018-02-23,2018,2,23,54,0.0,22.8,18.4,55.0,34.3,7.3,5.4,1003.9,12.8,1.0,0,0.15,0.17
2018-02-24,2018,2,24,55,0.0,25.3,19.1,56.2,40.0,7.7,7.2,1003.0,16.0,1.0,0,0.15,0.14
2018-02-25,2018,2,25,56,0.0,24.1,16.7,64.5,29.3,9.6,7.1,1002.4,17.0,1.0,0,0.15,0.14
2018-02-26,2018,2,26,57,0.0,23.8,18.9,60.1,19.7,9.8,9.3,1002.4,15.6,1.0,0,0.15,0.14
2018-02-27,2018,2,27,58,0.32,26.7,18.3,71.8,33.2,8.3,10.5,1003.0,21.6,1.0,0,0.19,0.14
2018-02-28,2018,2,28,59,0.0,27.0,16.3,62.0,39.9,6.6,8.0,1003.1,19.0,1.0,0,0.15,0.12
2018-03-01,2018,3,1,60,17.03,23.6,19.5,72.6,35.1,7.8,7.2,1005.6,18.4,1.0,0,2.48,0.65
2018-03-02,2018,3,2,61,0.0,27.6,17.4,66.0,20.7,9.0,5.7,998.8,20.7,1.0,0,2.48,0.65
2018-03-03,2018,3,3,62,0.0,25.0,21.7,57.6,35.9,7.8,9.7,1003.4,15.0,1.0,0,2.48,0.63
2018-03-04,2018,3,4,63,9.75,26.4,20.1,62.3,28.8,9.0,13.4,1007.0,19.0,1.0,0,3.87,0.95
2018-03-05,2018,3,5,64,8.42,28.1,18.6,71.2,31.6,9.2,10.4,1002.3,22.1,1.0,0,5.07,1.23
2018-03-06,2018,3,6,65,8.69,25.2,18.8,58.2,13.2,8.6,7.6,1004.6,16.6,1.0,0,6.27,1.52
2018-03-07,2018,3,7,66,0.99,26.0,17.2,61.0,24.0,10.4,5.9,1006.3,17.9,1.3,0,6.41,1.55
2018-03-08,2018,3,8,67,4.42,26.8,21.1,65.9,33.3,7.6,7.3,999.7,19.5,1.0,0,4.61,1.7
2018-03-09,2018,3,9,68,0.0,28.2,18.0,62.9,19.4,11.5,12.0,1008.7,20.7,1.49,0,4.61,1.7
2018-03-10,2018,3,10,69,0.0,26.0,19.2,59.3,19.9,9.5,5.7,999.8,16.8,1.0,0,4.61,1.69
2018-03-11,2018,3,11,70,1.37,27.3,18.5,59.7,22.3,9.9,5.0,1001.0,18.8,1.0,0,3.41,1.73
2018-03-12,2018,3,12,71,0.0,25.0,19.9,55.7,22.0,9.8,6.1,1004.1,15.3,1.0,0,2.21,1.73
2018-03-13,2018,3,13,72,0.0,24.1,19.4,56.9,22.9,9.3,7.7,1004.7,15.4,1.0,0,0.97,1.73
2018-03-14,2018,3,14,73,21.61,25.4,18.7,74.8,49.0,7.7,9.4,1005.3,21.1,1.0,0,3.91,2.45
2018-03-15,2018,3,15,74,0.0,25.5,20.1,61.3,17.8,11.1,5.9,1006.8,17.4,1.0,0,3.28,2.45
2018-03-16,2018,3,16,75,0.2,28.1,21.5,58.1,15.6,10.2,8.6,1003.5,18.9,1.01,0,3.31,2.46
2018-03-17,2018,3,17,76,6.75,26.7,19.8,65.9,19.2,9.3,5.0,1005.8,18.9,1.13,0,4.28,2.69
2018-03-18,2018,3,18,77,4.58,26.0,17.2,60.6,19.7,9.0,6.4,1007.3,17.5,1.0,0,4.73,2.84
2018-03-19,2018,3,19,78,41.81,25.7,20.4,67.2,28.0,10.1,13.0,1005.7,19.0,1.0,0,10.71,4.23
2018-03-20,2018,3,20,79,0.0,26.5,18.2,57.9,18.6,9.1,8.3,1005.5,17.2,1.14,0,10.71,4.23
2018-03-21,2018,3,21,80,0.0,28.7,18.5,55.0,26.8,9.4,5.2,1004.3,19.0,1.0,0,7.62,4.23
2018-03-22,2018,3,22,81,0.53,26.1,18.4,66.8,31.9,9.2,5.0,1004.8,19.4,1.12,0,7.7,4.25
2018-03-23,2018,3,23,82,3.13,27.4,21.1,64.1,14.8,10.0,9.0,1009.9,20.2,1.0,0,8.11,4.34
2018-03-24,2018,3,24,83,2.58,27.1,18.6,63.8,19.8,10.5,14.8,1004.6,18.9,1.08,0,7.52,4.41
2018-03-25,2018,3,25,84,2.05,28.4,21.7,58.9,25.0,9.5,6.9,1003.7,19.7,1.0,0,7.16,4.47
2018-03-26,2018,3,26,85,3.64,30.7,21.5,61.5,17.1,10.1,8.8,1003.9,22.2,1.0,0,1.7,4.6
2018-03-27,2018,3,27,86,0.0,27.1,19.6,58.0,27.6,8.1,6.7,1007.0,18.4,1.34,0,1.7,4.6
2018-03-28,2018,3,28,87,3.39,28.7,21.3,56.0,19.6,9.6,6.2,1005.3,19.3,1.0,0,2.19,4.71
2018-03-29,2018,3,29,88,14.49,28.3,22.3,69.4,16.0,9.9,11.0,1006.0,22.1,1.0,0,4.18,5.18
2018-03-30,2018,3,30,89,1.61,27.8,20.2,64.0,25.5,10.1,6.4,1003.4,20.6,1.46,0,3.97,5.23
2018-03-31,2018,3,31,90,0.0,28.7,22.5,61.6,27.1,9.6,5.0,1001.9,18.9,1.0,0,3.6,4.67
2018-04-01,2018,4,1,91,0.0,31.5,21.3,60.1,13.1,10.1,7.1,1006.8,23.3,1.0,0,3.3,4.67
2018-04-02,2018,4,2,92,3.61,28.8,20.4,58.2,17.0,9.1,5.0,1005.2,20.2,1.0,0,3.3,4.79
2018-04-03,2018,4,3,93,7.81,28.9,22.3,64.8,19.9,10.7,10.9,1002.6,22.3,1.12,0,4.42,4.72
2018-04-04,2018,4,4,94,6.54,28.6,20.6,59.1,24.6,10.4,10.5,1007.0,19.1,1.57,0,4.87,4.66
2018-04-05,2018,4,5,95,0.0,29.9,23.2,56.7,13.7,11.6,10.3,1006.5,19.9,1.0,0,2.8,4.37
2018-04-06,2018,4,6,96,13.31,27.9,20.2,61.6,23.6,10.0,5.7,1001.0,19.2,1.0,0,4.47,4.78
2018-04-07,2018,4,7,97,4.33,29.8,23.3,59.6,13.1,10.0,7.7,1004.1,21.5,1.0,0,5.09,4.78
2018-04-08,2018,4,8,98,3.06,30.4,22.1,58.6,19.6,9.7,14.2,1003.3,21.2,1.0,0,5.52,4.88
2018-04-09,2018,4,9,99,2.0,28.6,22.8,64.1,22.7,8.1,5.0,1005.9,21.2,1.0,0,5.29,4.95
2018-04-10,2018,4,10,100,25.19,32.4,21.5,64.8,26.6,9.6,9.5,1002.2,25.1,1.0,0,7.78,5.74
2018-04-11,2018,4,11,101,6.25,32.5,22.6,63.1,10.1,11.7,8.0,1002.7,24.8,1.0,0,7.73,5.95
2018-04-12,2018,4,12,102,2.61,33.6,19.2,64.1,39.2,7.5,6.1,1005.4,25.4,1.0,0,8.11,6.04
2018-04-13,2018,4,13,103,12.33,31.3,22.6,70.4,32.8,8.2,7.8,1006.7,24.9,1.0,0,7.97,5.73
2018-04-14,2018,4,14,104,0.46,31.2,20.8,62.3,17.3,8.4,6.2,1005.1,22.9,1.37,0,7.41,5.74
2018-04-15,2018,4,15,105,1.84,30.6,23.4,55.0,24.5,10.1,5.0,1005.2,21.0,1.0,0,7.24,5.8
2018-04-16,2018,4,16,106,15.6,30.9,21.9,65.8,35.2,9.6,6.4,1001.5,23.8,1.12,0,9.18,6.09
2018-04-17,2018,4,17,107,0.0,32.4,22.0,63.6,27.0,9.5,5.7,1003.5,25.3,1.0,0,5.58,5.94
2018-04-18,2018,4,18,108,0.0,31.1,21.4,56.9,27.3,8.9,5.0,1006.3,20.9,1.0,0,4.69,4.55
2018-04-19,2018,4,19,109,16.07,31.0,23.1,72.4,41.1,7.4,6.6,1003.6,25.8,1.0,0,6.61,5.08
2018-04-20,2018,4,20,110,2.21,32.2,21.9,67.3,19.8,9.8,7.9,1006.3,25.6,1.0,0,5.17,5.15
2018-04-21,2018,4,21,111,0.0,30.6,23.0,63.1,21.1,10.7,6.1,1002.1,22.8,1.65,0,5.1,5.14
2018-04-22,2018,4,22,112,0.0,34.0,22.8,65.0,25.5,9.3,5.0,1007.6,26.0,1.06,0,4.84,5.03
2018-04-23,2018,4,23,113,0.0,31.8,22.0,66.1,28.9,8.5,7.1,1006.0,24.5,1.0,0,2.61,4.95
2018-04-24,2018,4,24,114,1.4,33.1,22.9,62.3,26.9,11.2,7.1,1007.6,25.2,1.38,0,2.81,4.92
2018-04-25,2018,4,25,115,0.09,30.8,22.7,65.1,8.7,10.4,9.6,1004.9,23.4,1.0,0,2.82,4.81
2018-04-26,2018,4,26,116,3.59,32.1,24.7,58.7,47.1,6.7,9.0,1006.3,22.6,1.0,0,1.04,4.93
2018-04-27,2018,4,27,117,0.0,31.7,25.0,64.6,39.1,7.7,7.4,1007.7,24.6,1.17,0,0.73,4.81
2018-04-28,2018,4,28,118,0.0,31.9,22.1,63.4,21.0,10.3,5.0,1008.8,24.1,1.0,0,0.73,4.33
2018-04-29,2018,4,29,119,14.01,30.9,24.0,77.6,42.4,7.8,9.6,1006.9,26.0,1.15,0,2.73,4.74
2018-04-30,2018,4,30,120,13.5,34.3,23.6,66.0,25.7,9.3,5.0,1004.9,26.0,1.05,0,4.66,5.19
2018-05-01,2018,5,1,121,4.26,33.6,22.9,69.3,22.3,10.0,14.8,1005.0,26.0,1.0,0,5.06,5.34
2018-05-02,2018,5,2,122,5.27,30.8,24.2,68.6,23.6,9.0,5.0,1002.7,24.4,1.0,0,5.8,5.39
2018-05-03,2018,5,3,123,3.67,32.8,24.7,63.8,24.3,10.1,9.1,1002.0,25.4,1.28,0,5.82,5.25
2018-05-04,2018,5,4,124,10.12,32.9,21.1,59.7,32.0,9.8,8.5,999.6,23.8,1.0,0,7.26,5.37
2018-05-05,2018,5,5,125,10.72,33.9,25.5,65.7,35.7,8.2,9.7,1002.0,26.0,1.0,0,8.79,5.73
2018-05-06,2018,5,6,126,10.42,33.2,25.3,66.9,30.8,9.4,10.5,1003.6,26.0,1.0,0,8.28,5.63
2018-05-07,2018,5,7,127,0.0,35.2,24.5,67.0,16.9,10.5,5.5,1001.0,26.0,1.0,0,6.35,5.49
2018-05-08,2018,5,8,128,1.54,35.2,23.5,65.2,33.2,9.4,11.0,1002.7,26.0,1.22,0,5.96,5.44
2018-05-09,2018,5,9,129,6.1,37.1,25.3,66.4,43.1,8.0,12.2,1005.3,26.0,1.0,0,6.08,5.58
2018-05-10,2018,5,10,130,31.13,30.6,24.0,76.6,43.1,8.8,12.8,1001.6,25.7,1.0,0,10.0,5.77
2018-05-11,2018,5,11,131,2.15,36.1,26.4,67.9,31.7,11.1,11.1,1005.8,26.0,1.1,0,8.87,5.64
2018-05-12,2018,5,12,132,3.85,35.4,26.0,69.7,50.7,7.8,14.9,1005.1,26.0,1.0,0,7.88,5.68
2018-05-13,2018,5,13,133,6.2,34.0,25.0,63.5,38.9,9.2,11.4,1005.0,26.0,1.2,0,7.28,5.47
2018-05-14,2018,5,14,134,0.0,34.0,24.1,68.2,25.2,9.5,10.5,1005.6,26.0,1.23,0,7.28,5.46
2018-05-15,2018,5,15,135,0.67,34.4,25.8,70.0,25.3,9.3,5.0,1005.4,26.0,1.0,0,7.16,5.42
2018-05-16,2018,5,16,136,8.07,35.0,26.2,78.9,31.4,9.4,13.2,1004.5,26.0,1.09,0,7.44,5.17
2018-05-17,2018,5,17,137,0.0,33.9,24.9,66.9,36.3,7.8,8.6,1003.4,26.0,1.0,0,2.99,5.17
2018-05-18,2018,5,18,138,0.0,32.5,25.9,69.4,47.7,8.5,12.2,1005.1,26.0,1.0,0,2.68,5.17
2018-05-19,2018,5,19,139,0.51,34.2,24.9,67.4,39.0,9.1,10.6,1007.3,26.0,1.45,0,2.21,4.65
2018-05-20,2018,5,20,140,0.0,34.7,23.5,68.0,27.2,9.2,6.1,1005.4,26.0,1.0,0,1.32,4.58
2018-05-21,2018,5,21,141,7.06,36.0,23.6,73.2,46.9,8.2,10.3,1006.2,26.0,1.07,0,2.33,4.81
2018-05-22,2018,5,22,142,0.0,33.5,25.9,59.4,25.4,11.6,13.5,1007.7,24.7,1.48,0,2.23,4.81
2018-05-23,2018,5,23,143,0.0,36.4,27.6,67.3,55.8,7.0,19.4,1005.7,26.0,1.0,0,1.08,4.81
2018-05-24,2018,5,24,144,16.77,33.7,24.7,74.0,40.1,9.0,10.2,1004.9,26.0,1.0,0,3.48,5.32
2018-05-25,2018,5,25,145,0.0,36.2,25.0,64.1,26.5,10.0,5.9,1005.6,26.0,1.52,0,3.48,5.32
2018-05-26,2018,5,26,146,15.6,36.5,26.3,66.7,43.9,8.3,12.8,1003.1,26.0,1.0,0,5.63,5.72
2018-05-27,2018,5,27,147,47.39,35.6,26.1,77.0,63.7,6.0,18.5,1004.1,26.0,1.0,0,12.4,7.3
2018-05-28,2018,5,28,148,0.35,36.0,26.5,68.6,41.6,9.9,12.6,1005.7,26.0,1.09,0,11.44,7.31
2018-05-29,2018,5,29,149,5.97,37.0,26.8,69.2,43.7,6.5,14.8,1005.4,26.0,1.08,0,12.3,7.04
2018-05-30,2018,5,30,150,22.18,35.2,26.2,76.6,55.6,7.2,15.7,1000.0,26.0,1.03,0,15.47,7.33
2018-05-31,2018,5,31,151,2.38,36.6,26.5,65.2,39.6,8.3,9.2,1003.0,26.0,1.0,0,13.41,7.27
2018-06-01,2018,6,1,152,20.64,35.7,25.0,76.1,53.6,8.0,15.5,1000.6,26.0,1.21,1,16.36,7.78
2018-06-02,2018,6,2,153,91.09,38.0,25.9,83.9,82.2,5.1,19.9,1003.8,26.0,1.0,1,27.14,10.7
2018-06-03,2018,6,3,154,160.6,37.2,28.0,78.4,66.4,6.4,19.1,1004.6,26.0,1.0,1,43.32,15.71
2018-06-04,2018,6,4,155,82.86,34.9,27.1,77.3,69.0,4.9,27.3,1004.2,26.0,1.0,1,55.1,18.12
2018-06-05,2018,6,5,156,295.74,38.0,26.9,87.2,87.3,4.8,26.8,1001.9,26.0,1.0,1,96.5,27.63
2018-06-06,2018,6,6,157,147.61,38.0,25.6,84.6,68.6,5.3,17.6,1004.4,26.0,1.27,1,114.42,32.55
2018-06-07,2018,6,7,158,30.09,34.9,25.7,74.9,58.2,7.6,20.1,1001.8,26.0,1.0,1,118.38,33.5
2018-06-08,2018,6,8,159,55.46,34.5,25.5,80.7,62.5,6.5,20.9,1003.2,26.0,1.0,1,123.35,35.15
2018-06-09,2018,6,9,160,47.04,35.0,24.6,83.7,63.8,6.3,22.5,1003.9,26.0,1.0,1,117.06,35.68
2018-06-10,2018,6,10,161,236.6,35.5,26.5,81.5,81.4,4.0,19.4,1003.1,26.0,1.0,1,127.91,43.49
2018-06-11,2018,6,11,162,135.69,37.2,26.4,91.4,74.0,3.4,22.7,1003.9,26.0,1.0,1,135.46,47.89
2018-06-12,2018,6,12,163,59.39,37.2,27.2,85.8,67.5,7.3,19.5,1002.4,26.0,1.0,1,101.7,49.66
2018-06-13,2018,6,13,164,210.3,38.0,28.0,89.2,96.9,3.1,24.2,1004.0,26.0,1.0,1,110.65,56.67
2018-06-14,2018,6,14,165,267.31,36.7,26.3,86.9,70.1,5.2,25.2,1001.1,26.0,1.0,1,144.54,65.56
2018-06-15,2018,6,15,166,122.73,36.9,28.0,88.6,100.0,2.9,18.5,1001.0,26.0,1.0,1,154.15,69.38
2018-06-16,2018,6,16,167,284.93,37.5,27.7,95.1,86.3,3.5,23.6,1002.5,26.0,1.0,1,188.14,78.88
2018-06-17,2018,6,17,168,100.82,38.0,28.0,84.6,81.5,3.6,23.9,1000.2,26.0,1.0,1,168.74,82.24
2018-06-18,2018,6,18,169,332.12,34.6,25.8,85.6,87.9,3.2,23.5,1005.7,26.0,1.0,1,196.8,93.29
2018-06-19,2018,6,19,170,51.48,37.1,28.0,93.2,88.4,3.3,20.5,1002.9,26.0,1.0,1,195.67,95.01
2018-06-20,2018,6,20,171,165.39,38.0,26.5,92.8,81.0,3.9,32.6,1003.6,26.0,1.0,1,189.25,100.28
2018-06-21,2018,6,21,172,243.83,37.7,26.3,87.2,85.2,4.1,25.6,1002.1,26.0,1.0,1,185.9,108.41
2018-06-22,2018,6,22,173,101.48,37.2,27.3,84.5,94.5,4.0,21.2,1003.7,26.0,1.0,1,182.86,111.79
2018-06-23,2018,6,23,174,143.67,36.4,26.3,86.7,96.4,3.1,28.1,1004.0,26.0,1.0,1,162.68,116.02
2018-06-24,2018,6,24,175,352.8,38.0,27.9,96.8,100.0,2.4,29.0,1002.2,26.0,1.0,1,198.68,127.78
2018-06-25,2018,6,25,176,220.94,37.0,28.0,89.3,83.9,2.3,28.5,1001.4,26.0,1.0,1,182.8,134.63
2018-06-26,2018,6,26,177,178.56,37.0,28.0,93.4,85.7,4.3,24.4,1000.2,26.0,1.0,1,200.95,139.0
2018-06-27,2018,6,27,178,197.01,38.0,27.4,90.4,100.0,1.9,30.1,1004.6,26.0,1.0,1,205.47,145.56
2018-06-28,2018,6,28,179,82.24,36.3,28.0,90.1,83.9,4.3,28.6,999.5,26.0,1.0,1,182.39,148.1
2018-06-29,2018,6,29,180,107.09,38.0,28.0,92.0,99.6,2.9,29.3,1001.9,26.0,1.0,1,183.19,150.93
2018-06-30,2018,6,30,181,16.53,38.0,27.3,81.1,71.7,5.0,19.0,1001.2,26.0,1.0,1,165.02,151.4
2018-07-01,2018,7,1,182,78.03,37.9,27.4,88.4,75.5,4.3,29.9,1001.8,26.0,1.0,1,125.77,153.31
2018-07-02,2018,7,2,183,59.13,38.0,26.5,95.0,100.0,2.8,24.6,1002.3,26.0,1.0,1,102.66,152.25
2018-07-03,2018,7,3,184,122.91,38.0,26.4,89.9,99.9,1.5,28.7,1002.5,26.0,1.0,1,94.71,150.99
2018-07-04,2018,7,4,185,168.81,37.2,27.0,93.3,94.6,4.8,26.5,1002.7,26.0,1.0,1,90.68,153.86
2018-07-05,2018,7,5,186,224.41,38.0,26.3,95.8,100.0,2.5,26.6,1000.8,26.0,1.0,1,110.99,151.48
2018-07-06,2018,7,6,187,87.9,37.2,26.2,93.3,98.3,3.1,33.0,1003.8,26.0,1.0,1,108.25,149.49
2018-07-07,2018,7,7,188,150.41,38.0,26.5,95.0,100.0,2.4,26.5,1000.0,26.0,1.0,1,127.37,153.5
2018-07-08,2018,7,8,189,34.74,38.0,28.0,81.1,82.6,3.6,20.5,1001.3,26.0,1.0,1,121.19,152.81
2018-07-09,2018,7,9,190,295.28,38.0,26.6,93.5,97.4,4.3,27.3,1002.3,26.0,1.0,1,154.92,161.08
2018-07-10,2018,7,10,191,98.57,37.7,28.0,97.4,100.0,1.5,29.4,1006.8,26.0,1.0,1,151.45,156.48
2018-07-11,2018,7,11,192,108.95,38.0,26.8,98.0,100.0,2.5,24.3,1003.3,26.0,1.0,1,142.89,155.59
2018-07-12,2018,7,12,193,606.18,37.5,27.8,98.0,100.0,2.3,26.4,999.1,26.0,1.0,1,197.43,173.82
2018-07-13,2018,7,13,194,189.36,37.7,26.6,94.6,100.0,2.1,28.3,1003.2,26.0,1.0,1,211.93,173.12
2018-07-14,2018,7,14,195,171.94,37.8,27.8,96.1,89.5,2.9,29.3,1002.2,26.0,1.0,1,215.0,169.94
2018-07-15,2018,7,15,196,51.28,38.0,28.0,94.3,85.4,3.6,21.2,1001.6,26.0,1.0,1,217.37,167.56
2018-07-16,2018,7,16,197,62.94,38.0,26.7,84.3,75.3,5.3,27.9,1001.6,26.0,1.0,1,184.17,160.16
2018-07-17,2018,7,17,198,173.69,38.0,27.2,89.9,100.0,2.6,27.5,1003.0,26.0,1.0,1,194.91,162.59
2018-07-18,2018,7,18,199,57.81,38.0,26.1,93.2,100.0,2.7,26.5,1002.0,26.0,1.0,1,187.6,153.45
2018-07-19,2018,7,19,200,124.52,36.3,28.0,94.5,97.3,2.4,32.9,1003.7,26.0,1.0,1,118.79,155.88
2018-07-20,2018,7,20,201,213.15,36.0,28.0,93.8,100.0,3.1,30.4,999.8,26.0,1.0,1,122.19,157.47
2018-07-21,2018,7,21,202,224.77,37.8,26.4,97.1,100.0,1.2,31.6,999.9,26.0,1.0,1,129.74,156.84
2018-07-22,2018,7,22,203,96.6,38.0,27.3,97.2,100.0,2.3,26.8,1002.7,26.0,1.0,1,136.21,156.67
2018-07-23,2018,7,23,204,187.45,37.5,28.0,89.9,90.8,3.1,25.5,1003.1,26.0,1.0,1,154.0,158.13
2018-07-24,2018,7,24,205,349.02,37.5,27.5,90.8,100.0,2.2,33.0,1004.3,26.0,1.0,1,179.05,158.01
2018-07-25,2018,7,25,206,101.43,38.0,26.3,94.3,100.0,2.2,35.0,1000.7,26.0,1.0,1,185.28,154.02
2018-07-26,2018,7,26,207,273.09,37.7,26.2,98.0,98.1,2.4,34.7,1000.6,26.0,1.0,1,206.5,157.17
2018-07-27,2018,7,27,208,183.75,38.0,25.9,96.1,100.0,2.9,27.6,999.4,26.0,1.0,1,202.3,156.73
2018-07-28,2018,7,28,209,197.43,35.4,28.0,95.0,100.0,2.0,29.0,1002.6,26.0,1.0,1,198.4,160.57
2018-07-29,2018,7,29,210,243.52,38.0,28.0,98.0,100.0,2.0,24.9,1000.0,26.0,1.0,1,219.38,165.12
2018-07-30,2018,7,30,211,27.43,34.9,28.0,94.3,87.5,4.6,20.6,1003.6,26.0,1.0,1,196.52,165.48
2018-07-31,2018,7,31,212,46.05,37.9,26.0,93.9,94.1,3.7,25.7,1004.5,26.0,1.0,1,153.24,164.42
2018-08-01,2018,8,1,213,171.02,38.0,27.6,98.0,100.0,2.4,32.5,1005.3,26.0,1.0,1,163.18,168.15
2018-08-02,2018,8,2,214,309.04,35.0,27.3,98.0,100.0,2.5,31.6,1000.1,26.0,1.0,1,168.32,174.35
2018-08-03,2018,8,3,215,156.83,33.9,27.6,98.0,100.0,1.2,34.4,1003.6,26.0,1.0,1,164.47,173.95
2018-08-04,2018,8,4,216,143.21,38.0,27.8,94.7,100.0,2.2,34.4,1006.7,26.0,1.0,1,156.73,171.25
2018-08-05,2018,8,5,217,107.24,37.9,28.0,92.9,100.0,2.9,31.7,1001.7,26.0,1.0,1,137.26,171.89
2018-08-06,2018,8,6,218,226.77,35.5,28.0,95.9,100.0,2.8,33.9,1003.4,26.0,1.0,1,165.74,174.44
2018-08-07,2018,8,7,219,206.21,37.5,27.4,98.0,100.0,1.5,32.1,1001.1,26.0,1.0,1,188.62,180.15
2018-08-08,2018,8,8,220,68.29,36.2,28.0,97.5,100.0,1.2,33.5,1000.4,26.0,1.0,1,173.94,172.58
2018-08-09,2018,8,9,221,44.81,36.7,25.8,95.7,100.0,2.9,30.7,1001.8,26.0,1.0,1,136.19,170.79
2018-08-10,2018,8,10,222,51.45,36.5,26.7,98.0,92.6,3.9,28.8,1002.4,26.0,1.0,1,121.14,168.88
2018-08-11,2018,8,11,223,128.31,34.8,25.8,98.0,100.0,2.9,33.6,1002.8,26.0,1.0,1,119.01,152.95
2018-08-12,2018,8,12,224,242.75,38.0,27.0,98.0,100.0,3.9,33.7,1003.0,26.0,1.0,1,138.37,154.73
2018-08-13,2018,8,13,225,341.87,35.1,27.3,98.0,100.0,3.4,31.8,1004.5,26.0,1.0,1,154.81,160.39
2018-08-14,2018,8,14,226,8.76,36.7,28.0,83.8,89.4,2.8,25.7,1004.0,26.0,1.0,1,126.61,158.97
2018-08-15,2018,8,15,227,168.7,37.5,25.5,98.0,100.0,3.4,27.8,1000.6,26.0,1.0,1,140.95,162.5
2018-08-16,2018,8,16,228,108.91,35.2,28.0,98.0,100.0,1.6,33.5,1002.5,26.0,1.0,1,150.11,160.34
2018-08-17,2018,8,17,229,388.2,36.0,26.0,98.0,100.0,2.6,34.7,1000.5,26.0,1.0,1,198.21,171.35
2018-08-18,2018,8,18,230,61.49,35.5,25.7,98.0,100.0,1.2,30.2,1007.8,26.0,1.0,1,188.67,169.25
2018-08-19,2018,8,19,231,58.4,38.0,26.1,98.0,100.0,3.1,28.5,1000.2,26.0,1.0,1,162.33,164.09
2018-08-20,2018,8,20,232,337.29,37.5,28.0,98.0,100.0,1.9,35.0,1004.9,26.0,1.0,1,161.68,167.84
2018-08-21,2018,8,21,233,97.88,37.2,23.9,98.0,100.0,4.1,29.3,1003.4,26.0,1.0,1,174.41,167.89
2018-08-22,2018,8,22,234,53.42,38.0,26.7,98.0,100.0,2.5,31.6,1002.0,26.0,1.0,1,157.94,163.42
2018-08-23,2018,8,23,235,61.14,36.4,27.4,97.5,100.0,2.2,29.5,1005.4,26.0,1.0,1,151.12,153.82
2018-08-24,2018,8,24,236,199.05,35.2,24.9,98.0,100.0,1.5,29.5,1001.3,26.0,1.0,1,124.1,157.08
2018-08-25,2018,8,25,237,173.49,33.5,26.6,98.0,100.0,2.6,34.3,1000.8,26.0,1.0,1,140.1,153.76
2018-08-26,2018,8,26,238,470.25,34.5,25.0,98.0,100.0,2.5,29.9,1000.9,26.0,1.0,1,198.93,163.31
2018-08-27,2018,8,27,239,55.91,35.7,28.0,95.9,100.0,1.7,27.0,1004.6,26.0,1.0,1,158.73,158.59
2018-08-28,2018,8,28,240,393.61,36.7,24.2,98.0,100.0,3.5,33.2,1002.3,26.0,1.0,1,200.98,163.59
2018-08-29,2018,8,29,241,194.4,34.3,26.4,98.0,100.0,1.7,35.0,1005.2,26.0,1.0,1,221.12,169.16
2018-08-30,2018,8,30,242,275.6,37.5,25.1,98.0,100.0,1.0,35.0,1002.6,26.0,1.0,1,251.76,176.81
2018-08-31,2018,8,31,243,75.53,32.7,25.4,98.0,100.0,2.1,34.4,1005.6,26.0,1.0,1,234.11,173.63
2018-09-01,2018,9,1,244,227.52,34.4,25.1,97.1,100.0,2.2,35.0,1002.0,26.0,1.0,1,241.83,170.91
2018-09-02,2018,9,2,245,241.45,35.4,26.7,98.0,100.0,1.9,35.0,1003.8,26.0,1.0,1,209.15,173.73
2018-09-03,2018,9,3,246,245.28,34.9,25.5,97.9,100.0,2.7,30.9,1001.2,26.0,1.0,1,236.2,177.13
2018-09-04,2018,9,4,247,297.67,35.3,23.5,98.0,100.0,2.3,35.0,1001.1,26.0,1.0,1,222.49,183.48
2018-09-05,2018,9,5,248,98.96,34.7,25.6,98.0,100.0,3.3,32.6,1003.7,26.0,1.0,1,208.86,179.22
2018-09-06,2018,9,6,249,65.14,35.3,25.4,98.0,100.0,3.1,27.6,1003.4,26.0,1.0,1,178.79,174.52
2018-09-07,2018,9,7,250,117.82,33.9,26.2,98.0,100.0,2.7,29.3,1003.2,26.0,1.0,1,184.83,176.17
2018-09-08,2018,9,8,251,64.64,33.7,25.3,97.3,100.0,2.7,25.6,1001.3,26.0,1.0,1,161.57,176.83
2018-09-09,2018,9,9,252,311.06,32.8,23.0,98.0,100.0,0.9,31.8,1003.7,26.0,1.0,1,171.51,185.48
2018-09-10,2018,9,10,253,68.42,37.2,26.1,98.0,100.0,2.7,31.8,1002.3,26.0,1.0,1,146.24,183.49
2018-09-11,2018,9,11,254,98.6,33.7,26.0,98.0,100.0,2.7,33.1,1001.4,26.0,1.0,1,117.81,178.68
2018-09-12,2018,9,12,255,50.56,34.3,25.2,98.0,100.0,3.3,29.1,1003.0,26.0,1.0,1,110.89,168.97
2018-09-13,2018,9,13,256,81.94,33.2,24.8,95.8,100.0,1.6,32.0,1001.8,26.0,1.0,1,113.29,171.41
2018-09-14,2018,9,14,257,80.14,35.8,24.8,98.0,100.0,1.5,35.0,1003.3,26.0,1.0,1,107.91,168.46
2018-09-15,2018,9,15,258,336.82,33.3,25.7,98.0,100.0,1.7,35.0,1000.4,26.0,1.0,1,146.79,176.06
2018-09-16,2018,9,16,259,33.72,33.6,25.9,89.9,97.0,2.3,29.2,1001.9,26.0,1.0,1,107.17,164.24
2018-09-17,2018,9,17,260,81.17,31.7,24.8,98.0,100.0,1.2,28.1,1003.1,26.0,1.0,1,108.99,164.9
2018-09-18,2018,9,18,261,72.57,35.5,24.8,98.0,100.0,0.9,34.5,999.6,26.0,1.0,1,105.27,165.37
2018-09-19,2018,9,19,262,162.33,33.1,24.2,98.0,100.0,1.5,33.9,1002.6,26.0,1.0,1,121.24,159.54
2018-09-20,2018,9,20,263,74.51,35.3,26.7,98.0,100.0,0.9,32.4,999.4,26.0,1.0,1,120.18,158.76
2018-09-21,2018,9,21,264,39.59,31.6,21.3,97.7,100.0,0.6,32.7,1003.4,26.0,1.0,1,114.39,158.3
2018-09-22,2018,9,22,265,80.23,31.7,22.9,98.0,100.0,1.4,35.0,1003.5,26.0,1.0,1,77.73,158.93
2018-09-23,2018,9,23,266,165.51,31.5,22.6,98.0,100.0,2.0,30.3,998.4,26.0,1.0,1,96.56,157.81
2018-09-24,2018,9,24,267,92.13,31.7,26.0,98.0,100.0,1.8,35.0,1001.6,26.0,1.0,1,98.12,155.1
2018-09-25,2018,9,25,268,89.2,33.0,23.1,98.0,100.0,2.6,31.9,1000.6,26.0,1.0,1,100.5,142.4
2018-09-26,2018,9,26,269,141.19,28.8,20.9,98.0,100.0,0.7,33.5,1004.2,26.0,1.0,1,97.48,145.24
2018-09-27,2018,9,27,270,59.4,31.6,22.2,98.0,100.0,2.7,31.4,998.8,26.0,1.0,1,95.32,134.1
2018-09-28,2018,9,28,271,67.85,30.4,23.8,98.0,100.0,1.7,28.3,998.4,26.0,1.0,1,99.36,129.88
2018-09-29,2018,9,29,272,127.49,30.1,23.1,98.0,100.0,3.2,33.9,1004.8,26.0,1.0,1,106.11,124.95
2018-09-30,2018,9,30,273,97.87,32.0,22.8,96.5,100.0,2.0,31.4,1003.1,26.0,1.0,1,96.45,125.69
2018-10-01,2018,10,1,274,26.78,31.6,23.1,98.0,89.0,3.0,26.0,1004.1,26.0,1.0,1,87.11,119.0
2018-10-02,2018,10,2,275,105.96,32.3,24.1,98.0,100.0,1.7,35.0,1002.9,26.0,1.0,1,89.51,114.48
2018-10-03,2018,10,3,276,14.43,31.5,23.8,84.0,93.3,2.8,30.8,1006.0,26.0,1.0,1,71.4,106.79
2018-10-04,2018,10,4,277,8.4,31.0,21.6,90.5,85.1,4.2,29.3,1000.7,26.0,1.0,1,64.11,97.15
2018-10-05,2018,10,5,278,11.21,29.8,22.8,92.6,100.0,2.5,21.7,1000.4,26.0,1.0,1,56.02,94.22
2018-10-06,2018,10,6,279,18.39,29.1,24.2,98.0,100.0,2.1,32.3,1003.5,26.0,1.0,1,40.43,92.66
2018-10-07,2018,10,7,280,8.85,31.2,22.5,93.0,100.0,1.7,21.6,1002.7,26.0,1.0,1,27.72,89.03
2018-10-08,2018,10,8,281,23.41,29.8,21.5,94.9,98.1,2.2,22.4,1003.2,26.0,1.0,1,27.24,87.66
2018-10-09,2018,10,9,282,14.08,30.7,20.7,90.1,90.0,4.6,24.4,1004.0,26.0,1.0,1,14.11,77.76
2018-10-10,2018,10,10,283,38.61,29.9,22.3,98.0,100.0,2.4,27.1,1005.2,26.0,1.0,1,17.56,76.76
2018-10-11,2018,10,11,284,21.96,26.7,21.6,98.0,95.2,3.2,23.8,1003.5,26.0,1.0,1,19.5,74.21
2018-10-12,2018,10,12,285,85.97,30.4,21.5,98.0,100.0,2.3,32.6,1002.3,26.0,1.0,1,30.18,75.39
2018-10-13,2018,10,13,286,18.04,28.6,21.9,98.0,100.0,2.1,28.6,1004.2,26.0,1.0,1,30.13,73.26
2018-10-14,2018,10,14,287,3.47,30.7,20.8,85.4,94.8,0.3,22.9,1002.4,26.0,1.0,1,29.36,70.7
2018-10-15,2018,10,15,288,7.84,26.5,23.0,93.8,100.0,1.0,21.4,999.4,25.2,1.0,1,27.14,59.74
2018-10-16,2018,10,16,289,84.14,32.0,21.3,98.0,100.0,1.8,30.2,1002.3,26.0,1.0,1,37.15,61.42
2018-10-17,2018,10,17,290,4.05,28.1,23.7,90.1,87.2,3.1,20.2,1008.5,26.0,1.0,1,32.21,58.85
2018-10-18,2018,10,18,291,19.45,29.5,22.4,97.1,100.0,2.0,24.1,1003.7,26.0,1.0,1,31.85,57.08
2018-10-19,2018,10,19,292,13.66,27.6,21.0,98.0,100.0,2.3,24.4,1000.0,26.0,1.0,1,21.52,52.12
2018-10-20,2018,10,20,293,22.48,27.7,19.5,95.7,100.0,0.7,26.8,1002.6,26.0,1.0,1,22.16,50.39
2018-10-21,2018,10,21,294,8.73,29.5,21.7,93.1,100.0,1.9,23.8,1008.1,26.0,1.0,1,22.91,49.36
2018-10-22,2018,10,22,295,40.93,28.0,21.4,95.9,100.0,1.8,30.1,1002.2,26.0,1.0,1,27.63,48.05
2018-10-23,2018,10,23,296,12.02,28.0,19.9,89.2,100.0,2.1,23.5,1002.9,25.8,1.0,1,17.33,42.93
2018-10-24,2018,10,24,297,32.71,29.3,19.2,93.9,100.0,0.7,27.8,1000.4,26.0,1.0,1,21.43,40.95
2018-10-25,2018,10,25,298,14.93,28.2,20.5,87.9,100.0,1.8,21.5,1002.6,25.9,1.0,1,20.78,38.48
2018-10-26,2018,10,26,299,14.04,28.4,20.7,91.2,100.0,0.1,26.1,1000.4,26.0,1.0,1,20.83,34.24
2018-10-27,2018,10,27,300,13.53,26.7,20.5,98.0,100.0,0.5,25.2,1001.9,26.0,1.0,1,19.56,32.71
2018-10-28,2018,10,28,301,2.1,28.5,20.3,85.9,97.7,3.4,25.5,1008.6,26.0,1.0,1,18.61,30.52
2018-10-29,2018,10,29,302,21.4,27.5,21.6,94.2,100.0,1.6,28.7,999.8,26.0,1.0,1,15.82,26.98
2018-10-30,2018,10,30,303,24.42,27.9,19.3,90.5,97.7,1.0,33.1,1003.5,26.0,1.0,1,17.59,24.53
2018-10-31,2018,10,31,304,0.47,27.7,22.2,87.0,86.6,1.5,26.6,1008.6,26.0,1.0,1,12.98,23.66
2018-11-01,2018,11,1,305,4.54,28.7,17.9,85.3,87.5,2.7,23.5,1005.0,25.4,1.0,1,11.5,20.28
2018-11-02,2018,11,2,306,3.57,27.6,18.9,87.7,90.1,4.0,26.4,1006.6,25.8,1.0,1,10.0,19.91
2018-11-03,2018,11,3,307,37.9,25.0,18.3,96.6,98.8,1.7,32.4,1000.9,23.7,1.0,1,13.49,20.9
2018-11-04,2018,11,4,308,19.99,25.7,19.9,93.9,88.2,3.3,22.8,1000.7,23.8,1.0,1,16.04,21.19
2018-11-05,2018,11,5,309,5.96,26.8,20.0,94.1,83.5,2.7,19.2,1004.0,25.1,1.0,1,13.84,20.78
2018-11-06,2018,11,6,310,0.29,27.0,21.6,94.1,100.0,1.0,16.6,1002.9,25.9,1.0,1,10.39,20.49
2018-11-07,2018,11,7,311,23.39,24.2,19.6,98.0,95.9,2.1,24.5,1001.1,24.1,1.0,1,13.66,20.49
2018-11-08,2018,11,8,312,44.62,24.6,20.3,98.0,100.0,1.5,24.6,1003.0,24.0,1.0,1,19.39,21.51
2018-11-09,2018,11,9,313,25.52,27.6,17.9,95.6,96.9,1.8,30.4,1005.1,26.0,1.0,1,22.52,21.07
2018-11-10,2018,11,10,314,22.9,28.8,17.5,94.5,100.0,1.8,18.1,1002.2,26.0,1.0,1,20.38,21.1
2018-11-11,2018,11,11,315,163.17,23.3,20.6,98.0,100.0,2.2,31.2,1003.8,23.1,1.0,1,40.84,23.68
2018-11-12,2018,11,12,316,2.94,26.0,20.1,84.4,83.2,1.6,24.7,1008.2,23.2,1.0,1,40.4,23.17
2018-11-13,2018,11,13,317,28.16,25.6,19.2,90.6,90.8,2.1,25.3,998.0,24.4,1.0,1,44.39,23.99
2018-11-14,2018,11,14,318,10.08,26.9,17.7,81.7,84.6,3.7,24.5,1004.8,23.5,1.0,1,42.48,24.07
2018-11-15,2018,11,15,319,1.93,26.0,21.6,89.7,93.1,1.8,17.6,1000.9,24.8,1.0,1,36.39,21.33
2018-11-16,2018,11,16,320,21.95,26.4,19.6,93.7,92.7,3.5,19.3,1001.4,24.3,1.0,1,35.88,21.93
2018-11-17,2018,11,17,321,29.75,22.0,17.7,91.0,89.3,3.2,26.6,1004.8,19.8,1.0,1,36.85,22.27
2018-11-18,2018,11,18,322,17.49,25.0,18.5,97.7,93.3,1.6,24.2,1005.3,25.1,1.0,1,16.04,22.4
2018-11-19,2018,11,19,323,223.02,23.5,16.7,96.8,100.0,1.1,34.2,1001.0,22.0,1.0,1,47.48,29.08
2018-11-20,2018,11,20,324,6.38,23.4,18.5,93.1,90.6,2.2,20.5,1002.1,22.6,1.0,1,44.37,29.0
2018-11-21,2018,11,21,325,27.3,22.8,17.7,89.5,70.6,3.8,29.1,1002.9,21.5,1.0,1,46.83,28.55
2018-11-22,2018,11,22,326,78.4,24.9,21.1,98.0,100.0,1.1,32.0,1006.2,24.4,1.0,1,57.76,30.76
2018-11-23,2018,11,23,327,9.13,25.0,19.0,89.3,85.1,2.2,23.2,1004.6,23.3,1.0,1,55.92,29.98
2018-11-24,2018,11,24,328,23.06,25.3,16.0,89.3,94.6,1.9,24.3,1005.0,23.4,1.0,1,54.97,30.25
2018-11-25,2018,11,25,329,7.57,23.7,20.2,81.4,86.5,3.3,14.5,1004.9,20.5,1.0,1,53.55,30.03
2018-11-26,2018,11,26,330,5.77,26.2,18.4,85.7,75.1,4.5,21.6,1000.9,22.8,1.0,1,22.52,29.77
2018-11-27,2018,11,27,331,38.15,22.7,19.7,90.4,88.8,2.8,26.9,1004.0,21.4,1.0,1,27.05,30.97
2018-11-28,2018,11,28,332,5.07,22.0,18.1,78.5,62.3,3.8,22.7,1003.1,17.8,1.0,1,23.88,30.43
2018-11-29,2018,11,29,333,15.74,24.2,17.9,81.2,80.8,3.7,19.2,1002.7,20.2,1.0,1,14.93,30.14
2018-11-30,2018,11,30,334,72.33,22.8,16.7,96.5,100.0,1.2,32.6,999.2,21.4,1.0,1,23.96,32.54
2018-12-01,2018,12,1,335,0.0,24.5,18.4,72.6,71.5,4.5,14.8,1003.5,19.1,1.0,0,20.66,32.38
2018-12-02,2018,12,2,336,0.0,22.6,18.8,80.4,67.9,4.1,19.5,1004.6,18.8,1.0,0,19.58,32.27
2018-12-03,2018,12,3,337,0.0,22.7,16.0,84.4,76.3,3.2,16.6,1001.9,19.8,1.0,0,18.76,31.0
2018-12-04,2018,12,4,338,0.0,22.5,16.4,75.1,53.4,5.9,14.5,1001.6,17.6,1.0,0,13.31,30.34
2018-12-05,2018,12,5,339,0.0,22.3,16.0,75.5,75.6,4.8,15.1,1007.0,17.2,1.0,0,12.58,30.14
2018-12-06,2018,12,6,340,0.0,23.3,19.5,81.9,82.8,0.6,21.3,1004.0,20.8,1.0,0,10.33,30.13
2018-12-07,2018,12,7,341,0.0,23.6,18.6,69.8,64.1,5.6,21.1,1004.7,17.6,1.0,0,0.0,29.35
2018-12-08,2018,12,8,342,0.0,22.1,16.8,79.9,63.7,6.0,15.9,1004.9,18.9,1.0,0,0.0,27.86
2018-12-09,2018,12,9,343,0.0,22.0,18.5,78.0,65.4,3.4,17.1,1003.2,17.5,1.0,0,0.0,27.01
2018-12-10,2018,12,10,344,0.0,23.8,16.0,85.5,69.1,4.3,13.5,1008.0,22.6,1.0,0,0.0,26.25
2018-12-11,2018,12,11,345,0.0,23.5,17.4,85.8,75.9,3.2,20.5,1006.5,21.4,1.0,0,0.0,20.81
2018-12-12,2018,12,12,346,0.0,24.0,18.1,80.5,70.8,3.9,20.3,1007.1,21.2,1.0,0,0.0,20.71
2018-12-13,2018,12,13,347,0.0,22.0,16.3,76.1,65.2,4.8,12.9,1006.7,18.2,1.0,0,0.0,19.77
2018-12-14,2018,12,14,348,0.0,22.0,16.9,79.0,66.9,4.9,11.5,1007.1,18.4,1.0,0,0.0,19.43
2018-12-15,2018,12,15,349,0.0,24.0,17.5,81.9,62.7,4.9,22.2,1006.7,20.9,1.0,0,0.0,19.37
2018-12-16,2018,12,16,350,0.8,24.0,18.2,81.4,72.2,3.0,19.2,1004.5,20.5,1.0,0,0.11,18.67
2018-12-17,2018,12,17,351,0.08,22.0,16.0,68.5,60.3,4.5,17.2,1004.1,16.1,1.0,0,0.13,17.68
2018-12-18,2018,12,18,352,0.0,22.0,16.6,71.8,48.8,6.5,14.6,1002.9,16.3,1.0,0,0.13,17.09
2018-12-19,2018,12,19,353,0.0,22.0,16.0,80.4,70.9,4.4,14.6,1003.5,18.8,1.0,0,0.13,9.66
2018-12-20,2018,12,20,354,0.0,22.0,17.4,72.0,58.0,5.2,16.2,1006.8,16.1,1.0,0,0.13,9.45
2018-12-21,2018,12,21,355,0.0,23.6,16.3,78.3,59.7,4.4,19.8,1002.9,19.8,1.0,0,0.13,8.54
2018-12-22,2018,12,22,356,0.0,23.4,17.6,79.9,77.8,3.0,13.8,1006.5,19.4,1.0,0,0.13,5.92
2018-12-23,2018,12,23,357,0.0,22.5,16.0,78.8,65.6,5.0,19.0,1005.1,19.2,1.0,0,0.01,5.62
2018-12-24,2018,12,24,358,2.58,22.0,16.0,79.3,68.1,3.3,13.7,1004.7,17.6,1.0,0,0.37,4.94
2018-12-25,2018,12,25,359,0.57,22.0,19.0,74.2,54.4,5.9,11.1,1004.6,16.4,1.0,0,0.45,4.7
2018-12-26,2018,12,26,360,0.0,22.0,16.3,70.1,51.6,4.7,15.3,1000.6,16.4,1.0,0,0.45,4.51
2018-12-27,2018,12,27,361,3.93,22.0,17.8,84.4,75.6,3.1,18.0,1002.6,18.6,1.0,0,1.01,3.37
2018-12-28,2018,12,28,362,1.73,22.5,16.0,68.2,74.7,4.9,18.1,1004.4,16.4,1.0,0,1.26,3.26
2018-12-29,2018,12,29,363,0.0,23.3,16.0,75.3,65.0,4.2,11.6,1004.7,19.1,1.0,0,1.26,2.73
2018-12-30,2018,12,30,364,0.0,23.3,18.2,72.3,35.1,9.3,19.3,1006.0,18.0,1.0,0,1.26,0.32
2018-12-31,2018,12,31,365,0.31,22.0,17.4,79.8,52.7,6.2,11.6,1005.9,17.8,1.0,0,0.93,0.33
2019-01-01,2019,1,1,1,0.0,22.0,16.0,74.2,54.8,7.3,15.7,1002.3,16.8,1.0,0,0.85,0.33
2019-01-02,2019,1,2,2,9.3,22.0,18.4,74.3,56.4,4.0,12.2,1001.2,17.6,1.0,0,2.18,0.64
2019-01-03,2019,1,3,3,0.0,23.6,16.0,71.7,51.8,7.5,15.2,1006.5,18.3,1.0,0,1.62,0.64
2019-01-04,2019,1,4,4,1.82,22.0,16.0,77.7,44.7,6.9,13.8,1003.2,17.7,1.0,0,1.63,0.7
2019-01-05,2019,1,5,5,0.47,22.0,16.4,77.5,70.4,4.3,13.3,1007.2,18.3,1.0,0,1.7,0.72
2019-01-06,2019,1,6,6,1.62,22.0,16.1,76.2,58.7,5.0,16.6,1004.5,17.0,1.0,0,1.93,0.77
2019-01-07,2019,1,7,7,0.0,22.0,16.0,73.0,45.5,6.8,15.8,1007.1,17.4,1.0,0,1.89,0.77
2019-01-08,2019,1,8,8,0.0,23.0,16.3,68.4,44.2,7.4,15.6,1004.3,17.2,1.0,0,1.89,0.77
2019-01-09,2019,1,9,9,0.0,22.0,16.7,69.1,53.5,5.4,7.1,1004.8,15.6,1.0,0,0.56,0.77
2019-01-10,2019,1,10,10,0.0,22.0,17.4,73.6,48.4,6.0,13.2,1006.6,17.1,1.0,0,0.56,0.77
2019-01-11,2019,1,11,11,0.0,23.1,19.6,75.6,51.9,6.6,17.2,1002.5,18.3,1.11,0,0.3,0.77
2019-01-12,2019,1,12,12,0.0,22.2,17.9,65.3,48.6,6.6,11.5,1003.7,15.9,1.0,0,0.23,0.77
2019-01-13,2019,1,13,13,0.51,22.7,16.0,64.4,40.3,5.6,17.7,1008.7,16.5,1.0,0,0.07,0.79
2019-01-14,2019,1,14,14,0.0,22.4,19.7,69.9,60.4,6.0,15.6,1004.1,15.8,1.0,0,0.07,0.79
2019-01-15,2019,1,15,15,2.5,22.0,16.5,72.6,29.3,9.2,11.7,1004.4,16.9,1.0,0,0.43,0.85
2019-01-16,2019,1,16,16,0.0,24.0,16.8,70.9,39.9,6.4,11.6,1005.0,18.3,1.0,0,0.43,0.84
2019-01-17,2019,1,17,17,4.64,22.0,16.0,74.3,55.2,5.2,6.9,1005.8,16.8,1.0,0,1.09,1.0
2019-01-18,2019,1,18,18,0.0,23.4,16.5,67.6,37.9,6.8,12.3,1006.4,16.6,1.0,0,1.09,1.0
2019-01-19,2019,1,19,19,0.0,22.0,16.5,74.5,45.1,8.2,9.1,1004.3,17.1,1.0,0,1.09,1.0
2019-01-20,2019,1,20,20,1.78,23.0,17.3,76.2,57.3,5.2,7.5,1005.6,18.2,1.0,0,1.27,1.06
2019-01-21,2019,1,21,21,0.0,23.7,17.6,71.2,47.6,7.1,16.4,1003.5,18.7,1.0,0,1.27,1.06
2019-01-22,2019,1,22,22,0.0,23.5,16.1,66.8,42.1,8.2,9.3,1005.7,17.3,1.0,0,0.92,1.06
2019-01-23,2019,1,23,23,0.0,22.4,18.0,57.4,46.6,7.5,17.6,1003.8,13.4,1.0,0,0.92,0.97
2019-01-24,2019,1,24,24,0.18,22.0,16.0,65.8,35.2,8.0,6.1,1007.6,15.4,1.0,0,0.28,0.96
2019-01-25,2019,1,25,25,0.86,22.0,18.0,69.1,44.6,7.9,6.3,1008.8,15.9,1.0,0,0.4,0.99
2019-01-26,2019,1,26,26,0.0,22.0,16.0,70.5,45.2,5.7,12.5,1001.3,16.2,1.0,0,0.4,0.86
2019-01-27,2019,1,27,27,0.0,24.1,16.0,66.3,29.2,9.1,13.1,1008.7,17.1,1.0,0,0.15,0.8
2019-01-28,2019,1,28,28,0.0,22.0,16.3,67.0,31.6,8.2,17.4,1004.6,14.8,1.0,0,0.15,0.8
2019-01-29,2019,1,29,29,0.0,23.7,16.4,74.0,27.8,8.6,8.9,1007.0,19.0,1.0,0,0.15,0.8
2019-01-30,2019,1,30,30,1.47,23.9,16.0,63.3,38.3,7.9,10.4,1006.7,15.8,1.03,0,0.36,0.84
2019-01-31,2019,1,31,31,0.0,23.3,16.4,60.1,43.6,8.2,14.5,1001.6,15.1,1.0,0,0.33,0.84
2019-02-01,2019,2,1,32,0.0,23.2,16.2,57.0,26.8,9.7,9.5,1004.4,13.9,1.0,0,0.21,0.53
2019-02-02,2019,2,2,33,0.0,22.0,16.9,70.2,19.1,9.5,11.5,1002.1,17.1,1.0,0,0.21,0.53
2019-02-03,2019,2,3,34,0.0,22.0,17.6,60.8,32.4,8.6,5.1,1002.1,14.4,1.0,0,0.21,0.47
2019-02-04,2019,2,4,35,0.0,22.0,16.9,64.5,43.8,6.5,13.7,1007.9,14.7,1.0,0,0.21,0.45
2019-02-05,2019,2,5,36,0.0,25.3,16.0,69.0,33.2,8.0,19.2,1006.7,19.3,1.12,0,0.21,0.4
2019-02-06,2019,2,6,37,1.9,25.0,16.6,72.6,42.2,7.7,7.9,1001.4,18.9,1.0,0,0.27,0.46
2019-02-07,2019,2,7,38,0.66,23.0,18.3,65.9,16.2,10.2,18.5,1002.0,16.0,1.82,0,0.37,0.48
2019-02-08,2019,2,8,39,0.0,25.0,16.3,61.1,35.5,8.4,13.3,1007.0,16.6,1.0,0,0.37,0.48
2019-02-09,2019,2,9,40,0.0,22.0,16.0,66.3,45.3,7.3,12.7,1007.0,15.9,1.0,0,0.37,0.48
2019-02-10,2019,2,10,41,0.0,22.6,16.0,60.5,44.6,6.8,10.3,1005.9,14.1,1.0,0,0.37,0.48
2019-02-11,2019,2,11,42,0.0,25.7,16.5,64.3,39.3,7.2,9.9,1005.1,18.3,1.0,0,0.37,0.48
2019-02-12,2019,2,12,43,0.0,26.5,18.3,58.8,49.3,6.5,11.0,1003.5,18.2,1.0,0,0.37,0.47
2019-02-13,2019,2,13,44,0.0,24.6,16.5,60.9,35.9,8.3,10.1,1004.5,16.3,1.0,0,0.09,0.47
2019-02-14,2019,2,14,45,0.0,22.0,17.4,73.0,33.8,8.5,5.0,1005.8,17.0,1.0,0,0.0,0.38
2019-02-15,2019,2,15,46,0.0,25.6,16.9,68.2,28.1,9.3,9.9,1004.8,19.7,1.0,0,0.0,0.38
2019-02-16,2019,2,16,47,0.0,23.3,16.9,61.0,14.8,10.3,14.6,1005.1,15.2,1.0,0,0.0,0.23
2019-02-17,2019,2,17,48,0.0,24.8,19.2,61.8,22.9,9.4,10.9,1009.6,16.6,1.0,0,0.0,0.23
2019-02-18,2019,2,18,49,5.08,24.0,17.5,68.6,23.8,8.7,5.2,1003.8,18.2,1.0,0,0.73,0.4
2019-02-19,2019,2,19,50,0.62,25.4,16.2,61.8,33.9,8.5,7.7,1002.3,17.5,1.28,0,0.81,0.36
2019-02-20,2019,2,20,51,1.5,24.1,16.0,68.6,21.5,10.5,12.8,1005.2,17.9,1.0,0,1.03,0.41
2019-02-21,2019,2,21,52,0.0,28.2,16.6,56.6,17.6,9.1,10.0,1004.9,18.8,1.12,0,1.03,0.41
2019-02-22,2019,2,22,53,0.0,25.7,16.5,62.5,34.4,8.6,12.3,1004.2,17.9,1.0,0,1.03,0.41
2019-02-23,2019,2,23,54,1.43,22.4,19.0,60.1,21.4,10.4,10.2,1003.9,13.1,1.39,0,1.23,0.45
2019-02-24,2019,2,24,55,0.0,22.0,17.8,63.5,33.5,7.7,12.0,1002.8,14.4,1.0,0,1.23,0.42
2019-02-25,2019,2,25,56,0.0,22.0,18.2,62.8,40.1,7.9,10.2,1005.3,14.7,1.0,0,0.51,0.42
2019-02-26,2019,2,26,57,1.94,25.5,17.9,63.2,19.1,9.6,9.3,1007.2,17.2,1.37,0,0.7,0.49
2019-02-27,2019,2,27,58,0.0,26.2,18.1,63.7,28.5,8.1,10.3,1005.4,18.7,1.0,0,0.48,0.49
2019-02-28,2019,2,28,59,1.43,22.0,19.5,63.7,49.5,6.8,5.0,1004.0,15.5,1.0,0,0.69,0.53
2019-03-01,2019,3,1,60,4.95,26.7,19.7,59.5,30.4,9.0,6.6,1003.4,18.2,1.35,0,1.39,0.65
2019-03-02,2019,3,2,61,10.65,25.5,20.7,65.7,36.9,8.7,12.1,1003.8,18.1,1.0,0,2.71,1.01
2019-03-03,2019,3,3,62,4.16,27.6,17.5,63.1,25.0,9.4,5.0,1005.8,20.0,1.0,0,3.3,1.14
2019-03-04,2019,3,4,63,8.83,23.8,18.2,65.1,29.6,7.9,12.5,1004.8,15.8,1.03,0,4.57,1.44
2019-03-05,2019,3,5,64,0.0,25.8,19.0,70.1,34.0,9.4,8.1,1005.4,19.9,1.0,0,4.29,1.44
2019-03-06,2019,3,6,65,0.0,25.9,20.7,61.3,13.7,9.7,5.0,1002.6,18.7,1.0,0,4.29,1.44
2019-03-07,2019,3,7,66,7.34,24.4,18.1,70.9,19.2,9.0,9.1,1007.1,19.0,1.05,0,5.13,1.68
2019-03-08,2019,3,8,67,21.79,23.8,20.1,61.0,32.3,9.0,7.7,1002.6,15.8,1.0,0,7.54,2.35
2019-03-09,2019,3,9,68,3.38,27.2,18.3,60.2,21.1,10.4,10.3,1008.5,18.9,1.0,0,6.5,2.44
2019-03-10,2019,3,10,69,0.05,26.3,20.3,59.9,11.2,10.0,11.6,1006.1,18.5,1.33,0,5.91,2.44
2019-03-11,2019,3,11,70,15.1,26.6,19.3,72.9,20.1,8.9,9.5,999.4,20.8,1.0,0,6.81,2.94
2019-03-12,2019,3,12,71,3.74,28.2,18.1,55.0,30.8,9.7,12.9,1001.5,18.2,1.03,0,7.34,3.07
2019-03-13,2019,3,13,72,7.32,26.2,19.3,67.7,27.0,7.1,10.9,1005.2,20.1,1.0,0,8.39,3.31
2019-03-14,2019,3,14,73,33.75,26.9,20.2,72.8,34.2,7.1,14.4,1001.3,20.5,1.0,0,12.16,4.44
2019-03-15,2019,3,15,74,4.2,27.1,16.1,64.6,24.4,9.7,9.7,1003.8,20.2,1.18,0,9.65,4.58
2019-03-16,2019,3,16,75,8.81,27.2,20.8,63.4,25.5,8.7,7.3,1003.3,19.5,1.3,0,10.42,4.87
2019-03-17,2019,3,17,76,1.9,24.7,18.0,61.9,20.5,9.7,7.8,998.5,16.9,1.0,0,10.69,4.93
2019-03-18,2019,3,18,77,0.0,26.9,19.6,60.1,7.5,9.9,7.8,1005.4,18.4,1.01,0,8.53,4.93
2019-03-19,2019,3,19,78,10.51,28.8,19.8,62.0,27.8,9.3,9.0,1004.6,21.6,1.0,0,9.5,5.28
2019-03-20,2019,3,20,79,20.79,27.0,16.7,71.3,24.4,9.0,9.0,1007.3,21.2,1.0,0,11.42,5.81
2019-03-21,2019,3,21,80,8.12,26.6,19.4,64.0,21.5,10.0,7.3,1003.4,19.7,1.0,0,7.76,6.06
2019-03-22,2019,3,22,81,14.38,28.9,20.7,62.7,29.5,10.0,5.0,1003.2,20.8,1.0,0,9.22,6.49
2019-03-23,2019,3,23,82,0.0,27.6,22.5,61.7,27.3,10.6,5.0,1004.3,18.9,1.0,0,7.96,6.49
2019-03-24,2019,3,24,83,0.0,26.7,21.4,59.2,22.7,10.5,5.7,1010.2,18.5,1.0,0,7.69,6.49
2019-03-25,2019,3,25,84,6.97,26.5,21.6,61.4,23.8,9.8,5.0,1004.8,18.5,1.19,0,8.68,6.67
2019-03-26,2019,3,26,85,3.55,27.9,18.0,55.0,28.3,9.3,8.7,1003.7,17.6,1.0,0,7.69,6.79
2019-03-27,2019,3,27,86,1.24,27.1,20.3,58.5,23.9,8.6,11.4,1004.9,17.6,1.09,0,4.89,6.83
2019-03-28,2019,3,28,87,2.18,29.6,22.9,58.8,13.1,10.9,5.9,1004.2,21.7,1.08,0,4.05,6.84
2019-03-29,2019,3,29,88,0.0,27.2,22.0,61.2,27.7,8.9,10.5,1004.4,19.0,1.0,0,1.99,6.84
2019-03-30,2019,3,30,89,2.74,28.9,20.3,59.8,27.4,9.8,11.4,1003.4,20.5,1.55,0,2.38,6.88
2019-03-31,2019,3,31,90,0.0,29.3,21.2,70.7,26.7,9.2,5.0,1006.7,23.1,1.0,0,2.38,6.72
2019-04-01,2019,4,1,91,0.0,29.7,22.3,55.0,25.1,10.4,7.0,1004.1,19.7,1.1,0,1.39,6.36
2019-04-02,2019,4,2,92,2.29,31.3,22.4,56.1,22.7,8.3,5.0,1004.1,22.2,1.12,0,1.21,6.3
2019-04-03,2019,4,3,93,0.0,27.0,21.2,57.9,0.0,12.6,5.0,1005.0,17.9,1.58,0,1.03,6.0
2019-04-04,2019,4,4,94,0.0,30.1,21.1,61.5,17.7,11.1,8.4,1005.1,21.8,1.0,0,0.72,6.0
2019-04-05,2019,4,5,95,0.0,30.2,22.0,58.8,18.9,10.1,5.0,1007.6,22.1,1.0,0,0.72,6.0
2019-04-06,2019,4,6,96,0.0,27.8,22.8,57.7,18.7,10.1,5.0,1004.3,17.7,1.0,0,0.33,5.76
2019-04-07,2019,4,7,97,0.0,30.0,21.2,55.4,16.4,10.4,7.5,1005.0,19.6,1.0,0,0.33,5.03
2019-04-08,2019,4,8,98,0.98,29.1,19.6,62.4,21.6,10.4,5.9,1003.6,21.1,1.36,0,0.47,4.95
2019-04-09,2019,4,9,99,0.0,32.0,21.8,71.2,32.2,10.0,6.1,1005.3,25.9,1.11,0,0.14,4.95
2019-04-10,2019,4,10,100,0.0,29.1,20.5,56.0,22.5,9.6,8.2,1005.2,19.6,1.0,0,0.14,4.45
2019-04-11,2019,4,11,101,7.36,29.8,24.4,65.9,24.4,10.4,12.0,1003.8,22.7,1.28,0,1.19,4.57
2019-04-12,2019,4,12,102,3.08,29.7,21.0,68.1,10.3,10.7,7.6,1003.9,22.9,1.0,0,1.63,4.43
2019-04-13,2019,4,13,103,8.03,29.2,22.1,64.5,34.1,8.8,10.1,999.3,22.2,1.0,0,2.78,3.57
2019-04-14,2019,4,14,104,0.83,28.2,21.5,62.3,18.6,10.1,7.0,1002.6,20.0,1.02,0,2.9,3.46
2019-04-15,2019,4,15,105,0.94,29.4,21.9,60.7,35.6,9.0,6.1,1003.0,21.3,1.0,0,2.89,3.2
2019-04-16,2019,4,16,106,3.49,31.0,23.6,69.5,20.1,10.2,9.5,1006.3,24.5,1.0,0,3.39,3.25
2019-04-17,2019,4,17,107,9.13,31.4,23.9,67.9,33.9,8.0,6.0,1003.0,24.8,1.0,0,4.69,3.55
2019-04-18,2019,4,18,108,15.82,32.3,23.6,71.5,31.1,8.5,9.0,1006.4,26.0,1.0,0,5.9,3.73
2019-04-19,2019,4,19,109,0.0,32.8,24.0,60.4,12.6,11.5,5.0,1005.0,23.9,1.18,0,5.46,3.04
2019-04-20,2019,4,20,110,0.0,32.0,22.3,63.7,31.4,8.5,5.0,1005.8,24.7,1.0,0,4.32,2.77
2019-04-21,2019,4,21,111,21.6,32.7,21.7,68.5,20.0,9.4,11.6,1003.8,25.7,1.38,0,7.28,3.01
2019-04-22,2019,4,22,112,10.8,32.4,22.2,68.8,31.4,9.6,12.4,1001.5,25.7,1.47,0,8.69,3.37
2019-04-23,2019,4,23,113,0.0,30.1,23.8,59.7,23.6,10.5,7.2,1005.6,21.3,1.26,0,8.19,3.37
2019-04-24,2019,4,24,114,12.43,32.5,24.8,71.2,26.3,8.9,10.0,1000.9,26.0,1.0,0,8.66,3.55
2019-04-25,2019,4,25,115,1.0,32.1,21.9,64.2,35.0,8.1,12.0,1006.8,24.9,1.0,0,6.55,3.46
2019-04-26,2019,4,26,116,11.95,31.3,23.1,64.7,31.0,9.4,10.6,1002.4,24.1,1.19,0,8.25,3.82
2019-04-27,2019,4,27,117,4.62,32.3,23.3,67.4,42.6,8.7,10.6,1005.8,26.0,1.0,0,8.91,3.9
2019-04-28,2019,4,28,118,3.5,33.0,22.8,62.3,28.1,9.1,7.7,1003.3,25.0,1.0,0,6.33,4.02
2019-04-29,2019,4,29,119,7.71,32.3,24.5,60.4,30.8,8.9,8.5,1004.7,24.6,1.34,0,5.89,4.19
2019-04-30,2019,4,30,120,11.42,34.2,25.1,65.7,13.4,10.3,5.0,1002.6,26.0,1.0,0,7.52,4.57
2019-05-01,2019,5,1,121,0.0,33.3,26.9,61.2,30.7,10.4,14.0,1007.0,24.9,1.4,0,5.74,4.57
2019-05-02,2019,5,2,122,0.0,34.3,26.4,57.8,28.4,9.4,10.5,1004.9,25.4,1.0,0,5.6,4.49
2019-05-03,2019,5,3,123,12.32,35.0,25.1,69.6,29.5,9.5,5.2,1004.7,26.0,1.0,0,5.65,4.9
2019-05-04,2019,5,4,124,0.59,32.6,23.7,64.7,22.0,9.9,8.4,1003.8,25.3,1.0,0,5.08,4.92
2019-05-05,2019,5,5,125,2.22,32.7,25.2,63.8,26.5,9.4,13.9,1004.0,24.9,1.08,0,4.89,4.99
2019-05-06,2019,5,6,126,0.0,35.2,22.1,66.2,36.0,9.3,7.4,1004.9,26.0,1.0,0,3.79,4.99
2019-05-07,2019,5,7,127,1.67,32.4,25.3,62.5,18.7,10.5,13.1,1005.1,24.0,1.01,0,2.4,5.05
2019-05-08,2019,5,8,128,2.84,33.6,25.0,58.7,17.1,11.3,18.5,1002.2,24.1,1.25,0,2.81,5.11
2019-05-09,2019,5,9,129,0.0,33.1,24.8,60.9,33.8,9.6,8.6,1007.3,24.1,1.0,0,2.81,5.11
2019-05-10,2019,5,10,130,1.6,32.5,23.8,61.1,25.0,9.5,6.0,1005.6,24.0,1.0,0,1.27,5.16
2019-05-11,2019,5,11,131,0.49,34.8,25.8,62.6,27.9,8.9,5.0,1002.0,26.0,1.0,0,1.26,4.94
2019-05-12,2019,5,12,132,12.16,33.8,23.7,69.4,35.3,8.2,14.0,1002.9,26.0,1.0,0,2.68,5.24
2019-05-13,2019,5,13,133,0.9,32.9,26.3,72.7,37.5,6.4,9.4,1000.0,26.0,1.0,0,2.81,5.0
2019-05-14,2019,5,14,134,22.05,35.8,25.8,66.0,48.3,8.8,9.7,1000.9,26.0,1.0,0,5.72,5.71
2019-05-15,2019,5,15,135,0.0,32.5,25.7,68.1,24.6,9.9,9.8,1007.0,26.0,1.1,0,5.31,5.68
2019-05-16,2019,5,16,136,0.88,34.4,24.1,61.1,33.6,10.1,10.0,1005.2,25.9,1.0,0,5.44,5.59
2019-05-17,2019,5,17,137,1.24,36.1,24.5,67.3,33.6,10.3,15.0,1002.5,26.0,1.1,0,5.39,5.33
2019-05-18,2019,5,18,138,0.0,36.2,23.6,62.5,33.9,9.6,14.6,1005.7,26.0,1.38,0,5.32,4.8
2019-05-19,2019,5,19,139,7.12,35.6,26.5,69.4,55.3,6.6,8.3,1002.8,26.0,1.0,0,4.6,5.04
2019-05-20,2019,5,20,140,0.0,33.8,25.6,72.0,27.1,9.9,11.3,1002.1,26.0,1.0,0,4.47,5.04
2019-05-21,2019,5,21,141,1.81,35.4,25.0,60.6,37.0,8.7,8.6,1005.8,26.0,1.01,0,1.58,4.38
2019-05-22,2019,5,22,142,1.74,35.8,25.5,68.0,45.1,8.5,7.8,1003.2,26.0,1.0,0,1.83,4.08
2019-05-23,2019,5,23,143,9.87,34.7,27.0,71.7,33.0,10.3,13.5,1002.8,26.0,1.0,0,3.11,4.4
2019-05-24,2019,5,24,144,12.3,36.1,24.5,75.4,42.0,9.0,11.1,1003.1,26.0,1.06,0,4.69,4.4
2019-05-25,2019,5,25,145,0.09,33.4,25.4,66.8,32.3,10.3,11.7,1006.4,25.1,1.27,0,4.7,4.37
2019-05-26,2019,5,26,146,0.0,33.1,24.1,80.5,54.9,6.6,7.3,1006.5,26.0,1.0,0,3.69,3.97
2019-05-27,2019,5,27,147,2.65,34.8,24.8,72.9,41.1,8.4,15.4,1004.3,26.0,1.01,0,4.07,3.91
2019-05-28,2019,5,28,148,0.8,36.9,25.8,70.1,26.8,9.8,10.4,1004.4,26.0,1.02,0,3.92,3.82
2019-05-29,2019,5,29,149,4.21,37.3,27.5,70.8,59.6,7.6,6.6,1004.8,26.0,1.0,0,4.27,3.7
2019-05-30,2019,5,30,150,0.07,34.1,27.0,70.0,53.5,7.1,13.5,1002.8,26.0,1.02,0,2.87,3.32
2019-05-31,2019,5,31,151,10.47,38.0,27.5,72.8,52.6,7.2,17.2,1003.9,26.0,1.19,0,2.61,3.67
2019-06-01,2019,6,1,152,229.11,36.4,27.2,83.6,76.2,4.4,23.5,1002.4,26.0,1.0,1,35.33,11.31
2019-06-02,2019,6,2,153,194.56,34.0,25.3,77.2,66.4,6.0,25.2,1000.7,26.0,1.0,1,63.12,17.38
2019-06-03,2019,6,3,154,169.47,36.9,28.0,85.8,77.9,4.9,21.8,1002.0,26.0,1.0,1,86.96,23.01
2019-06-04,2019,6,4,155,96.31,38.0,27.4,85.4,86.5,4.1,18.3,1004.5,26.0,1.0,1,100.6,26.15
2019-06-05,2019,6,5,156,127.92,35.8,28.0,85.2,79.0,5.1,25.1,1000.6,26.0,1.0,1,118.27,30.41
2019-06-06,2019,6,6,157,41.04,38.0,28.0,81.9,57.2,6.5,18.1,1004.2,26.0,1.0,1,124.13,31.72
2019-06-07,2019,6,7,158,40.96,38.0,26.6,83.7,51.2,8.2,20.5,1000.9,26.0,1.09,1,128.48,32.99
2019-06-08,2019,6,8,159,147.6,36.9,26.2,86.4,75.2,3.9,22.0,1002.2,26.0,1.0,1,116.84,37.91
2019-06-09,2019,6,9,160,153.78,35.8,24.1,85.2,71.4,6.8,23.4,1003.4,26.0,1.0,1,111.01,42.99
2019-06-10,2019,6,10,161,151.96,38.0,27.1,86.4,84.5,2.2,24.2,1000.9,26.0,1.0,1,108.51,48.04
2019-06-11,2019,6,11,162,202.35,38.0,26.9,90.3,92.5,1.7,25.7,1001.7,26.0,1.0,1,123.66,54.38
2019-06-12,2019,6,12,163,24.8,35.2,26.2,85.0,51.1,7.7,13.1,1003.9,26.0,1.0,1,108.93,55.17
2019-06-13,2019,6,13,164,131.06,37.0,26.4,81.8,69.4,4.7,26.5,1003.5,26.0,1.0,1,121.79,58.81
2019-06-14,2019,6,14,165,59.86,38.0,27.7,82.6,71.7,5.3,20.7,1004.0,26.0,1.0,1,124.49,60.8
2019-06-15,2019,6,15,166,192.5,38.0,24.8,90.2,86.1,4.0,21.3,1003.6,26.0,1.0,1,130.9,67.19
2019-06-16,2019,6,16,167,35.43,36.9,28.0,84.3,68.8,7.0,16.7,1003.9,26.0,1.0,1,113.99,68.33
2019-06-17,2019,6,17,168,143.28,35.9,28.0,84.2,73.9,6.0,23.7,1003.3,26.0,1.05,1,112.75,73.1
2019-06-18,2019,6,18,169,224.54,38.0,26.8,87.4,97.1,1.8,26.8,1002.6,26.0,1.0,1,115.92,80.35
2019-06-19,2019,6,19,170,107.3,37.6,27.1,90.2,93.3,1.1,25.8,1006.2,26.0,1.0,1,127.71,83.93
2019-06-20,2019,6,20,171,50.58,37.3,27.6,92.6,85.9,4.1,25.4,1005.3,26.0,1.0,1,116.21,85.55
2019-06-21,2019,6,21,172,320.63,36.7,28.0,97.4,90.9,3.9,24.0,1007.0,26.0,1.0,1,153.47,96.18
2019-06-22,2019,6,22,173,318.39,37.3,28.0,80.9,95.0,3.0,27.3,1002.5,26.0,1.0,1,171.45,106.47
2019-06-23,2019,6,23,174,179.28,35.3,26.7,91.8,88.3,3.4,24.4,1002.2,26.0,1.0,1,192.0,112.03
2019-06-24,2019,6,24,175,179.38,38.0,28.0,86.2,98.3,2.4,24.6,999.8,26.0,1.0,1,197.16,118.01
2019-06-25,2019,6,25,176,240.17,37.3,27.1,93.6,90.5,2.6,25.2,998.9,26.0,1.0,1,199.39,126.02
2019-06-26,2019,6,26,177,203.2,34.6,27.0,83.7,75.0,3.6,24.7,1002.0,26.0,1.0,1,213.09,132.7
2019-06-27,2019,6,27,178,237.91,36.3,27.1,86.7,99.0,1.8,28.2,1005.8,26.0,1.0,1,239.85,140.6
2019-06-28,2019,6,28,179,144.41,38.0,28.0,88.9,89.0,3.0,28.9,1004.5,26.0,1.0,1,214.68,145.28
2019-06-29,2019,6,29,180,75.71,37.6,26.8,91.5,96.0,5.6,23.4,1001.8,26.0,1.02,1,180.01,147.8
2019-06-30,2019,6,30,181,116.1,36.7,27.6,88.5,81.8,4.5,22.9,1003.5,26.0,1.0,1,170.98,151.32
2019-07-01,2019,7,1,182,424.04,38.0,26.9,87.6,80.6,4.2,29.6,1000.6,26.0,1.0,1,205.93,157.82
2019-07-02,2019,7,2,183,152.62,37.5,27.0,83.8,90.2,3.6,29.1,1004.0,26.0,1.0,1,193.43,156.42
2019-07-03,2019,7,3,184,193.42,38.0,28.0,88.3,96.3,3.5,32.3,1002.8,26.0,1.0,1,192.03,157.22
2019-07-04,2019,7,4,185,221.5,38.0,27.6,94.0,85.7,3.9,26.2,1005.0,26.0,1.0,1,189.69,161.39
2019-07-05,2019,7,5,186,144.61,36.7,26.8,97.4,96.9,2.9,28.3,1002.5,26.0,1.0,1,189.71,161.95
2019-07-06,2019,7,6,187,297.25,37.1,27.1,87.6,88.2,4.6,28.0,996.1,26.0,1.0,1,221.36,170.49
2019-07-07,2019,7,7,188,158.85,36.9,27.9,88.2,99.0,4.5,31.4,1002.2,26.0,1.0,1,227.47,174.42
2019-07-08,2019,7,8,189,444.72,36.9,27.5,89.4,100.0,2.1,30.9,1002.2,26.0,1.0,1,230.42,184.32
2019-07-09,2019,7,9,190,59.25,37.1,27.6,90.0,84.4,2.6,24.8,1002.4,26.0,1.0,1,217.09,181.17
2019-07-10,2019,7,10,191,50.6,37.6,27.2,90.8,81.1,3.5,24.5,998.7,26.0,1.0,1,196.68,177.79
2019-07-11,2019,7,11,192,157.92,37.1,28.0,91.8,100.0,1.9,28.2,1006.8,26.0,1.0,1,187.6,176.31
2019-07-12,2019,7,12,193,143.51,38.0,28.0,86.9,100.0,2.4,21.9,1002.9,26.0,1.0,1,187.44,180.27
2019-07-13,2019,7,13,194,30.71,37.5,27.3,80.1,67.5,5.4,20.3,1002.5,26.0,1.0,1,149.37,176.92
2019-07-14,2019,7,14,195,121.6,36.9,27.7,91.6,100.0,3.9,26.0,1001.5,26.0,1.0,1,144.04,178.98
2019-07-15,2019,7,15,196,36.62,35.1,26.6,91.8,100.0,2.2,19.4,1001.4,26.0,1.0,1,85.74,173.78
2019-07-16,2019,7,16,197,133.82,36.6,27.5,94.2,100.0,2.7,31.8,999.5,26.0,1.0,1,96.4,177.06
2019-07-17,2019,7,17,198,206.32,37.4,26.7,98.0,100.0,1.2,26.1,1004.7,26.0,1.0,1,118.64,179.17
2019-07-18,2019,7,18,199,330.3,38.0,27.8,88.7,100.0,1.8,29.4,1002.7,26.0,1.0,1,143.27,182.69
2019-07-19,2019,7,19,200,92.68,37.8,27.4,94.8,100.0,0.4,28.8,1002.6,26.0,1.0,1,136.01,182.2
2019-07-20,2019,7,20,201,101.48,35.6,27.2,98.0,100.0,3.1,27.3,1004.6,26.0,1.0,1,146.12,183.9
2019-07-21,2019,7,21,202,65.88,38.0,27.7,92.7,96.0,4.1,28.4,1001.6,26.0,1.0,1,138.16,175.41
2019-07-22,2019,7,22,203,212.05,37.2,27.8,90.7,99.4,1.9,35.0,1005.2,26.0,1.0,1,163.22,171.86
2019-07-23,2019,7,23,204,257.2,38.0,28.0,85.2,99.7,3.0,26.4,1001.8,26.0,1.0,1,180.84,174.46
2019-07-24,2019,7,24,205,47.95,35.6,28.0,91.9,84.1,5.4,30.6,1001.0,26.0,1.0,1,158.22,170.08
2019-07-25,2019,7,25,206,97.53,38.0,28.0,93.9,100.0,3.5,29.0,1001.8,26.0,1.0,1,124.97,165.33
2019-07-26,2019,7,26,207,432.74,38.0,27.0,94.1,100.0,2.6,35.0,1002.2,26.0,1.0,1,173.55,172.98
2019-07-27,2019,7,27,208,285.15,37.4,27.7,98.0,100.0,2.8,29.8,1004.7,26.0,1.0,1,199.79,174.55
2019-07-28,2019,7,28,209,48.7,35.3,28.0,98.0,94.0,2.7,25.9,1002.9,26.0,1.0,1,197.33,171.36
2019-07-29,2019,7,29,210,226.1,35.4,27.2,91.9,100.0,1.4,23.4,1003.3,26.0,1.0,1,199.34,176.37
2019-07-30,2019,7,30,211,76.65,38.0,27.4,92.6,100.0,3.6,34.8,1000.0,26.0,1.0,1,173.55,175.06
2019-07-31,2019,7,31,212,78.83,38.0,27.4,96.2,100.0,2.9,29.7,1002.7,26.0,1.0,1,177.96,163.55
2019-08-01,2019,8,1,213,82.89,38.0,27.1,98.0,100.0,2.5,29.2,999.1,26.0,1.0,1,175.87,161.23
2019-08-02,2019,8,2,214,221.29,38.0,28.0,96.7,100.0,0.1,34.3,1001.1,26.0,1.0,1,145.66,162.16
2019-08-03,2019,8,3,215,161.28,38.0,26.6,98.0,100.0,1.0,35.0,1002.4,26.0,1.0,1,127.96,160.15
2019-08-04,2019,8,4,216,236.24,37.9,28.0,92.9,100.0,2.8,34.4,999.9,26.0,1.0,1,154.75,163.2
2019-08-05,2019,8,5,217,45.78,38.0,28.0,95.9,97.1,1.5,22.6,1007.0,26.0,1.0,1,128.99,154.82
2019-08-06,2019,8,6,218,209.7,36.3,26.9,98.0,100.0,2.3,30.4,1001.3,26.0,1.0,1,148.0,156.52
2019-08-07,2019,8,7,219,283.9,37.0,26.5,98.0,100.0,2.1,26.1,1004.7,26.0,1.0,1,177.3,151.16
2019-08-08,2019,8,8,220,219.82,34.7,26.9,98.0,100.0,1.4,34.4,1004.1,26.0,1.0,1,196.86,156.51
2019-08-09,2019,8,9,221,85.7,37.9,28.0,98.0,100.0,1.9,31.5,1003.8,26.0,1.0,1,177.49,157.68
2019-08-10,2019,8,10,222,63.99,36.6,28.0,94.3,100.0,3.9,29.3,1003.4,26.0,1.0,1,163.59,154.55
2019-08-11,2019,8,11,223,256.92,35.9,27.7,90.8,100.0,2.4,34.3,1000.6,26.0,1.0,1,166.54,158.33
2019-08-12,2019,8,12,224,117.47,35.9,26.6,96.5,100.0,2.2,35.0,1003.5,26.0,1.0,1,176.79,161.22
2019-08-13,2019,8,13,225,166.54,35.5,26.7,98.0,100.0,3.4,29.9,1002.1,26.0,1.0,1,170.62,162.72
2019-08-14,2019,8,14,226,112.72,36.4,27.4,93.1,100.0,1.7,32.1,998.8,26.0,1.0,1,146.17,165.25
2019-08-15,2019,8,15,227,200.38,34.4,26.3,97.2,100.0,1.8,26.9,1003.6,26.0,1.0,1,143.39,167.47
2019-08-16,2019,8,16,228,266.94,34.4,27.5,98.0,100.0,0.8,33.8,1002.0,26.0,1.0,1,169.28,169.49
2019-08-17,2019,8,17,229,64.68,34.7,26.6,98.0,100.0,3.3,30.8,998.9,26.0,1.0,1,169.38,160.64
2019-08-18,2019,8,18,230,275.98,35.4,27.6,96.3,100.0,2.5,29.0,1007.0,26.0,1.0,1,172.1,166.75
2019-08-19,2019,8,19,231,27.49,35.5,24.6,97.4,100.0,0.7,20.0,1005.9,26.0,1.0,1,159.25,164.28
2019-08-20,2019,8,20,232,123.65,33.0,25.5,98.0,100.0,1.0,33.8,1003.2,26.0,1.0,1,153.12,166.21
2019-08-21,2019,8,21,233,122.71,35.2,25.8,96.7,100.0,2.5,31.7,1003.1,26.0,1.0,1,154.55,163.23
2019-08-22,2019,8,22,234,87.8,34.7,26.6,98.0,100.0,3.4,34.7,1002.7,26.0,1.0,1,138.46,157.58
2019-08-23,2019,8,23,235,20.68,37.0,25.6,94.5,100.0,1.5,21.0,998.0,26.0,1.0,1,103.28,156.68
2019-08-24,2019,8,24,236,285.94,34.4,28.0,97.2,100.0,1.4,35.0,1003.4,26.0,1.0,1,134.89,162.96
2019-08-25,2019,8,25,237,158.15,37.2,24.5,98.0,100.0,0.5,33.9,1003.0,26.0,1.0,1,118.06,153.8
2019-08-26,2019,8,26,238,126.19,38.0,27.1,98.0,100.0,1.3,31.9,1003.2,26.0,1.0,1,132.16,148.5
2019-08-27,2019,8,27,239,211.96,37.2,27.3,98.0,100.0,2.6,33.8,1001.0,26.0,1.0,1,144.78,153.95
2019-08-28,2019,8,28,240,170.11,33.9,26.3,98.0,100.0,1.9,32.2,1002.0,26.0,1.0,1,151.55,152.08
2019-08-29,2019,8,29,241,63.4,36.0,25.3,95.1,100.0,2.9,28.1,1002.9,26.0,1.0,1,148.06,151.64
2019-08-30,2019,8,30,242,34.64,33.7,25.6,97.7,100.0,1.3,23.5,1002.0,26.0,1.0,1,150.06,150.16
2019-08-31,2019,8,31,243,67.12,33.8,26.5,98.0,100.0,3.0,35.0,1002.3,26.0,1.0,1,118.8,149.64
2019-09-01,2019,9,1,244,260.12,33.8,23.5,98.0,100.0,1.1,35.0,1003.0,26.0,1.0,1,133.36,150.93
2019-09-02,2019,9,2,245,16.39,35.0,24.6,95.4,100.0,2.8,22.6,1003.4,26.0,1.0,1,117.68,146.1
2019-09-03,2019,9,3,246,104.17,33.4,24.6,98.0,100.0,1.8,33.7,1002.8,26.0,1.0,1,102.28,141.7
2019-09-04,2019,9,4,247,12.16,34.6,25.9,90.8,84.9,3.9,29.5,1004.1,26.0,1.0,1,79.71,140.58
2019-09-05,2019,9,5,248,43.2,36.4,26.4,98.0,100.0,2.6,29.2,1000.2,26.0,1.0,1,76.83,135.03
2019-09-06,2019,9,6,249,109.32,32.7,27.4,98.0,100.0,0.7,35.0,1001.3,26.0,1.0,1,87.5,129.21
2019-09-07,2019,9,7,250,73.86,31.8,22.7,98.0,100.0,1.3,35.0,1000.0,26.0,1.0,1,88.46,124.35
2019-09-08,2019,9,8,251,102.73,33.2,23.7,98.0,100.0,2.4,35.0,1000.9,26.0,1.0,1,65.98,124.91
2019-09-09,2019,9,9,252,81.17,36.2,24.4,98.0,100.0,1.6,35.0,1002.1,26.0,1.0,1,75.23,125.49
2019-09-10,2019,9,10,253,130.86,34.9,25.4,98.0,100.0,1.8,35.0,1000.4,26.0,1.0,1,79.04,121.28
2019-09-11,2019,9,11,254,102.05,32.5,25.6,98.0,100.0,2.0,34.0,1006.4,26.0,1.0,1,91.88,120.77
2019-09-12,2019,9,12,255,82.18,32.1,23.1,98.0,100.0,0.6,35.0,1005.6,26.0,1.0,1,97.45,117.96
2019-09-13,2019,9,13,256,200.78,34.0,24.9,98.0,100.0,1.0,35.0,999.7,26.0,1.0,1,110.52,120.89
2019-09-14,2019,9,14,257,238.97,33.5,21.3,98.0,100.0,2.1,35.0,1002.4,26.0,1.0,1,134.11,122.18
2019-09-15,2019,9,15,258,94.9,34.2,24.6,98.0,100.0,2.2,34.9,1005.7,26.0,1.0,1,132.99,116.45
2019-09-16,2019,9,16,259,147.39,31.4,24.2,98.0,100.0,3.7,35.0,1000.9,26.0,1.0,1,142.45,119.2
2019-09-17,2019,9,17,260,106.22,32.9,24.0,98.0,100.0,1.5,34.4,1003.7,26.0,1.0,1,138.93,113.54
2019-09-18,2019,9,18,261,153.03,34.2,23.6,98.0,100.0,2.0,31.1,1005.4,26.0,1.0,1,146.21,117.73
2019-09-19,2019,9,19,262,171.97,34.5,23.8,98.0,100.0,1.4,35.0,1003.1,26.0,1.0,1,159.04,119.34
2019-09-20,2019,9,20,263,195.26,30.8,24.2,98.0,100.0,2.1,35.0,1004.5,26.0,1.0,1,158.25,121.76
2019-09-21,2019,9,21,264,175.11,32.4,25.7,98.0,100.0,3.7,28.9,999.7,26.0,1.0,1,149.13,124.67
2019-09-22,2019,9,22,265,111.44,31.9,22.1,98.0,100.0,2.7,31.3,1001.2,26.0,1.0,1,151.49,127.69
2019-09-23,2019,9,23,266,42.9,31.0,23.2,92.0,96.8,2.4,30.6,1002.4,26.0,1.0,1,136.56,119.59
2019-09-24,2019,9,24,267,144.65,31.0,24.1,98.0,100.0,1.3,34.3,1002.0,26.0,1.0,1,142.05,119.14
2019-09-25,2019,9,25,268,27.06,32.8,23.3,98.0,100.0,1.0,29.6,1004.4,26.0,1.0,1,124.06,115.84
2019-09-26,2019,9,26,269,45.15,30.7,23.4,98.0,99.9,2.7,23.6,1003.0,26.0,1.0,1,105.94,110.28
2019-09-27,2019,9,27,270,262.1,31.5,22.5,94.1,100.0,2.2,35.0,1002.6,26.0,1.0,1,115.49,113.34
2019-09-28,2019,9,28,271,114.83,32.3,24.1,98.0,100.0,0.5,33.4,998.3,26.0,1.0,1,106.88,115.06
2019-09-29,2019,9,29,272,130.82,34.1,20.4,98.0,100.0,2.6,35.0,1002.0,26.0,1.0,1,109.64,118.26
2019-09-30,2019,9,30,273,75.99,31.8,21.7,98.0,100.0,0.9,35.0,999.9,26.0,1.0,1,114.37,118.56
2019-10-01,2019,10,1,274,55.77,32.2,25.2,94.7,100.0,2.8,35.0,1000.9,26.0,1.0,1,101.67,111.75
2019-10-02,2019,10,2,275,7.5,31.4,21.2,93.9,100.0,0.6,19.7,1002.8,26.0,1.0,1,98.88,111.45
2019-10-03,2019,10,3,276,1.32,30.6,21.6,91.3,79.0,3.6,23.6,1005.7,26.0,1.0,1,92.62,108.02
2019-10-04,2019,10,4,277,13.07,30.4,21.6,98.0,100.0,2.5,21.1,1003.0,26.0,1.0,1,57.04,108.05
2019-10-05,2019,10,5,278,24.72,30.4,21.8,98.0,98.6,1.5,29.8,1005.3,26.0,1.0,1,44.17,107.44
2019-10-06,2019,10,6,279,9.5,27.3,22.3,96.7,95.3,2.2,23.3,1004.9,26.0,1.0,1,26.84,104.11
2019-10-07,2019,10,7,280,9.47,29.9,23.5,88.9,97.8,2.0,25.7,1002.9,26.0,1.0,1,17.34,101.96
2019-10-08,2019,10,8,281,16.79,30.9,22.7,95.8,100.0,1.4,24.2,999.8,26.0,1.0,1,11.77,99.1
2019-10-09,2019,10,9,282,40.52,29.0,21.8,98.0,100.0,2.9,35.0,1001.9,26.0,1.0,1,16.48,97.74
2019-10-10,2019,10,10,283,10.66,32.1,24.1,92.2,91.9,3.4,22.2,1005.5,26.0,1.0,1,17.82,93.74
2019-10-11,2019,10,11,284,2.98,30.0,21.4,94.2,97.5,0.1,25.0,1002.4,26.0,1.0,1,16.38,90.44
2019-10-12,2019,10,12,285,31.44,29.5,21.8,95.4,91.4,3.7,20.8,1001.4,26.0,1.0,1,17.34,88.74
2019-10-13,2019,10,13,286,8.68,30.8,21.8,92.4,100.0,1.3,25.8,1002.2,26.0,1.0,1,17.22,82.34
2019-10-14,2019,10,14,287,34.16,30.2,22.6,93.2,100.0,3.4,23.2,1002.7,26.0,1.0,1,20.75,75.51
2019-10-15,2019,10,15,288,6.79,30.9,20.1,92.1,100.0,1.1,29.2,1002.7,26.0,1.0,1,19.32,72.58
2019-10-16,2019,10,16,289,21.11,31.1,20.1,93.5,100.0,1.2,23.8,1001.3,26.0,1.0,1,16.55,68.37
2019-10-17,2019,10,17,290,4.37,31.2,22.4,95.8,93.4,2.2,20.3,1003.7,26.0,1.0,1,15.65,64.97
2019-10-18,2019,10,18,291,23.24,29.5,23.3,98.0,100.0,2.5,26.9,1002.3,26.0,1.0,1,18.54,60.65
2019-10-19,2019,10,19,292,33.04,27.1,20.7,92.1,86.5,2.8,23.4,1003.5,26.0,1.0,1,18.77,56.01
2019-10-20,2019,10,20,293,9.04,28.2,19.5,87.9,100.0,1.9,21.3,1003.6,26.0,1.0,1,18.82,49.81
2019-10-21,2019,10,21,294,41.36,30.9,19.5,98.0,100.0,2.1,29.3,1005.0,26.0,1.0,1,19.85,45.35
2019-10-22,2019,10,22,295,38.3,28.7,22.0,96.5,100.0,1.3,26.4,1002.0,26.0,1.0,1,24.35,42.91
2019-10-23,2019,10,23,296,12.7,27.5,18.7,93.5,97.0,3.6,27.0,999.5,25.5,1.0,1,23.15,41.9
2019-10-24,2019,10,24,297,17.71,27.2,20.7,98.0,100.0,1.5,28.6,1001.8,26.0,1.0,1,25.06,37.67
2019-10-25,2019,10,25,298,9.58,26.3,20.3,98.0,93.1,1.7,25.5,1002.2,25.2,1.0,1,23.1,37.09
2019-10-26,2019,10,26,299,20.72,29.1,19.6,90.6,90.2,2.6,21.3,1003.5,26.0,1.0,1,21.34,36.28
2019-10-27,2019,10,27,300,20.43,26.9,19.3,98.0,100.0,2.7,22.8,1003.1,26.0,1.0,1,22.97,28.22
2019-10-28,2019,10,28,301,5.49,26.0,21.1,93.2,90.0,2.5,19.6,1004.5,24.2,1.0,1,17.85,24.58
2019-10-29,2019,10,29,302,7.41,26.1,21.1,95.2,100.0,2.0,22.2,1005.1,25.8,1.0,1,13.43,20.46
2019-10-30,2019,10,30,303,1.95,23.3,21.3,86.1,98.7,1.5,23.5,1005.7,21.0,1.0,1,11.9,17.99
2019-10-31,2019,10,31,304,30.48,28.2,20.6,94.1,100.0,2.3,27.5,1004.6,26.0,1.0,1,13.72,17.15
2019-11-01,2019,11,1,305,28.07,26.6,19.9,89.7,88.8,0.3,31.5,1003.8,24.4,1.0,1,16.36,17.84
2019-11-02,2019,11,2,306,55.66,25.0,20.0,95.1,100.0,2.0,35.0,1002.6,25.0,1.0,1,21.36,19.65
2019-11-03,2019,11,3,307,13.49,28.8,20.9,95.4,94.7,2.1,25.2,1005.3,26.0,1.0,1,20.36,19.66
2019-11-04,2019,11,4,308,40.13,26.7,17.6,98.0,100.0,2.9,29.5,1003.2,25.6,1.0,1,25.31,20.18
2019-11-05,2019,11,5,309,20.97,23.1,20.1,97.6,100.0,1.8,20.8,1003.4,22.9,1.0,1,27.25,20.56
2019-11-06,2019,11,6,310,39.74,27.4,18.8,98.0,100.0,1.2,30.2,1001.1,26.0,1.0,1,32.65,21.57
2019-11-07,2019,11,7,311,7.24,24.7,19.8,89.7,83.6,3.8,23.9,1002.1,23.1,1.0,1,29.33,21.25
2019-11-08,2019,11,8,312,9.78,27.0,18.0,87.8,90.5,2.6,24.0,1003.1,24.1,1.0,1,26.72,20.22
2019-11-09,2019,11,9,313,54.42,26.7,20.2,97.7,100.0,1.5,29.8,1004.2,26.0,1.0,1,26.54,21.68
2019-11-10,2019,11,10,314,25.31,26.1,19.8,98.0,94.2,3.0,29.5,1002.1,25.1,1.0,1,28.23,22.43
2019-11-11,2019,11,11,315,71.07,23.9,18.2,98.0,97.9,2.2,35.0,1001.3,24.2,1.0,1,32.65,23.75
2019-11-12,2019,11,12,316,21.2,23.8,18.4,94.4,97.6,1.9,24.4,1001.3,22.3,1.0,1,32.68,24.17
2019-11-13,2019,11,13,317,19.22,25.4,18.2,88.9,97.1,3.3,25.3,1005.1,23.3,1.0,1,29.75,23.67
2019-11-14,2019,11,14,318,17.47,24.0,18.9,90.1,79.2,2.8,21.4,999.8,22.5,1.0,1,31.21,24.02
2019-11-15,2019,11,15,319,2.22,27.1,21.1,80.9,72.1,4.5,21.7,1002.2,23.8,1.0,1,30.13,23.39
2019-11-16,2019,11,16,320,32.69,25.0,16.4,93.5,85.0,3.9,27.3,1000.4,23.2,1.0,1,27.03,24.34
2019-11-17,2019,11,17,321,69.9,23.6,18.9,91.7,100.0,0.0,25.7,1001.3,22.9,1.0,1,33.4,25.89
2019-11-18,2019,11,18,322,26.74,26.5,19.0,92.1,92.8,0.3,21.3,1003.6,25.1,1.0,1,27.06,25.68
2019-11-19,2019,11,19,323,18.04,22.0,17.8,88.5,95.4,1.1,24.7,1001.6,20.1,1.0,1,26.61,25.98
2019-11-20,2019,11,20,324,26.5,24.6,16.3,93.0,83.7,4.4,24.7,999.5,22.9,1.0,1,27.65,25.49
2019-11-21,2019,11,21,325,19.4,25.5,18.0,88.0,84.9,4.0,23.4,1004.2,23.5,1.0,1,27.93,24.86
2019-11-22,2019,11,22,326,27.87,23.0,16.7,95.8,87.8,3.6,24.3,1003.3,22.1,1.0,1,31.59,25.36
2019-11-23,2019,11,23,327,41.66,23.8,18.8,88.3,99.1,2.3,29.3,1005.3,21.8,1.0,1,32.87,26.16
2019-11-24,2019,11,24,328,23.69,23.3,16.4,85.2,86.3,3.1,25.9,1007.4,20.0,1.0,1,26.27,26.63
2019-11-25,2019,11,25,329,16.91,22.6,17.9,88.6,81.2,4.4,20.5,1002.0,19.9,1.0,1,24.87,26.5
2019-11-26,2019,11,26,330,10.56,24.3,17.0,88.5,77.0,3.7,24.8,1005.7,21.6,1.0,1,23.8,26.18
2019-11-27,2019,11,27,331,31.61,25.3,19.2,90.9,93.3,1.7,23.9,1000.8,23.9,1.0,1,24.53,27.05
2019-11-28,2019,11,28,332,24.63,27.0,19.7,89.6,96.0,3.4,17.8,1003.2,25.3,1.0,1,25.28,27.62
2019-11-29,2019,11,29,333,14.84,25.0,17.3,88.5,86.0,2.8,22.6,1000.0,23.9,1.0,1,23.41,28.05
2019-11-30,2019,11,30,334,31.58,23.4,16.4,93.8,87.8,3.2,19.2,1002.6,22.9,1.0,1,21.97,28.09
2019-12-01,2019,12,1,335,0.0,25.4,19.6,80.1,62.6,6.5,20.6,1007.3,21.4,1.0,0,18.59,27.15
2019-12-02,2019,12,2,336,0.0,22.0,17.4,82.4,84.7,2.8,16.5,1009.2,19.3,1.0,0,16.17,25.3
2019-12-03,2019,12,3,337,0.0,22.7,17.9,85.3,75.4,4.6,11.6,1004.9,20.2,1.0,0,14.67,24.85
2019-12-04,2019,12,4,338,0.67,24.9,17.3,76.0,76.3,3.5,19.1,1002.9,19.4,1.0,0,10.25,23.53
2019-12-05,2019,12,5,339,0.65,22.4,17.1,86.3,81.0,3.6,23.0,1007.1,20.1,1.0,0,6.82,22.85
2019-12-06,2019,12,6,340,0.19,23.4,16.7,85.5,82.2,4.6,16.5,1006.4,20.8,1.0,0,4.73,21.54
2019-12-07,2019,12,7,341,0.0,22.2,16.0,77.1,81.7,3.6,19.1,1005.6,18.0,1.0,0,0.22,21.29
2019-12-08,2019,12,8,342,0.0,22.8,19.3,82.3,53.0,6.4,18.5,1003.9,19.6,1.0,0,0.22,20.97
2019-12-09,2019,12,9,343,0.0,23.0,17.4,73.8,68.0,4.3,11.1,1003.2,18.1,1.0,0,0.22,19.15
2019-12-10,2019,12,10,344,0.0,23.7,17.0,80.9,79.2,4.6,18.2,1005.1,19.8,1.0,0,0.22,18.31
2019-12-11,2019,12,11,345,2.44,23.2,18.2,86.1,73.0,5.5,19.5,1005.4,21.2,1.0,0,0.47,16.02
2019-12-12,2019,12,12,346,0.0,24.0,16.4,75.0,68.1,5.0,15.9,1004.6,18.4,1.0,0,0.38,15.32
2019-12-13,2019,12,13,347,0.0,23.4,17.4,75.9,66.2,4.5,16.1,1005.6,18.7,1.0,0,0.35,14.68
2019-12-14,2019,12,14,348,0.0,22.5,16.0,80.2,66.0,4.1,16.0,1005.1,19.3,1.0,0,0.35,14.09
2019-12-15,2019,12,15,349,0.9,22.0,16.5,77.5,57.0,5.2,18.8,1008.2,18.2,1.0,0,0.48,14.05
2019-12-16,2019,12,16,350,6.93,22.0,17.6,82.1,65.3,4.2,13.6,1005.8,18.9,1.0,0,1.47,13.19
2019-12-17,2019,12,17,351,0.0,22.0,17.2,87.7,60.3,6.0,11.7,1008.5,19.3,1.0,0,1.47,10.86
2019-12-18,2019,12,18,352,0.44,22.4,16.4,76.3,68.1,3.1,18.6,1003.2,18.0,1.0,0,1.18,9.98
2019-12-19,2019,12,19,353,4.27,22.0,17.6,73.2,66.7,4.8,14.3,1005.9,17.3,1.0,0,1.79,9.52
2019-12-20,2019,12,20,354,0.0,22.0,16.0,74.5,61.2,5.1,19.0,1005.0,17.2,1.0,0,1.79,8.64
2019-12-21,2019,12,21,355,0.95,22.0,16.0,78.1,44.3,8.0,16.7,1005.7,17.7,1.0,0,1.93,8.03
2019-12-22,2019,12,22,356,0.16,22.0,16.1,71.6,56.3,6.3,13.9,1004.1,16.7,1.0,0,1.82,7.1
2019-12-23,2019,12,23,357,0.0,23.2,16.4,73.7,50.5,5.8,12.3,1003.2,17.9,1.0,0,0.83,5.71
2019-12-24,2019,12,24,358,0.0,22.0,16.2,80.9,54.3,5.9,5.6,1002.8,18.9,1.0,0,0.83,4.92
2019-12-25,2019,12,25,359,0.0,24.7,16.1,82.4,64.9,5.7,13.6,1007.0,21.3,1.0,0,0.77,4.36
2019-12-26,2019,12,26,360,4.05,25.5,17.6,76.0,67.6,4.7,16.1,1003.7,21.2,1.0,0,0.74,4.14
2019-12-27,2019,12,27,361,0.0,22.0,18.3,73.9,68.4,2.7,16.0,1005.7,16.8,1.0,0,0.74,3.09
2019-12-28,2019,12,28,362,0.0,22.0,16.4,70.2,58.0,5.6,10.2,1001.2,16.3,1.0,0,0.6,2.27
2019-12-29,2019,12,29,363,0.0,22.0,17.2,75.9,69.2,3.1,12.9,1003.8,17.4,1.0,0,0.58,1.77
2019-12-30,2019,12,30,364,0.0,24.9,16.0,84.2,50.9,6.3,18.8,1005.3,21.9,1.0,0,0.58,0.72
2019-12-31,2019,12,31,365,2.01,22.0,16.3,73.9,49.3,7.7,21.7,1003.8,17.2,1.0,0,0.87,0.79
2020-01-01,2020,1,1,1,0.38,22.0,17.0,73.0,54.1,6.3,16.6,1003.7,17.5,1.0,0,0.92,0.8
2020-01-02,2020,1,2,2,0.0,22.0,16.0,75.8,60.8,5.5,14.4,1006.4,17.7,1.0,0,0.34,0.8
2020-01-03,2020,1,3,3,0.67,22.0,17.3,72.1,57.3,5.1,9.7,1004.5,17.0,1.0,0,0.44,0.8
2020-01-04,2020,1,4,4,0.72,22.0,16.0,71.9,58.8,5.6,14.3,1005.4,16.4,1.0,0,0.54,0.8
2020-01-05,2020,1,5,5,0.0,23.3,17.6,78.6,56.8,5.4,12.3,1004.7,19.0,1.0,0,0.54,0.8
2020-01-06,2020,1,6,6,0.0,22.0,17.4,67.6,49.9,7.1,18.7,1006.6,14.9,1.0,0,0.54,0.8
2020-01-07,2020,1,7,7,0.0,22.0,17.7,68.2,62.3,5.1,12.5,1002.4,16.2,1.0,0,0.25,0.8
2020-01-08,2020,1,8,8,0.0,23.1,17.6,74.9,55.7,6.3,16.3,1007.2,18.7,1.03,0,0.2,0.8
2020-01-09,2020,1,9,9,0.0,22.0,18.7,71.5,51.0,6.3,12.5,1006.2,16.1,1.0,0,0.2,0.8
2020-01-10,2020,1,10,10,1.31,22.9,17.0,68.1,48.6,6.7,17.2,1005.8,16.3,1.04,0,0.29,0.76
2020-01-11,2020,1,11,11,0.0,22.1,16.0,72.7,43.4,6.9,12.9,1006.3,18.0,1.0,0,0.19,0.76
2020-01-12,2020,1,12,12,6.83,22.0,16.6,73.0,57.1,5.5,15.4,1002.4,17.7,1.0,0,1.16,0.99
2020-01-13,2020,1,13,13,0.0,22.0,16.0,71.7,39.0,7.6,12.8,1005.6,16.7,1.0,0,1.16,0.99
2020-01-14,2020,1,14,14,0.0,22.6,16.0,69.7,32.0,7.9,14.8,1005.8,16.4,1.0,0,1.16,0.96
2020-01-15,2020,1,15,15,0.95,22.5,18.0,65.1,58.0,6.9,9.9,1003.6,15.2,1.0,0,1.3,0.76
2020-01-16,2020,1,16,16,0.0,22.0,16.1,74.5,59.6,4.2,15.6,1006.4,17.4,1.0,0,1.3,0.76
2020-01-17,2020,1,17,17,1.71,23.2,16.0,77.7,53.1,6.9,6.8,1004.8,19.1,1.0,0,1.36,0.8
2020-01-18,2020,1,18,18,1.21,22.0,16.0,66.7,46.2,8.3,14.0,1007.5,16.2,1.0,0,1.53,0.7
2020-01-19,2020,1,19,19,1.79,23.7,19.2,76.9,46.2,6.6,9.1,1006.2,19.6,1.0,0,0.81,0.76
2020-01-20,2020,1,20,20,0.0,22.6,18.1,68.9,39.6,7.4,14.1,1006.4,17.8,1.0,0,0.81,0.73
2020-01-21,2020,1,21,21,0.0,24.4,17.4,57.0,23.6,8.5,15.8,1004.0,14.4,1.0,0,0.81,0.72
2020-01-22,2020,1,22,22,2.9,22.8,17.3,71.9,36.0,8.9,7.9,1007.7,17.4,1.05,0,1.09,0.82
2020-01-23,2020,1,23,23,0.0,22.3,16.0,59.8,29.7,9.3,8.3,1005.3,14.8,1.2,0,1.09,0.82
2020-01-24,2020,1,24,24,0.0,22.0,16.0,66.4,40.5,6.7,8.6,1004.7,15.0,1.0,0,0.84,0.82
2020-01-25,2020,1,25,25,0.48,22.4,17.3,71.2,56.0,4.9,15.9,1006.7,17.6,1.0,0,0.74,0.7
2020-01-26,2020,1,26,26,0.0,22.0,18.6,69.8,28.5,8.5,6.9,1004.0,17.0,1.07,0,0.48,0.7
2020-01-27,2020,1,27,27,0.0,24.8,16.0,64.8,42.7,7.9,8.9,1008.1,17.8,1.0,0,0.48,0.7
2020-01-28,2020,1,28,28,0.0,22.8,16.6,70.0,45.5,7.5,5.3,1009.7,17.7,1.0,0,0.48,0.7
2020-01-29,2020,1,29,29,0.05,23.7,17.0,70.9,26.5,8.9,12.3,1002.1,18.5,1.0,0,0.08,0.7
2020-01-30,2020,1,30,30,0.87,24.6,16.2,65.1,25.3,9.4,12.2,1008.6,16.8,1.0,0,0.2,0.66
2020-01-31,2020,1,31,31,0.0,24.6,16.6,65.5,38.3,7.8,5.0,1005.4,17.9,1.0,0,0.2,0.65
2020-02-01,2020,2,1,32,0.0,22.5,16.0,67.4,39.3,7.3,14.9,1003.1,16.3,1.0,0,0.13,0.65
2020-02-02,2020,2,2,33,0.0,25.9,17.3,61.8,43.6,7.4,12.0,1002.6,16.9,1.0,0,0.13,0.63
2020-02-03,2020,2,3,34,0.65,22.0,17.1,63.3,37.9,7.2,7.2,1000.3,14.6,1.0,0,0.22,0.62
2020-02-04,2020,2,4,35,0.0,24.8,17.7,70.0,27.4,9.8,5.1,1002.9,18.8,1.05,0,0.22,0.62
2020-02-05,2020,2,5,36,0.68,22.0,16.8,75.3,39.5,7.3,15.7,1005.5,18.0,1.0,0,0.31,0.65
2020-02-06,2020,2,6,37,0.0,24.2,17.9,68.0,29.4,8.4,11.5,1003.4,17.9,1.0,0,0.19,0.65
2020-02-07,2020,2,7,38,0.0,22.0,17.5,66.4,17.4,8.5,10.2,1003.0,15.7,1.0,0,0.19,0.65
2020-02-08,2020,2,8,39,0.0,24.0,18.6,72.5,42.4,7.0,13.4,1003.4,18.1,1.0,0,0.19,0.65
2020-02-09,2020,2,9,40,0.0,22.0,16.9,61.3,35.3,8.2,10.4,1004.5,13.8,1.0,0,0.19,0.6
2020-02-10,2020,2,10,41,7.47,22.0,18.4,68.4,34.7,6.9,7.8,1003.3,16.1,1.0,0,1.16,0.85
2020-02-11,2020,2,11,42,0.0,22.0,17.0,67.9,46.7,7.9,5.0,1003.7,15.9,1.0,0,1.16,0.63
2020-02-12,2020,2,12,43,3.22,24.1,18.1,62.6,21.1,8.7,14.7,1006.8,16.3,1.0,0,1.53,0.73
2020-02-13,2020,2,13,44,0.0,24.2,19.0,57.7,36.5,8.1,13.0,1007.4,15.3,1.05,0,1.53,0.73
2020-02-14,2020,2,14,45,6.0,24.2,18.9,70.1,29.0,9.5,9.6,998.9,19.0,1.26,0,2.38,0.9
2020-02-15,2020,2,15,46,0.61,23.9,17.3,68.0,35.8,6.7,9.6,1004.9,17.1,1.0,0,2.47,0.92
2020-02-16,2020,2,16,47,0.0,22.9,16.9,67.1,38.7,6.9,11.9,1005.0,16.2,1.0,0,2.47,0.86
2020-02-17,2020,2,17,48,0.0,22.7,18.8,67.0,23.8,9.6,7.7,1001.2,17.1,1.0,0,1.4,0.82
2020-02-18,2020,2,18,49,0.0,22.3,17.1,63.7,23.7,9.8,6.7,1004.3,14.9,1.0,0,1.4,0.76
2020-02-19,2020,2,19,50,0.0,22.3,18.9,63.8,31.3,6.6,7.2,1004.4,15.0,1.0,0,0.94,0.76
2020-02-20,2020,2,20,51,0.51,25.8,16.4,64.2,20.0,9.9,9.3,1006.1,18.3,1.0,0,1.02,0.78
2020-02-21,2020,2,21,52,0.0,22.5,18.5,67.3,34.5,7.7,11.9,1003.8,16.7,1.0,0,0.16,0.68
2020-02-22,2020,2,22,53,0.0,22.8,17.5,63.9,28.1,9.0,5.1,1002.7,16.0,1.0,0,0.07,0.68
2020-02-23,2020,2,23,54,0.0,22.8,16.0,62.9,29.5,8.8,7.2,1008.0,16.5,1.11,0,0.07,0.68
2020-02-24,2020,2,24,55,0.0,22.4,17.2,63.8,20.8,10.4,5.0,1004.4,15.1,1.0,0,0.07,0.67
2020-02-25,2020,2,25,56,0.0,25.0,17.7,64.1,20.3,9.2,14.6,1004.1,18.0,1.0,0,0.07,0.67
2020-02-26,2020,2,26,57,0.0,23.8,20.5,57.9,13.1,11.9,7.9,1001.8,15.1,1.13,0,0.07,0.67
2020-02-27,2020,2,27,58,0.37,24.5,16.0,67.8,30.3,9.4,12.4,1004.2,18.7,1.0,0,0.05,0.68
2020-02-28,2020,2,28,59,0.0,24.6,18.0,59.3,14.2,10.1,5.0,1005.7,15.4,1.0,0,0.05,0.68
2020-02-29,2020,2,29,60,0.0,25.3,18.0,62.1,22.1,9.0,12.0,1004.7,16.9,1.0,0,0.05,0.65
2020-03-01,2020,3,1,61,0.0,25.2,17.4,57.9,29.5,9.5,11.4,1002.9,15.5,1.0,0,0.05,0.65
2020-03-02,2020,3,2,62,4.96,26.9,18.1,63.0,41.0,7.8,5.0,1003.8,19.4,1.0,0,0.76,0.82
2020-03-03,2020,3,3,63,0.0,24.2,18.5,63.6,27.4,9.8,7.4,1004.4,16.8,1.0,0,0.76,0.82
2020-03-04,2020,3,4,64,20.31,24.5,17.9,70.0,34.5,8.7,7.2,1002.8,18.5,1.0,0,3.66,1.47
2020-03-05,2020,3,5,65,0.0,25.3,19.3,59.1,11.8,8.8,8.7,1007.9,16.8,1.29,0,3.61,1.47
2020-03-06,2020,3,6,66,0.0,25.5,20.8,58.4,18.5,9.7,12.5,1006.6,16.9,1.24,0,3.61,1.45
2020-03-07,2020,3,7,67,16.2,23.5,18.9,68.3,27.6,9.2,11.7,1005.7,17.4,1.0,0,5.92,1.99
2020-03-08,2020,3,8,68,4.13,23.4,18.2,67.2,29.9,7.5,8.5,1000.2,17.3,1.0,0,6.51,2.13
2020-03-09,2020,3,9,69,5.41,25.7,19.0,69.1,25.3,10.2,12.3,1003.9,19.6,1.31,0,6.58,2.31
2020-03-10,2020,3,10,70,16.05,28.1,18.8,75.0,50.4,6.6,9.3,1004.1,22.9,1.0,0,8.87,2.84
2020-03-11,2020,3,11,71,4.87,28.4,20.6,60.1,26.9,8.2,11.6,1003.5,19.8,1.29,0,6.67,2.75
2020-03-12,2020,3,12,72,2.23,24.6,18.8,58.6,27.8,8.6,5.0,1003.4,16.1,1.02,0,6.98,2.83
2020-03-13,2020,3,13,73,14.84,25.8,20.1,65.9,32.5,8.3,11.4,1004.3,19.2,1.0,0,9.1,3.22
2020-03-14,2020,3,14,74,0.0,26.8,19.9,59.8,13.0,10.9,8.8,1004.4,18.0,1.0,0,6.79,3.22
2020-03-15,2020,3,15,75,4.61,27.1,19.8,56.8,17.7,10.9,5.7,1004.2,17.6,1.0,0,6.86,3.17
2020-03-16,2020,3,16,76,18.42,25.3,18.4,70.6,27.7,7.9,7.5,1004.4,19.3,1.0,0,8.72,3.76
2020-03-17,2020,3,17,77,0.0,29.5,19.1,57.2,30.1,9.4,5.0,1010.4,20.3,1.0,0,6.42,3.76
2020-03-18,2020,3,18,78,0.82,26.2,19.7,58.1,28.8,8.2,5.2,1004.6,17.0,1.36,0,5.85,3.79
2020-03-19,2020,3,19,79,10.78,27.7,18.6,66.5,29.5,9.2,12.8,1005.3,21.2,1.0,0,7.07,4.15
2020-03-20,2020,3,20,80,8.33,26.8,18.9,59.0,24.7,8.3,8.9,1006.1,17.8,1.0,0,6.14,4.43
2020-03-21,2020,3,21,81,0.0,26.9,19.6,59.1,25.7,10.2,6.2,1007.4,17.5,1.0,0,6.14,4.41
2020-03-22,2020,3,22,82,7.54,28.7,20.7,66.4,13.7,11.2,5.0,1003.2,22.6,1.0,0,6.56,4.66
2020-03-23,2020,3,23,83,0.0,29.2,22.1,60.3,21.4,10.4,9.9,1006.1,20.4,1.0,0,3.92,4.66
2020-03-24,2020,3,24,84,0.0,28.8,20.8,63.0,9.6,11.6,10.2,1005.7,21.3,1.15,0,3.92,4.66
2020-03-25,2020,3,25,85,13.3,26.6,20.7,69.3,26.7,9.1,11.2,1002.9,20.3,1.0,0,5.71,5.11
2020-03-26,2020,3,26,86,19.95,26.1,20.7,67.0,36.7,8.6,6.4,1002.5,19.3,1.0,0,7.02,5.77
2020-03-27,2020,3,27,87,2.85,32.2,20.3,55.0,13.2,10.5,7.7,1004.9,22.0,1.26,0,6.23,5.87
2020-03-28,2020,3,28,88,8.64,28.8,20.7,68.7,37.5,9.8,9.4,1002.2,22.8,1.0,0,7.47,6.14
2020-03-29,2020,3,29,89,0.0,27.1,21.6,59.8,25.9,10.9,7.5,1005.3,18.0,1.07,0,6.39,6.14
2020-03-30,2020,3,30,90,5.25,30.0,22.2,65.6,24.8,9.0,5.0,1004.8,23.9,1.0,0,7.14,6.32
2020-03-31,2020,3,31,91,0.0,27.4,18.2,65.5,22.7,11.6,8.2,1003.1,20.3,1.38,0,7.14,6.32
2020-04-01,2020,4,1,92,14.78,31.9,22.1,58.6,16.7,11.3,5.0,1002.9,23.2,1.18,0,7.35,6.64
2020-04-02,2020,4,2,93,3.01,28.4,21.0,61.5,12.5,12.4,12.8,1006.3,20.0,1.4,0,4.93,6.74
2020-04-03,2020,4,3,94,19.85,30.5,22.0,73.5,25.7,8.5,6.5,1000.7,25.5,1.18,0,7.36,6.73
2020-04-04,2020,4,4,95,2.97,29.2,22.0,60.7,16.8,9.5,12.0,1007.0,20.7,1.0,0,6.55,6.83
2020-04-05,2020,4,5,96,18.35,27.2,21.5,70.9,34.0,9.8,9.3,1005.3,21.5,1.03,0,9.17,7.44
2020-04-06,2020,4,6,97,0.0,28.1,22.3,55.8,12.8,9.5,7.0,1005.5,19.0,1.0,0,8.42,6.9
2020-04-07,2020,4,7,98,23.36,28.6,22.1,70.2,29.3,9.0,10.9,1004.4,21.8,1.0,0,11.76,7.54
2020-04-08,2020,4,8,99,0.0,28.8,21.9,55.2,26.8,10.1,6.8,1005.5,18.8,1.37,0,9.65,7.36
2020-04-09,2020,4,9,100,2.05,30.3,21.9,64.9,12.7,11.6,5.0,1002.8,22.5,1.41,0,9.51,6.89
2020-04-10,2020,4,10,101,0.1,26.5,20.9,58.6,10.1,11.6,6.2,1003.7,18.2,1.0,0,6.69,6.73
2020-04-11,2020,4,11,102,0.0,30.6,22.2,66.1,22.3,10.7,5.7,1004.6,23.5,1.0,0,6.27,6.66
2020-04-12,2020,4,12,103,9.34,27.4,19.9,70.3,29.5,8.1,5.0,1005.7,22.2,1.0,0,4.98,6.48
2020-04-13,2020,4,13,104,0.58,31.1,22.7,58.4,21.2,9.6,5.0,1003.0,23.1,1.09,0,5.06,6.5
2020-04-14,2020,4,14,105,0.0,29.5,23.4,67.3,34.6,9.5,7.2,1007.6,22.1,1.0,0,1.72,6.34
2020-04-15,2020,4,15,106,0.0,31.0,20.8,58.3,14.3,10.8,5.0,1002.3,21.1,1.1,0,1.72,5.73
2020-04-16,2020,4,16,107,0.0,29.0,22.3,63.5,13.1,10.2,7.0,1005.4,20.8,1.0,0,1.43,5.73
2020-04-17,2020,4,17,108,0.0,30.2,24.5,60.7,6.4,12.3,7.0,1006.6,21.9,1.19,0,1.42,5.7
2020-04-18,2020,4,18,109,2.87,28.2,25.5,60.6,20.8,9.7,7.1,1004.4,20.2,1.0,0,1.83,5.44
2020-04-19,2020,4,19,110,7.81,29.5,22.8,67.6,30.9,9.1,6.5,1005.0,21.2,1.42,0,1.61,5.42
2020-04-20,2020,4,20,111,2.72,33.6,23.1,60.3,26.3,9.6,7.5,1000.2,25.2,1.26,0,1.91,5.51
2020-04-21,2020,4,21,112,4.63,33.8,23.1,61.1,22.8,9.9,7.8,1005.1,26.0,1.08,0,2.58,5.41
2020-04-22,2020,4,22,113,0.0,29.9,23.4,61.3,20.2,10.8,5.0,1003.1,21.8,1.0,0,2.58,5.41
2020-04-23,2020,4,23,114,6.98,31.4,24.8,68.1,30.3,9.6,9.1,1000.6,23.8,1.0,0,3.57,5.65
2020-04-24,2020,4,24,115,0.72,32.7,23.4,62.8,26.3,8.6,11.5,1003.5,25.0,1.0,0,3.68,5.23
2020-04-25,2020,4,25,116,18.45,32.3,21.9,67.1,24.4,9.6,8.1,1007.0,25.1,1.06,0,5.9,5.18
2020-04-26,2020,4,26,117,0.0,31.4,23.9,59.7,28.2,9.2,9.5,1006.5,22.2,1.02,0,4.79,5.08
2020-04-27,2020,4,27,118,0.0,30.1,23.2,61.0,29.0,8.1,5.0,1007.1,22.0,1.0,0,4.4,4.79
2020-04-28,2020,4,28,119,18.23,33.9,22.5,71.0,22.3,10.6,10.6,1005.2,26.0,1.0,0,6.34,5.4
2020-04-29,2020,4,29,120,0.0,31.9,22.5,57.8,20.3,11.9,5.7,1003.8,22.1,1.3,0,6.34,5.23
2020-04-30,2020,4,30,121,0.0,30.4,23.8,59.6,15.7,11.9,5.0,1006.3,21.8,1.33,0,5.34,5.23
2020-05-01,2020,5,1,122,0.0,32.9,24.8,65.5,26.2,10.3,7.3,1007.7,26.0,1.0,0,5.24,4.73
2020-05-02,2020,5,2,123,6.6,32.6,24.8,62.2,22.7,8.6,9.8,1004.4,24.5,1.16,0,3.55,4.85
2020-05-03,2020,5,3,124,3.17,32.4,25.7,61.9,28.6,9.3,9.2,1001.9,23.2,1.0,0,4.0,4.3
2020-05-04,2020,5,4,125,0.0,33.5,23.4,62.7,17.8,11.7,5.9,1004.2,26.0,1.0,0,4.0,4.2
2020-05-05,2020,5,5,126,0.97,33.1,24.0,60.2,29.5,10.5,6.2,1004.8,24.4,1.29,0,1.53,3.62
2020-05-06,2020,5,6,127,0.0,35.3,25.3,61.3,45.5,8.1,10.5,1007.2,26.0,1.0,0,1.53,3.62
2020-05-07,2020,5,7,128,10.07,32.3,25.5,68.1,36.0,8.4,7.3,1000.2,26.0,1.21,0,2.97,3.18
2020-05-08,2020,5,8,129,18.82,32.7,24.1,73.3,49.3,7.2,12.2,1003.2,26.0,1.0,0,5.66,3.8
2020-05-09,2020,5,9,130,0.93,35.1,23.9,61.0,26.4,9.9,5.2,1004.4,26.0,1.6,0,4.85,3.77
2020-05-10,2020,5,10,131,1.51,37.8,25.4,61.2,20.3,8.5,7.2,1005.6,26.0,1.0,0,4.61,3.81
2020-05-11,2020,5,11,132,9.48,37.7,26.0,72.6,34.0,8.3,5.0,1004.1,26.0,1.0,0,5.97,4.13
2020-05-12,2020,5,12,133,0.0,35.4,24.7,61.6,33.4,7.3,9.7,1005.8,26.0,1.0,0,5.83,3.82
2020-05-13,2020,5,13,134,11.77,33.9,25.6,66.2,34.9,7.2,10.0,1003.7,26.0,1.0,0,7.51,4.19
2020-05-14,2020,5,14,135,5.15,33.7,25.2,58.9,27.7,8.2,8.3,1003.1,25.4,1.0,0,6.81,4.36
2020-05-15,2020,5,15,136,0.0,34.1,24.5,69.1,39.7,8.6,12.8,1004.1,26.0,1.0,0,4.12,4.36
2020-05-16,2020,5,16,137,0.38,32.1,26.2,70.6,34.3,8.2,6.9,1005.1,26.0,1.05,0,4.04,4.38
2020-05-17,2020,5,17,138,0.0,35.9,25.1,65.0,19.7,10.4,12.0,1002.7,26.0,1.0,0,3.83,4.38
2020-05-18,2020,5,18,139,0.0,37.0,23.7,66.1,38.3,8.7,10.4,1006.4,26.0,1.0,0,2.47,4.28
2020-05-19,2020,5,19,140,2.58,34.9,24.8,66.7,36.8,7.6,14.5,1005.6,26.0,1.0,0,2.84,4.11
2020-05-20,2020,5,20,141,0.29,38.0,22.9,61.4,41.0,7.2,14.7,1003.2,26.0,1.0,0,1.2,4.02
2020-05-21,2020,5,21,142,16.73,38.0,28.0,74.8,47.2,6.8,10.5,1003.8,26.0,1.0,0,2.85,4.43
2020-05-22,2020,5,22,143,10.53,36.7,27.3,76.0,38.4,8.6,13.8,1004.4,26.0,1.0,0,4.36,4.78
2020-05-23,2020,5,23,144,7.1,34.5,24.3,69.4,41.8,9.2,18.3,1004.7,26.0,1.0,0,5.32,4.78
2020-05-24,2020,5,24,145,8.02,34.3,25.2,72.9,40.8,6.1,13.1,1000.1,26.0,1.0,0,6.46,5.03
2020-05-25,2020,5,25,146,10.23,36.9,26.3,67.5,41.7,9.2,10.9,1006.9,26.0,1.31,0,7.93,4.75
2020-05-26,2020,5,26,147,0.0,37.4,28.0,63.1,43.8,8.8,5.7,1008.5,26.0,1.09,0,7.56,4.75
2020-05-27,2020,5,27,148,0.95,34.9,27.0,69.5,36.1,7.9,5.0,1002.9,26.0,1.0,0,7.65,4.78
2020-05-28,2020,5,28,149,0.87,34.2,26.4,73.9,39.6,8.3,6.3,1003.7,26.0,1.32,0,5.39,4.2
2020-05-29,2020,5,29,150,0.0,33.5,25.5,65.2,18.7,10.7,18.1,1007.4,25.6,1.81,0,3.88,4.2
2020-05-30,2020,5,30,151,0.0,34.6,26.9,67.1,52.5,7.2,11.0,1008.1,26.0,1.0,0,2.87,4.2
2020-05-31,2020,5,31,152,170.81,35.6,26.9,85.1,78.5,4.4,23.8,1001.4,26.0,1.0,1,26.12,9.9
2020-06-01,2020,6,1,153,145.45,38.0,26.5,81.4,72.3,5.9,21.4,1003.9,26.0,1.0,1,45.44,14.53
2020-06-02,2020,6,2,154,260.01,35.6,26.4,85.4,87.2,2.9,25.0,1003.2,26.0,1.0,1,82.58,23.09
2020-06-03,2020,6,3,155,76.27,31.9,26.0,78.8,80.0,5.0,22.6,1001.5,26.0,1.0,1,93.34,25.63
2020-06-04,2020,6,4,156,94.62,35.6,28.0,85.1,66.6,5.7,20.2,1005.3,26.0,1.15,1,106.74,28.75
2020-06-05,2020,6,5,157,325.92,36.1,24.6,83.3,75.4,4.2,18.3,1001.3,26.0,1.0,1,153.3,39.62
2020-06-06,2020,6,6,158,303.23,36.2,27.1,78.1,80.1,4.0,17.4,1002.8,26.0,1.0,1,196.62,49.39
2020-06-07,2020,6,7,159,94.47,32.9,26.8,79.9,68.7,3.4,22.5,999.9,26.0,1.0,1,185.71,51.91
2020-06-08,2020,6,8,160,156.02,36.4,24.4,86.2,78.3,5.6,22.8,1001.6,26.0,1.0,1,187.22,57.08
2020-06-09,2020,6,9,161,170.4,38.0,26.4,90.6,75.4,4.4,26.0,1003.5,26.0,1.0,1,174.42,62.71
2020-06-10,2020,6,10,162,89.67,36.3,25.7,79.4,77.7,4.2,28.7,1006.3,26.0,1.16,1,176.33,65.38
2020-06-11,2020,6,11,163,169.09,36.1,25.7,89.7,78.3,3.8,21.6,1002.9,26.0,1.0,1,186.97,71.02
2020-06-12,2020,6,12,164,79.43,36.0,26.1,86.5,98.5,3.6,22.9,1003.9,26.0,1.0,1,151.76,73.27
2020-06-13,2020,6,13,165,187.86,37.4,28.0,90.0,100.0,1.9,30.4,1003.8,26.0,1.0,1,135.28,79.36
2020-06-14,2020,6,14,166,70.79,35.0,27.0,84.4,67.4,5.8,27.8,1003.8,26.0,1.0,1,131.89,81.72
2020-06-15,2020,6,15,167,110.65,35.6,28.0,88.8,73.5,3.5,19.5,1001.6,26.0,1.0,1,125.41,85.4
2020-06-16,2020,6,16,168,110.68,38.0,25.7,93.9,79.0,6.3,30.1,1001.3,26.0,1.0,1,116.88,89.09
2020-06-17,2020,6,17,169,127.41,38.0,26.5,87.7,84.3,3.4,22.9,996.1,26.0,1.0,1,122.27,93.34
2020-06-18,2020,6,18,170,202.33,36.7,26.7,83.5,87.9,2.2,24.3,1003.1,26.0,1.0,1,127.02,99.99
2020-06-19,2020,6,19,171,81.18,38.0,27.5,92.5,75.2,5.3,27.4,1002.3,26.0,1.0,1,127.27,102.69
2020-06-20,2020,6,20,172,213.51,36.2,27.9,90.0,88.5,3.3,24.0,1003.7,26.0,1.0,1,130.94,109.25
2020-06-21,2020,6,21,173,199.58,36.2,27.7,89.2,89.0,3.8,23.7,1005.1,26.0,1.0,1,149.33,115.55
2020-06-22,2020,6,22,174,387.39,36.2,26.4,95.6,84.9,5.1,24.0,1001.8,26.0,1.0,1,188.87,128.23
2020-06-23,2020,6,23,175,194.24,35.3,28.0,94.3,100.0,1.7,29.7,1004.3,26.0,1.0,1,200.81,134.44
2020-06-24,2020,6,24,176,167.95,37.6,26.7,90.8,95.8,2.5,24.1,1001.2,26.0,1.0,1,206.6,139.69
2020-06-25,2020,6,25,177,233.31,38.0,27.8,85.6,94.9,2.7,25.3,1001.6,26.0,1.0,1,211.02,147.47
2020-06-26,2020,6,26,178,64.05,34.8,25.8,86.2,100.0,1.5,24.1,999.7,26.0,1.0,1,208.58,149.57
2020-06-27,2020,6,27,179,65.95,38.0,27.2,88.8,74.9,5.3,19.4,1002.5,26.0,1.0,1,187.5,151.74
2020-06-28,2020,6,28,180,79.79,33.8,28.0,88.8,95.7,1.9,27.3,1004.3,26.0,1.0,1,170.38,154.4
2020-06-29,2020,6,29,181,219.36,38.0,27.6,88.4,100.0,2.9,30.2,1002.2,26.0,1.0,1,146.38,161.71
2020-06-30,2020,6,30,182,118.92,35.1,26.5,89.5,100.0,2.7,26.9,1003.8,26.0,1.0,1,135.62,159.98
2020-07-01,2020,7,1,183,103.19,38.0,28.0,94.5,100.0,1.9,25.7,1002.7,26.0,1.0,1,126.37,158.58
2020-07-02,2020,7,2,184,175.61,36.7,26.6,91.8,83.9,3.4,24.3,1002.0,26.0,1.0,1,118.12,155.76
2020-07-03,2020,7,3,185,129.09,38.0,25.5,89.2,99.9,1.8,26.1,1004.2,26.0,1.0,1,127.42,157.52
2020-07-04,2020,7,4,186,79.59,36.8,28.0,93.1,88.9,4.2,26.8,1000.8,26.0,1.0,1,129.36,157.02
2020-07-05,2020,7,5,187,113.67,38.0,26.4,93.7,100.0,3.6,23.7,1003.2,26.0,1.0,1,134.2,149.95
2020-07-06,2020,7,6,188,190.57,37.7,28.0,91.9,100.0,2.0,24.7,1002.6,26.0,1.0,1,130.09,146.19
2020-07-07,2020,7,7,189,213.14,38.0,27.3,87.9,100.0,1.7,25.7,1004.5,26.0,1.16,1,143.55,150.15
2020-07-08,2020,7,8,190,7.43,37.7,28.0,80.4,58.5,6.3,13.3,1003.7,26.0,1.0,1,129.87,145.19
2020-07-09,2020,7,9,191,570.48,38.0,26.7,92.8,90.9,3.1,28.6,1001.0,26.0,1.0,1,186.28,158.53
2020-07-10,2020,7,10,192,268.79,38.0,28.0,96.6,98.2,2.5,30.1,1003.2,26.0,1.0,1,206.24,164.5
2020-07-11,2020,7,11,193,98.33,38.0,26.9,89.9,100.0,2.2,26.9,1004.3,26.0,1.0,1,208.92,162.14
2020-07-12,2020,7,12,194,55.16,38.0,27.3,90.1,99.7,2.6,23.7,1005.3,26.0,1.0,1,200.56,161.33
2020-07-13,2020,7,13,195,356.86,38.0,25.0,98.0,100.0,2.9,31.2,1002.2,26.0,1.0,1,224.31,166.97
2020-07-14,2020,7,14,196,93.11,35.4,25.6,92.5,100.0,2.5,28.5,1003.3,26.0,1.0,1,207.17,167.71
2020-07-15,2020,7,15,197,118.01,36.5,28.0,93.9,100.0,3.2,31.6,1006.0,26.0,1.0,1,222.96,167.96
2020-07-16,2020,7,16,198,362.98,38.0,26.8,98.0,100.0,3.3,24.6,1003.2,26.0,1.0,1,193.32,176.37
2020-07-17,2020,7,17,199,82.94,35.6,25.2,90.3,100.0,1.9,29.6,1005.7,26.0,1.0,1,166.77,174.88
2020-07-18,2020,7,18,200,77.33,36.8,26.8,98.0,93.9,2.8,31.9,1005.2,26.0,1.0,1,163.77,170.72
2020-07-19,2020,7,19,201,188.36,37.0,28.0,93.7,100.0,2.6,35.0,1005.5,26.0,1.0,1,182.8,174.29
2020-07-20,2020,7,20,202,241.84,37.5,26.1,96.4,100.0,3.3,34.0,1001.8,26.0,1.0,1,166.37,175.23
2020-07-21,2020,7,21,203,247.86,37.3,28.0,97.0,100.0,2.1,28.3,1000.9,26.0,1.0,1,188.47,176.84
2020-07-22,2020,7,22,204,77.47,37.9,26.8,94.0,100.0,3.9,24.9,1003.4,26.0,1.0,1,182.68,166.51
2020-07-23,2020,7,23,205,199.39,36.2,27.0,92.5,100.0,1.8,29.4,999.2,26.0,1.0,1,159.31,166.68
2020-07-24,2020,7,24,206,310.48,36.4,26.5,93.8,100.0,1.7,33.7,1003.6,26.0,1.0,1,191.82,171.44
2020-07-25,2020,7,25,207,117.51,38.0,25.1,95.6,100.0,1.2,27.7,999.6,26.0,1.0,1,197.56,167.58
2020-07-26,2020,7,26,208,161.92,38.0,27.0,93.8,100.0,2.6,30.1,1003.0,26.0,1.0,1,193.78,170.84
2020-07-27,2020,7,27,209,183.03,38.0,27.2,97.1,100.0,1.8,28.3,1001.8,26.0,1.0,1,185.38,174.74
2020-07-28,2020,7,28,210,127.01,38.0,27.7,94.2,100.0,2.3,30.7,1001.7,26.0,1.0,1,168.12,176.31
2020-07-29,2020,7,29,211,194.91,37.9,26.3,94.0,100.0,2.0,31.8,1000.7,26.0,1.0,1,184.89,175.5
2020-07-30,2020,7,30,212,74.46,37.4,25.3,90.3,89.7,3.4,32.7,1002.8,26.0,1.0,1,167.05,174.02
2020-07-31,2020,7,31,213,75.9,36.1,28.0,98.0,96.7,3.2,27.8,1005.9,26.0,1.0,1,133.53,173.11
2020-08-01,2020,8,1,214,67.36,38.0,27.4,96.3,100.0,2.3,31.9,1002.7,26.0,1.0,1,126.37,169.5
2020-08-02,2020,8,2,215,37.61,38.0,27.0,91.5,90.9,3.0,25.7,1005.6,26.0,1.0,1,108.61,166.45
2020-08-03,2020,8,3,216,105.61,36.4,28.0,94.3,100.0,1.7,28.2,1002.9,26.0,1.0,1,97.55,167.32
2020-08-04,2020,8,4,217,115.62,38.0,25.9,96.4,100.0,3.7,32.5,1000.6,26.0,1.0,1,95.92,167.38
2020-08-05,2020,8,5,218,122.68,36.5,25.6,91.4,100.0,2.7,32.0,1002.6,26.0,1.0,1,85.61,165.12
2020-08-06,2020,8,6,219,144.85,35.9,27.7,96.8,100.0,1.1,34.4,999.9,26.0,1.0,1,95.66,162.84
2020-08-07,2020,8,7,220,85.31,36.3,28.0,98.0,100.0,1.6,29.8,1004.7,26.0,1.0,1,97.01,165.44
2020-08-08,2020,8,8,221,117.07,36.4,25.2,96.8,100.0,3.1,29.9,1002.7,26.0,1.0,1,104.11,150.33
2020-08-09,2020,8,9,222,280.83,37.8,26.8,98.0,100.0,1.8,28.2,1002.3,26.0,1.0,1,138.85,150.73
2020-08-10,2020,8,10,223,214.65,36.1,27.1,98.0,100.0,2.2,26.4,1003.9,26.0,1.0,1,154.43,154.6
2020-08-11,2020,8,11,224,21.06,38.0,27.2,95.4,92.8,3.0,22.9,1001.3,26.0,1.0,1,140.92,153.47
2020-08-12,2020,8,12,225,62.62,35.5,26.3,98.0,100.0,1.8,29.3,1004.0,26.0,1.0,1,132.34,143.66
2020-08-13,2020,8,13,226,87.28,36.5,25.5,98.0,100.0,2.7,27.4,1002.6,26.0,1.0,1,124.12,143.46
2020-08-14,2020,8,14,227,64.55,34.8,24.0,98.0,93.4,2.7,32.1,1002.8,26.0,1.0,1,121.15,141.68
2020-08-15,2020,8,15,228,112.1,34.4,28.0,97.8,100.0,2.3,34.8,1003.3,26.0,1.0,1,120.44,133.32
2020-08-16,2020,8,16,229,203.62,36.9,28.0,97.7,100.0,1.6,27.4,1002.8,26.0,1.0,1,109.41,137.34
2020-08-17,2020,8,17,230,138.21,36.4,25.5,98.0,100.0,0.5,31.4,1002.1,26.0,1.0,1,98.49,139.37
2020-08-18,2020,8,18,231,57.27,35.4,26.3,98.0,100.0,1.5,31.2,1002.2,26.0,1.0,1,103.66,135.0
2020-08-19,2020,8,19,232,70.99,34.7,25.5,98.0,100.0,1.7,32.9,1003.2,26.0,1.0,1,104.86,129.31
2020-08-20,2020,8,20,233,190.74,34.2,25.8,98.0,100.0,2.2,30.8,1002.3,26.0,1.0,1,119.64,127.4
2020-08-21,2020,8,21,234,14.87,36.4,25.9,93.4,90.3,3.7,27.4,1001.1,26.0,1.0,1,112.54,125.32
2020-08-22,2020,8,22,235,36.21,34.7,24.6,98.0,99.7,2.7,21.7,1002.3,26.0,1.0,1,101.7,119.88
2020-08-23,2020,8,23,236,174.99,38.0,25.9,97.9,100.0,2.7,31.7,1000.2,26.0,1.0,1,97.61,115.36
2020-08-24,2020,8,24,237,185.53,35.9,26.0,98.0,100.0,1.4,35.0,1006.7,26.0,1.0,1,104.37,117.63
2020-08-25,2020,8,25,238,295.79,36.3,23.8,98.0,100.0,1.8,34.0,1005.1,26.0,1.0,1,138.45,122.09
2020-08-26,2020,8,26,239,129.68,37.5,24.9,98.0,100.0,2.2,32.4,1005.9,26.0,1.0,1,146.83,120.31
2020-08-27,2020,8,27,240,108.07,34.1,24.0,95.7,100.0,3.7,35.0,1001.7,26.0,1.0,1,135.02,119.68
2020-08-28,2020,8,28,241,187.15,35.9,24.3,97.9,100.0,4.6,32.5,1002.9,26.0,1.0,1,159.63,119.42
2020-08-29,2020,8,29,242,111.88,35.8,25.2,98.0,100.0,1.7,29.0,1001.3,26.0,1.0,1,170.44,120.67
2020-08-30,2020,8,30,243,50.39,34.2,25.3,90.3,100.0,1.3,25.7,1005.8,26.0,1.0,1,152.64,119.82
2020-08-31,2020,8,31,244,151.0,32.6,25.2,98.0,100.0,1.2,35.0,1001.5,26.0,1.0,1,147.71,122.61
2020-09-01,2020,9,1,245,303.4,31.5,27.8,98.0,100.0,1.4,29.4,1002.7,26.0,1.0,1,148.8,131.47
2020-09-02,2020,9,2,246,309.36,33.3,25.6,98.0,100.0,3.1,35.0,1002.9,26.0,1.0,1,174.46,138.26
2020-09-03,2020,9,3,247,78.97,36.2,25.6,95.5,100.0,2.7,33.0,1005.4,26.0,1.0,1,170.31,137.04
2020-09-04,2020,9,4,248,169.92,33.3,25.2,98.0,100.0,0.5,35.0,1004.0,26.0,1.0,1,167.85,138.61
2020-09-05,2020,9,5,249,332.09,35.8,23.3,98.0,100.0,0.7,35.0,1002.3,26.0,1.0,1,199.3,144.85
2020-09-06,2020,9,6,250,220.35,33.1,24.8,98.0,100.0,2.9,34.6,1005.7,26.0,1.0,1,223.58,149.35
2020-09-07,2020,9,7,251,55.3,34.2,24.8,98.0,100.0,3.8,25.3,1002.7,26.0,1.0,1,209.91,147.3
2020-09-08,2020,9,8,252,85.77,34.8,25.6,98.0,100.0,2.9,32.7,1004.8,26.0,1.0,1,178.82,140.79
2020-09-09,2020,9,9,253,225.83,35.4,23.3,98.0,100.0,1.4,35.0,1000.1,26.0,1.0,1,166.89,141.17
2020-09-10,2020,9,10,254,175.33,33.0,23.9,97.6,100.0,1.4,35.0,1006.1,26.0,1.0,1,180.66,146.31
2020-09-11,2020,9,11,255,123.96,32.6,23.2,98.0,100.0,2.3,29.9,1002.4,26.0,1.0,1,174.09,148.35
2020-09-12,2020,9,12,256,357.3,30.5,23.6,98.0,100.0,2.7,32.2,1003.6,26.0,1.0,1,177.69,157.35
2020-09-13,2020,9,13,257,85.98,32.7,24.0,98.0,100.0,2.4,31.0,1001.0,26.0,1.0,1,158.5,158.07
2020-09-14,2020,9,14,258,97.47,38.0,22.8,92.0,100.0,0.5,35.0,1000.4,26.0,1.0,1,164.52,157.58
2020-09-15,2020,9,15,259,41.78,32.8,25.1,98.0,100.0,2.2,31.2,1002.7,26.0,1.0,1,158.24,152.19
2020-09-16,2020,9,16,260,123.44,30.8,22.9,93.5,100.0,2.4,33.5,1003.5,26.0,1.0,1,143.61,151.69
2020-09-17,2020,9,17,261,26.61,32.6,24.8,98.0,100.0,2.5,26.2,1000.3,26.0,1.0,1,122.36,150.67
2020-09-18,2020,9,18,262,16.16,33.8,23.3,94.3,100.0,1.9,27.7,1003.0,26.0,1.0,1,106.96,148.84
2020-09-19,2020,9,19,263,85.02,31.7,23.2,98.0,100.0,3.7,35.0,998.1,26.0,1.0,1,68.07,145.32
2020-09-20,2020,9,20,264,55.74,30.8,24.7,98.0,100.0,2.3,27.2,1000.8,26.0,1.0,1,63.75,146.68
2020-09-21,2020,9,21,265,80.48,36.1,24.4,98.0,100.0,1.0,31.5,1001.5,26.0,1.0,1,61.32,148.16
2020-09-22,2020,9,22,266,114.39,32.8,24.1,96.0,100.0,1.9,35.0,998.4,26.0,1.0,1,71.69,146.14
2020-09-23,2020,9,23,267,57.03,34.4,21.4,98.0,100.0,1.8,32.0,1003.4,26.0,1.0,1,62.2,141.85
2020-09-24,2020,9,24,268,63.77,31.4,24.8,97.5,100.0,0.6,34.3,1006.6,26.0,1.0,1,67.51,134.12
2020-09-25,2020,9,25,269,101.38,34.5,25.0,98.0,100.0,0.8,29.6,1004.3,26.0,1.0,1,79.69,133.18
2020-09-26,2020,9,26,270,136.95,33.1,22.8,98.0,100.0,3.0,35.0,1000.4,26.0,1.0,1,87.11,134.14
2020-09-27,2020,9,27,271,25.11,32.3,21.9,98.0,100.0,1.6,24.9,1002.3,26.0,1.0,1,82.73,128.74
2020-09-28,2020,9,28,272,60.11,29.6,21.5,98.0,100.0,3.5,33.5,1002.6,26.0,1.0,1,79.82,127.01
2020-09-29,2020,9,29,273,172.08,30.2,22.5,98.0,100.0,1.7,34.7,1002.7,26.0,1.0,1,88.06,131.07
2020-09-30,2020,9,30,274,46.36,31.8,21.5,98.0,100.0,2.7,32.9,1002.4,26.0,1.0,1,86.54,127.58
2020-10-01,2020,10,1,275,5.52,30.5,22.4,89.0,86.2,4.2,25.1,1003.7,26.0,1.0,1,78.22,117.65
2020-10-02,2020,10,2,276,155.18,31.5,21.9,98.0,100.0,2.4,33.7,1001.2,26.0,1.0,1,85.9,112.51
2020-10-03,2020,10,3,277,2.4,30.0,20.9,90.1,87.7,2.7,21.1,1005.7,26.0,1.0,1,66.68,109.96
2020-10-04,2020,10,4,278,124.05,31.3,21.6,98.0,100.0,3.0,35.0,1005.2,26.0,1.0,1,80.81,108.43
2020-10-05,2020,10,5,279,18.39,29.5,22.4,94.8,100.0,1.2,24.1,1001.4,26.0,1.0,1,74.85,97.97
2020-10-06,2020,10,6,280,25.41,31.0,21.1,96.9,100.0,2.1,31.9,1000.0,26.0,1.0,1,53.9,91.48
2020-10-07,2020,10,7,281,30.11,28.7,21.7,98.0,100.0,3.1,24.0,1004.5,26.0,1.0,1,51.58,90.64
2020-10-08,2020,10,8,282,29.97,29.6,23.1,98.0,100.0,2.5,27.6,1002.4,26.0,1.0,1,55.07,88.78
2020-10-09,2020,10,9,283,17.23,29.6,21.0,96.8,97.3,1.9,22.8,999.8,26.0,1.0,1,35.37,81.82
2020-10-10,2020,10,10,284,6.29,28.4,20.7,94.2,100.0,1.4,27.9,1002.6,26.0,1.0,1,35.92,76.19
2020-10-11,2020,10,11,285,10.21,28.7,21.9,97.8,100.0,2.8,27.0,1006.4,26.0,1.0,1,19.66,72.4
2020-10-12,2020,10,12,286,12.62,29.9,23.0,92.8,90.2,4.1,19.3,1003.1,26.0,1.0,1,18.83,60.91
2020-10-13,2020,10,13,287,14.92,30.4,22.0,91.4,99.1,1.2,25.3,1004.6,26.0,1.0,1,17.34,58.54
2020-10-14,2020,10,14,288,106.1,29.6,20.6,98.0,100.0,2.1,35.0,999.1,26.0,1.0,1,28.19,58.83
2020-10-15,2020,10,15,289,34.15,29.9,20.5,96.0,100.0,2.4,26.4,1000.8,26.0,1.0,1,28.79,58.57
2020-10-16,2020,10,16,290,23.94,29.1,20.7,93.3,100.0,1.8,26.6,1005.2,26.0,1.0,1,29.75,55.26
2020-10-17,2020,10,17,291,16.63,27.8,20.7,98.0,98.1,2.1,26.7,1002.5,26.0,1.0,1,31.22,54.92
2020-10-18,2020,10,18,292,11.25,26.1,24.0,86.2,100.0,2.5,25.3,1005.2,24.4,1.0,1,31.37,54.76
2020-10-19,2020,10,19,293,62.86,27.8,21.1,98.0,99.2,1.3,26.5,1004.3,26.0,1.0,1,38.55,54.02
2020-10-20,2020,10,20,294,30.44,28.2,23.0,93.5,96.2,2.5,20.3,1002.4,26.0,1.0,1,40.77,53.18
2020-10-21,2020,10,21,295,16.54,27.4,21.8,98.0,100.0,1.5,14.6,1003.0,26.0,1.0,1,27.97,51.05
2020-10-22,2020,10,22,296,4.02,30.5,17.7,92.2,87.9,3.0,21.7,1002.8,26.0,1.0,1,23.67,47.37
2020-10-23,2020,10,23,297,17.49,28.4,20.0,91.7,100.0,2.9,22.3,998.6,26.0,1.0,1,22.75,46.05
2020-10-24,2020,10,24,298,155.78,27.8,20.4,98.0,100.0,2.6,34.3,1004.8,26.0,1.0,1,42.63,49.12
2020-10-25,2020,10,25,299,2.28,28.6,20.6,89.1,90.8,2.3,20.3,1007.9,26.0,1.0,1,41.34,45.81
2020-10-26,2020,10,26,300,23.41,30.7,20.4,98.0,100.0,1.8,24.4,1001.0,26.0,1.0,1,35.71,42.03
2020-10-27,2020,10,27,301,55.7,27.1,18.2,98.0,100.0,2.8,30.0,1006.1,26.0,1.0,1,39.32,43.05
2020-10-28,2020,10,28,302,17.68,25.9,18.0,94.6,90.2,2.1,17.8,1004.3,24.4,1.0,1,39.48,41.63
2020-10-29,2020,10,29,303,4.87,27.7,20.0,87.2,95.7,1.8,24.9,1000.0,25.7,1.0,1,39.6,36.06
2020-10-30,2020,10,30,304,41.71,25.4,19.5,97.8,97.2,3.0,27.3,999.8,24.7,1.0,1,43.06,35.9
2020-10-31,2020,10,31,305,12.02,25.5,21.4,97.9,98.4,1.8,19.2,997.8,24.5,1.0,1,22.52,36.12
2020-11-01,2020,11,1,306,116.22,29.0,19.8,98.0,100.0,0.7,32.6,1003.7,26.0,1.0,1,38.8,34.82
2020-11-02,2020,11,2,307,19.74,28.7,20.6,98.0,95.8,2.6,20.5,1001.4,26.0,1.0,1,38.28,35.4
2020-11-03,2020,11,3,308,33.79,27.6,20.4,93.4,96.6,2.2,27.9,1002.0,26.0,1.0,1,35.15,32.39
2020-11-04,2020,11,4,309,9.13,27.1,19.4,96.6,90.6,3.3,23.9,1002.6,26.0,1.0,1,33.93,32.08
2020-11-05,2020,11,5,310,39.39,24.5,20.8,96.4,90.4,3.0,26.7,1002.4,24.2,1.0,1,38.86,32.55
2020-11-06,2020,11,6,311,15.68,25.0,18.8,92.7,100.0,2.2,23.0,1004.1,23.3,1.0,1,35.14,32.07
2020-11-07,2020,11,7,312,9.55,28.1,19.2,85.5,94.1,1.8,25.7,1006.1,25.4,1.0,1,34.79,31.39
2020-11-08,2020,11,8,313,13.82,25.2,19.3,92.3,94.3,2.9,25.4,1001.8,24.1,1.0,1,20.16,31.27
2020-11-09,2020,11,9,314,11.61,24.7,18.1,87.8,84.0,5.0,17.4,1001.3,23.1,1.0,1,19.0,31.45
2020-11-10,2020,11,10,315,105.19,25.5,17.6,98.0,100.0,0.9,30.7,1003.3,25.1,1.0,1,29.2,34.62
2020-11-11,2020,11,11,316,3.43,26.5,17.4,97.6,87.7,2.3,23.1,1003.5,25.7,1.0,1,28.38,34.31
2020-11-12,2020,11,12,317,8.4,25.2,17.6,89.2,100.0,2.4,24.9,1004.1,22.9,1.0,1,23.95,34.09
2020-11-13,2020,11,13,318,14.28,25.1,18.6,93.0,76.6,4.0,29.2,1005.0,24.9,1.0,1,23.75,31.03
2020-11-14,2020,11,14,319,48.78,22.0,19.1,96.0,91.6,1.8,29.8,1001.2,21.7,1.0,1,29.36,31.52
2020-11-15,2020,11,15,320,8.62,25.1,17.1,89.2,74.3,3.4,16.0,999.4,23.3,1.0,1,28.62,31.01
2020-11-16,2020,11,16,321,21.75,26.6,18.6,90.2,97.4,4.2,22.5,1001.9,24.8,1.0,1,30.06,31.18
2020-11-17,2020,11,17,322,44.58,24.9,18.2,97.5,95.7,0.8,29.2,1007.9,23.9,1.0,1,21.41,32.29
2020-11-18,2020,11,18,323,21.95,28.0,19.5,93.8,96.4,1.1,17.8,1002.3,26.0,1.0,1,24.05,30.93
2020-11-19,2020,11,19,324,25.61,23.7,17.7,94.0,92.9,2.7,24.7,1001.0,22.6,1.0,1,26.51,30.77
2020-11-20,2020,11,20,325,87.65,23.9,20.2,98.0,100.0,0.8,29.8,1002.0,23.2,1.0,1,36.99,33.14
2020-11-21,2020,11,21,326,21.18,23.5,19.1,90.0,96.2,2.1,24.3,1004.1,21.4,1.0,1,33.05,33.71
2020-11-22,2020,11,22,327,4.34,23.4,17.7,96.4,88.1,1.7,22.6,1002.1,23.2,1.0,1,32.44,33.27
2020-11-23,2020,11,23,328,56.01,25.2,17.4,93.5,100.0,1.4,24.6,1008.1,23.7,1.0,1,37.33,29.95
2020-11-24,2020,11,24,329,4.06,23.8,19.0,82.4,69.8,4.3,25.0,1002.6,19.4,1.0,1,31.54,30.0
2020-11-25,2020,11,25,330,53.33,27.1,17.5,85.4,77.0,3.3,21.3,1001.2,24.5,1.0,1,36.03,31.0
2020-11-26,2020,11,26,331,23.95,24.4,17.9,94.0,93.0,2.4,24.4,1006.2,23.1,1.0,1,35.79,29.94
2020-11-27,2020,11,27,332,7.88,22.7,17.2,74.5,74.2,3.6,23.9,1005.4,18.1,1.0,1,24.39,29.62
2020-11-28,2020,11,28,333,11.65,22.4,17.1,85.8,74.6,4.6,21.3,1007.5,19.5,1.0,1,23.03,29.84
2020-11-29,2020,11,29,334,11.82,26.3,16.2,83.9,77.7,3.0,18.1,1006.9,23.0,1.0,1,24.1,28.85
2020-11-30,2020,11,30,335,1.45,24.0,19.2,76.8,58.1,6.1,18.2,1006.4,19.7,1.0,0,16.31,28.49
2020-12-01,2020,12,1,336,0.0,25.6,17.1,81.9,68.6,5.2,14.6,1001.5,22.4,1.0,0,15.73,24.62
2020-12-02,2020,12,2,337,0.0,23.7,17.6,88.4,88.0,3.3,16.1,1003.6,21.9,1.0,0,8.11,23.96
2020-12-03,2020,12,3,338,0.0,23.5,18.0,84.1,80.9,4.4,17.7,1002.7,20.4,1.0,0,4.69,22.84
2020-12-04,2020,12,4,339,0.0,25.4,19.0,77.9,77.8,2.5,18.6,1004.1,21.2,1.0,0,3.56,22.53
2020-12-05,2020,12,5,340,0.0,23.9,16.6,88.6,72.9,3.2,17.5,1002.8,22.9,1.0,0,1.9,21.22
2020-12-06,2020,12,6,341,0.0,23.8,16.0,77.5,74.5,2.8,19.1,1003.4,19.6,1.0,0,0.21,20.7
2020-12-07,2020,12,7,342,1.49,22.6,17.3,85.3,85.3,3.3,18.2,1007.4,20.7,1.0,0,0.21,20.43
2020-12-08,2020,12,8,343,0.0,24.4,17.8,73.0,74.4,3.3,16.4,1006.9,19.0,1.0,0,0.21,19.97
2020-12-09,2020,12,9,344,1.98,22.9,16.5,79.7,75.9,3.6,20.4,1001.7,19.5,1.0,0,0.5,19.65
2020-12-10,2020,12,10,345,1.99,22.1,17.7,75.7,48.1,7.3,17.1,1005.7,18.3,1.0,0,0.78,16.21
2020-12-11,2020,12,11,346,2.86,26.1,17.0,88.9,78.8,4.3,13.9,1001.1,24.8,1.0,0,1.19,16.19
2020-12-12,2020,12,12,347,1.78,22.4,16.6,77.0,64.9,3.2,17.6,1005.3,17.2,1.0,0,1.44,15.97
2020-12-13,2020,12,13,348,0.0,22.0,18.5,74.6,56.8,5.9,11.5,1003.1,18.2,1.0,0,1.44,15.49
2020-12-14,2020,12,14,349,0.0,24.4,16.5,80.3,72.2,3.9,12.8,1004.1,20.5,1.0,0,1.23,13.86
2020-12-15,2020,12,15,350,0.0,23.7,18.8,77.2,65.6,5.1,19.7,1002.6,19.2,1.0,0,1.23,13.58
2020-12-16,2020,12,16,351,5.27,22.0,16.9,89.0,75.7,4.0,23.9,1005.5,19.9,1.0,0,1.7,13.03
2020-12-17,2020,12,17,352,0.0,22.4,16.0,78.9,59.9,5.4,18.7,1003.6,19.6,1.0,0,1.42,11.54
2020-12-18,2020,12,18,353,0.0,23.5,16.0,77.7,52.6,7.6,18.4,1004.5,19.3,1.0,0,1.01,10.81
2020-12-19,2020,12,19,354,0.42,22.8,18.1,80.3,80.4,3.7,16.8,1002.9,19.2,1.0,0,0.81,9.97
2020-12-20,2020,12,20,355,0.0,23.6,17.8,76.0,52.9,5.8,12.0,1004.1,19.1,1.0,0,0.81,7.05
2020-12-21,2020,12,21,356,0.0,22.4,17.6,77.6,57.5,5.5,19.5,1005.5,18.4,1.0,0,0.81,6.34
2020-12-22,2020,12,22,357,0.0,23.6,18.2,73.1,66.4,3.4,15.7,1004.0,18.8,1.0,0,0.81,6.2
2020-12-23,2020,12,23,358,0.0,22.0,18.8,73.7,70.3,3.1,12.9,1001.2,16.7,1.0,0,0.06,4.33
2020-12-24,2020,12,24,359,0.0,22.0,16.0,72.2,59.7,5.1,20.1,1006.5,16.9,1.0,0,0.06,4.2
2020-12-25,2020,12,25,360,0.0,23.8,16.0,77.2,67.1,5.1,21.6,1006.3,19.0,1.0,0,0.06,2.42
2020-12-26,2020,12,26,361,0.0,22.6,16.2,72.7,61.2,6.3,8.8,1004.1,17.0,1.0,0,0.0,1.62
2020-12-27,2020,12,27,362,0.95,23.2,17.7,78.7,52.5,5.4,17.8,1006.4,19.4,1.0,0,0.14,1.39
2020-12-28,2020,12,28,363,0.81,24.0,16.8,71.8,46.7,7.3,15.4,1004.1,18.9,1.0,0,0.25,1.03
2020-12-29,2020,12,29,364,0.48,22.0,16.8,71.0,62.9,6.6,16.3,1002.6,17.5,1.0,0,0.32,0.65
2020-12-30,2020,12,30,365,6.87,22.9,16.0,78.4,65.0,6.1,20.4,1005.1,18.4,1.0,0,1.3,0.83
2020-12-31,2020,12,31,366,1.7,25.6,16.0,75.5,78.6,4.2,16.1,1007.3,21.5,1.07,0,1.54,0.89
2021-01-01,2021,1,1,1,0.0,22.0,16.3,77.5,50.3,5.4,14.3,1005.6,17.3,1.0,0,1.54,0.89
2021-01-02,2021,1,2,2,0.0,22.0,16.1,69.1,52.4,5.8,11.4,1006.7,15.5,1.0,0,1.54,0.89
2021-01-03,2021,1,3,3,0.8,23.3,16.0,67.8,52.2,7.0,14.3,1004.2,17.0,1.0,0,1.52,0.91
2021-01-04,2021,1,4,4,0.0,22.0,17.2,78.2,44.6,7.5,15.5,1004.7,18.6,1.0,0,1.41,0.91
2021-01-05,2021,1,5,5,0.0,22.0,16.4,67.7,45.7,7.4,7.8,1007.7,15.8,1.0,0,1.34,0.91
2021-01-06,2021,1,6,6,0.0,22.0,16.9,76.1,57.7,6.4,11.8,1006.8,17.8,1.0,0,0.36,0.86
2021-01-07,2021,1,7,7,0.09,22.0,16.3,63.2,50.7,6.2,13.8,1006.9,15.1,1.0,0,0.13,0.87
2021-01-08,2021,1,8,8,0.0,22.3,17.2,74.6,46.8,6.5,12.1,1004.1,17.7,1.0,0,0.13,0.8
2021-01-09,2021,1,9,9,0.0,25.3,16.0,72.0,48.9,9.9,18.3,1004.7,20.5,1.0,0,0.13,0.73
2021-01-10,2021,1,10,10,0.0,22.1,16.0,73.4,65.9,5.1,8.9,1005.6,17.3,1.0,0,0.01,0.64
2021-01-11,2021,1,11,11,1.23,22.0,16.0,75.2,50.7,7.5,7.3,1002.7,18.7,1.0,0,0.19,0.62
2021-01-12,2021,1,12,12,0.0,22.0,17.3,75.1,45.0,7.0,19.1,1001.6,17.4,1.0,0,0.19,0.62
2021-01-13,2021,1,13,13,0.0,22.0,16.0,72.9,65.2,5.2,12.5,1006.7,17.2,1.0,0,0.19,0.62
2021-01-14,2021,1,14,14,0.0,22.0,18.9,74.1,51.2,6.1,10.0,1002.3,17.0,1.0,0,0.18,0.62
2021-01-15,2021,1,15,15,0.0,22.9,16.0,75.0,41.8,7.5,15.9,1004.7,17.7,1.0,0,0.18,0.44
2021-01-16,2021,1,16,16,0.0,22.5,16.2,75.4,56.7,4.8,11.4,1006.7,16.9,1.0,0,0.18,0.45
2021-01-17,2021,1,17,17,0.0,22.8,16.0,72.1,37.8,8.5,12.0,1004.0,16.3,1.0,0,0.18,0.45
2021-01-18,2021,1,18,18,0.0,23.3,18.2,66.0,35.5,10.7,12.2,1004.0,16.5,1.0,0,0.0,0.43
2021-01-19,2021,1,19,19,0.0,23.1,16.3,68.6,39.3,7.8,15.3,1006.9,17.9,1.0,0,0.0,0.43
2021-01-20,2021,1,20,20,0.0,22.0,16.0,68.9,36.1,6.5,12.3,1006.8,16.5,1.0,0,0.0,0.43
2021-01-21,2021,1,21,21,0.0,22.0,16.1,66.4,35.2,7.4,15.1,1008.2,15.6,1.0,0,0.0,0.43
2021-01-22,2021,1,22,22,0.0,22.0,16.0,64.3,31.0,9.7,14.1,1004.7,14.8,1.36,0,0.0,0.43
2021-01-23,2021,1,23,23,1.4,24.3,18.0,73.0,45.0,6.0,8.4,1001.0,19.8,1.0,0,0.2,0.48
2021-01-24,2021,1,24,24,0.0,24.5,16.0,69.6,31.7,8.7,12.3,1005.2,19.0,1.0,0,0.2,0.48
2021-01-25,2021,1,25,25,0.12,22.0,16.7,65.5,28.3,9.7,9.0,1005.1,14.5,1.0,0,0.22,0.48
2021-01-26,2021,1,26,26,0.0,22.0,16.0,68.1,43.6,7.6,13.4,1002.7,16.3,1.0,0,0.22,0.45
2021-01-27,2021,1,27,27,3.03,22.6,16.4,70.4,39.7,6.2,10.9,1005.5,16.6,1.0,0,0.65,0.52
2021-01-28,2021,1,28,28,0.0,22.0,17.7,62.9,36.4,7.5,10.7,1002.6,14.7,1.0,0,0.65,0.51
2021-01-29,2021,1,29,29,0.0,22.4,16.3,64.1,34.5,9.0,6.2,1008.5,14.7,1.0,0,0.65,0.28
2021-01-30,2021,1,30,30,0.0,24.4,17.4,65.8,54.7,5.4,9.3,1003.9,18.6,1.0,0,0.45,0.22
2021-01-31,2021,1,31,31,0.0,23.0,16.0,66.2,36.9,8.3,5.8,1000.3,15.8,1.0,0,0.45,0.22
2021-02-01,2021,2,1,32,0.0,22.0,16.0,60.2,31.9,7.7,7.2,1006.3,14.4,1.0,0,0.43,0.22
2021-02-02,2021,2,2,33,0.0,22.0,16.9,69.4,40.5,8.2,9.1,1006.6,16.8,1.0,0,0.43,0.2
2021-02-03,2021,2,3,34,0.0,22.0,16.1,66.3,38.1,7.9,12.6,1003.3,15.7,1.0,0,0.0,0.2
2021-02-04,2021,2,4,35,0.0,23.6,18.4,65.0,42.2,7.7,5.0,1002.4,16.8,1.0,0,0.0,0.2
2021-02-05,2021,2,5,36,0.0,23.3,18.0,62.9,34.4,7.7,5.3,1008.7,15.5,1.48,0,0.0,0.2
2021-02-06,2021,2,6,37,0.0,23.8,18.7,61.5,35.3,7.4,12.5,1009.8,15.9,1.0,0,0.0,0.19
2021-02-07,2021,2,7,38,0.0,23.0,17.2,65.4,39.6,5.9,10.5,1006.9,15.6,1.0,0,0.0,0.19
2021-02-08,2021,2,8,39,0.0,22.0,16.3,65.8,41.9,6.9,12.5,1004.6,15.6,1.0,0,0.0,0.19
2021-02-09,2021,2,9,40,2.7,23.2,17.9,74.1,34.2,7.9,11.5,1003.7,18.6,1.0,0,0.39,0.28
2021-02-10,2021,2,10,41,0.0,24.9,16.0,73.0,24.2,9.6,10.8,1005.7,19.4,1.33,0,0.39,0.24
2021-02-11,2021,2,11,42,0.0,23.4,16.9,62.5,17.2,8.5,8.3,1006.2,16.0,1.0,0,0.39,0.24
2021-02-12,2021,2,12,43,1.05,25.8,17.8,61.1,33.8,9.6,6.3,1004.4,17.8,1.48,0,0.54,0.28
2021-02-13,2021,2,13,44,0.92,23.8,16.6,59.6,30.4,8.1,12.5,1004.0,15.1,1.0,0,0.67,0.31
2021-02-14,2021,2,14,45,0.0,26.5,20.3,64.4,19.7,9.4,10.1,1004.0,19.2,1.0,0,0.67,0.31
2021-02-15,2021,2,15,46,0.21,26.7,18.4,59.0,27.8,9.4,11.3,1002.5,19.2,1.0,0,0.7,0.31
2021-02-16,2021,2,16,47,0.0,22.3,16.5,58.2,23.9,9.1,14.5,1005.1,13.4,1.0,0,0.31,0.31
2021-02-17,2021,2,17,48,0.0,22.8,18.8,60.6,21.1,10.1,8.0,1005.6,14.0,1.0,0,0.31,0.31
2021-02-18,2021,2,18,49,0.0,23.2,19.7,60.9,12.5,9.9,10.3,1005.9,14.6,1.0,0,0.31,0.31
2021-02-19,2021,2,19,50,0.0,22.0,16.0,60.3,23.5,8.8,9.9,1004.0,13.9,1.0,0,0.16,0.31
2021-02-20,2021,2,20,51,4.26,24.7,19.4,58.6,30.3,8.5,11.2,1006.7,16.3,1.0,0,0.64,0.46
2021-02-21,2021,2,21,52,0.0,24.8,16.4,62.5,41.4,7.1,11.1,1005.5,16.6,1.0,0,0.64,0.46
2021-02-22,2021,2,22,53,0.0,24.5,17.9,62.3,15.8,10.4,5.0,1007.0,17.0,1.0,0,0.61,0.41
2021-02-23,2021,2,23,54,1.96,22.5,18.2,68.9,26.7,10.1,8.7,1004.7,16.3,1.0,0,0.89,0.48
2021-02-24,2021,2,24,55,0.0,26.8,17.3,57.5,37.9,6.1,6.3,1005.0,17.6,1.2,0,0.89,0.47
2021-02-25,2021,2,25,56,1.75,22.0,17.4,65.3,35.7,9.1,6.2,1006.5,14.3,1.0,0,1.14,0.53
2021-02-26,2021,2,26,57,0.35,22.6,17.2,69.5,35.7,8.5,11.0,1004.2,16.6,1.0,0,1.19,0.44
2021-02-27,2021,2,27,58,0.0,26.0,17.6,56.2,24.1,10.6,10.5,1004.7,16.0,1.0,0,0.58,0.44
2021-02-28,2021,2,28,59,0.0,25.3,17.2,57.6,30.4,9.0,5.8,1004.7,16.4,1.0,0,0.58,0.44
2021-03-01,2021,3,1,60,0.0,24.0,19.8,56.8,17.1,10.6,7.5,1004.6,14.9,1.2,0,0.58,0.44
2021-03-02,2021,3,2,61,0.0,25.1,16.8,63.5,17.4,9.1,12.0,1004.5,18.7,1.0,0,0.3,0.44
2021-03-03,2021,3,3,62,9.08,25.3,20.7,67.1,16.7,11.2,9.0,1003.1,18.4,1.0,0,1.6,0.74
2021-03-04,2021,3,4,63,0.0,27.0,18.5,65.3,25.1,8.4,8.7,1009.4,20.4,1.33,0,1.35,0.74
2021-03-05,2021,3,5,64,10.24,23.5,16.2,66.0,34.0,8.3,11.7,1006.8,16.8,1.0,0,2.76,1.08
2021-03-06,2021,3,6,65,1.03,25.9,19.8,68.9,30.3,10.4,9.9,1004.0,20.3,1.0,0,2.91,1.12
2021-03-07,2021,3,7,66,7.99,27.2,18.4,66.8,41.8,8.2,6.4,1003.8,21.5,1.0,0,4.05,1.38
2021-03-08,2021,3,8,67,0.0,24.2,17.6,66.1,19.1,9.5,14.9,1008.2,17.4,1.01,0,4.05,1.38
2021-03-09,2021,3,9,68,0.0,25.7,18.7,61.6,31.5,8.6,10.1,1007.2,17.6,1.1,0,4.05,1.38
2021-03-10,2021,3,10,69,14.68,25.8,18.2,65.1,29.7,9.4,11.4,1004.4,18.8,1.0,0,4.85,1.87
2021-03-11,2021,3,11,70,2.61,23.6,20.8,61.3,31.3,9.7,10.9,1005.1,14.6,1.28,0,5.22,1.87
2021-03-12,2021,3,12,71,3.17,26.6,18.4,67.7,25.8,8.5,9.0,1004.3,20.2,1.0,0,4.21,1.98
2021-03-13,2021,3,13,72,1.44,26.8,17.8,64.5,23.8,10.2,7.3,1004.9,19.0,1.02,0,4.27,2.02
2021-03-14,2021,3,14,73,12.25,28.7,18.6,68.5,31.1,8.7,6.9,1003.5,22.0,1.0,0,4.88,2.4
2021-03-15,2021,3,15,74,0.0,26.5,18.4,64.5,23.4,8.7,5.0,1003.9,19.0,1.0,0,4.88,2.37
2021-03-16,2021,3,16,75,0.41,27.3,21.0,61.7,33.4,9.2,5.0,1008.5,19.7,1.0,0,4.94,2.38
2021-03-17,2021,3,17,76,5.81,29.0,20.0,74.3,12.4,10.2,10.2,1005.9,24.0,1.0,0,3.67,2.57
2021-03-18,2021,3,18,77,0.0,26.0,18.1,59.4,15.3,9.6,11.7,1006.3,17.2,1.11,0,3.3,2.57
2021-03-19,2021,3,19,78,0.0,25.3,18.7,60.7,15.9,10.5,5.0,1002.2,16.9,1.08,0,2.84,2.57
2021-03-20,2021,3,20,79,0.0,27.4,19.5,58.4,28.0,9.4,5.7,1006.8,18.3,1.29,0,2.64,2.57
2021-03-21,2021,3,21,80,2.71,27.0,17.9,63.5,19.0,10.0,7.0,1000.6,20.2,1.0,0,1.28,2.66
2021-03-22,2021,3,22,81,0.0,27.3,18.9,55.0,19.9,9.0,11.6,1002.6,17.2,1.12,0,1.28,2.52
2021-03-23,2021,3,23,82,0.0,26.9,20.7,55.0,17.3,11.6,8.1,1006.6,17.6,1.47,0,1.22,2.52
2021-03-24,2021,3,24,83,0.0,26.4,22.6,57.5,25.7,10.1,9.1,1006.5,17.1,1.0,0,0.39,2.52
2021-03-25,2021,3,25,84,2.31,29.2,18.3,63.5,21.5,10.4,11.6,1000.7,19.9,1.0,0,0.72,2.53
2021-03-26,2021,3,26,85,30.25,27.9,23.8,73.7,42.9,7.0,9.4,1004.6,21.6,1.0,0,5.04,3.54
2021-03-27,2021,3,27,86,5.71,31.5,21.1,57.6,29.6,8.7,9.7,1007.3,21.7,1.0,0,5.85,3.67
2021-03-28,2021,3,28,87,0.0,26.7,19.4,55.0,35.6,7.3,8.2,1003.2,17.4,1.07,0,5.47,3.66
2021-03-29,2021,3,29,88,6.43,31.4,22.7,60.0,28.9,8.9,8.8,1005.9,22.5,1.0,0,6.39,3.87
2021-03-30,2021,3,30,89,13.82,28.9,21.4,62.6,29.3,8.1,7.6,1003.8,20.5,1.0,0,8.36,4.33
2021-03-31,2021,3,31,90,7.36,28.7,22.1,64.1,38.9,7.6,11.2,1004.8,21.1,1.17,0,9.41,4.58
2021-04-01,2021,4,1,91,10.65,27.1,22.1,65.0,34.8,10.5,8.7,1004.5,20.2,1.28,0,10.6,4.93
2021-04-02,2021,4,2,92,38.25,27.9,22.5,76.7,40.6,10.2,14.1,1002.5,22.9,1.0,0,11.75,5.9
2021-04-03,2021,4,3,93,15.37,30.9,19.8,64.4,24.5,9.7,13.1,1007.2,23.4,1.26,0,13.13,6.42
2021-04-04,2021,4,4,94,8.05,25.2,22.4,58.3,32.3,8.5,5.0,1006.7,16.0,1.0,0,14.28,6.34
2021-04-05,2021,4,5,95,11.64,26.6,21.6,66.1,23.6,10.5,6.1,1007.3,20.4,1.0,0,15.02,6.7
2021-04-06,2021,4,6,96,5.35,27.0,22.3,58.7,25.2,9.4,6.2,1004.7,19.2,1.24,0,13.81,6.61
2021-04-07,2021,4,7,97,16.03,31.3,20.9,62.6,13.9,11.8,8.5,1003.2,23.5,1.35,0,15.05,7.14
2021-04-08,2021,4,8,98,14.27,30.7,21.0,72.7,29.6,9.4,8.2,1004.4,24.7,1.0,0,15.57,7.62
2021-04-09,2021,4,9,99,13.03,28.3,21.2,69.2,40.5,9.2,10.2,1005.9,21.8,1.0,0,11.96,7.56
2021-04-10,2021,4,10,100,7.47,29.3,22.9,61.9,15.4,11.7,7.4,1004.8,21.1,1.0,0,10.83,7.73
2021-04-11,2021,4,11,101,1.63,30.3,22.0,68.4,31.5,8.5,7.5,1005.0,22.8,1.0,0,9.92,7.67
2021-04-12,2021,4,12,102,0.76,31.8,21.5,64.1,5.7,11.4,12.5,1005.1,24.6,1.55,0,8.36,7.65
2021-04-13,2021,4,13,103,19.17,28.9,21.9,69.1,41.3,8.3,9.7,1004.5,21.6,1.01,0,10.34,7.88
2021-04-14,2021,4,14,104,7.84,30.8,23.9,61.3,17.7,11.8,5.3,1004.4,21.6,1.04,0,9.17,8.14
2021-04-15,2021,4,15,105,0.0,30.2,23.1,55.0,18.4,11.8,9.3,1004.1,19.7,1.48,0,7.13,8.13
2021-04-16,2021,4,16,106,0.0,30.7,23.1,57.2,32.6,9.0,8.0,1004.0,20.6,1.0,0,5.27,7.94
2021-04-17,2021,4,17,107,9.99,29.6,23.0,63.0,23.0,9.8,17.9,1003.1,22.3,1.13,0,5.63,8.27
2021-04-18,2021,4,18,108,5.0,31.4,24.1,58.3,30.6,9.7,6.7,1001.8,22.2,1.36,0,6.11,8.44
2021-04-19,2021,4,19,109,0.0,30.1,21.6,61.4,28.1,9.7,9.3,1003.3,21.9,1.22,0,6.0,8.44
2021-04-20,2021,4,20,110,1.21,31.5,24.0,55.0,32.2,9.4,8.0,1008.5,21.7,1.7,0,3.43,8.39
2021-04-21,2021,4,21,111,1.45,33.8,23.1,67.1,34.0,9.0,10.5,1006.0,26.0,1.0,0,2.52,8.43
2021-04-22,2021,4,22,112,2.78,33.2,22.0,60.7,22.7,8.1,6.9,1005.9,24.1,1.33,0,2.92,8.53
2021-04-23,2021,4,23,113,0.0,33.9,23.2,64.2,34.1,9.0,12.5,1004.3,26.0,1.0,0,2.92,8.53
2021-04-24,2021,4,24,114,1.24,32.4,23.0,64.9,27.6,9.5,6.6,1000.8,25.4,1.29,0,1.67,8.49
2021-04-25,2021,4,25,115,0.29,33.7,23.8,56.7,25.0,9.8,16.3,1006.1,23.3,1.0,0,1.0,7.49
2021-04-26,2021,4,26,116,20.19,29.5,24.6,62.0,44.0,8.3,8.3,1003.8,21.8,1.0,0,3.88,7.98
2021-04-27,2021,4,27,117,1.64,29.8,22.3,60.0,26.7,8.6,5.5,1005.9,20.6,1.1,0,3.94,8.03
2021-04-28,2021,4,28,118,1.61,30.9,25.8,64.1,25.2,10.3,5.0,1005.3,23.4,1.0,0,3.96,7.87
2021-04-29,2021,4,29,119,19.09,31.2,21.8,69.6,47.9,7.1,18.2,1000.4,25.0,1.0,0,6.29,8.05
2021-04-30,2021,4,30,120,5.04,34.3,23.0,69.1,30.6,7.9,10.6,1007.9,26.0,1.0,0,7.01,7.97
2021-05-01,2021,5,1,121,3.37,30.6,26.3,65.4,19.5,10.9,11.9,1007.5,22.8,1.28,0,7.32,7.73
2021-05-02,2021,5,2,122,35.5,30.9,22.3,74.7,30.3,9.7,12.3,1006.1,26.0,1.0,0,12.35,7.63
2021-05-03,2021,5,3,123,9.65,32.9,23.4,63.4,28.7,8.1,8.6,1000.3,25.3,1.0,0,10.84,7.44
2021-05-04,2021,5,4,124,1.43,33.4,23.3,62.4,23.2,8.8,13.9,1005.9,24.7,1.16,0,10.81,7.22
2021-05-05,2021,5,5,125,6.09,34.7,21.4,64.7,38.1,7.5,11.4,1006.5,26.0,1.0,0,11.45,7.04
2021-05-06,2021,5,6,126,0.0,33.1,24.3,65.5,24.3,8.7,16.0,1006.2,26.0,1.52,0,8.73,6.86
2021-05-07,2021,5,7,127,15.26,33.3,25.0,72.1,26.6,9.2,18.4,1003.5,26.0,1.0,0,10.19,6.83
2021-05-08,2021,5,8,128,10.54,35.0,25.1,66.8,33.2,9.6,11.4,1005.1,26.0,1.0,0,11.21,6.71
2021-05-09,2021,5,9,129,11.02,32.5,24.0,67.3,21.1,10.8,13.9,1005.4,25.3,1.0,0,7.71,6.64
2021-05-10,2021,5,10,130,0.0,34.1,22.4,65.0,30.2,9.0,5.0,1006.3,26.0,1.0,0,6.33,6.39
2021-05-11,2021,5,11,131,6.9,34.9,24.0,74.6,37.2,7.3,11.4,1002.2,26.0,1.0,0,7.12,6.57
2021-05-12,2021,5,12,132,0.09,33.6,23.8,57.1,25.2,10.1,7.7,1008.0,23.9,1.0,0,6.26,6.55
2021-05-13,2021,5,13,133,8.29,35.6,25.3,64.1,22.6,10.6,10.8,1007.1,26.0,1.13,0,7.44,6.18
2021-05-14,2021,5,14,134,3.38,33.1,24.4,62.4,25.4,9.3,9.9,1006.0,24.6,1.0,0,5.75,6.04
2021-05-15,2021,5,15,135,5.84,36.9,25.6,61.9,30.3,8.5,10.2,1005.8,26.0,1.11,0,5.07,6.23
2021-05-16,2021,5,16,136,3.67,34.2,22.9,63.2,21.9,10.2,15.1,1002.2,26.0,1.0,0,4.02,6.35
2021-05-17,2021,5,17,137,18.11,34.1,26.1,73.2,44.7,7.2,12.9,1002.9,26.0,1.0,0,6.61,6.62
2021-05-18,2021,5,18,138,2.12,32.7,26.0,69.9,40.0,6.8,6.9,1002.2,25.6,1.0,0,5.93,6.53
2021-05-19,2021,5,19,139,2.81,33.3,24.1,67.5,35.8,7.8,10.8,1010.3,26.0,1.0,0,6.32,6.62
2021-05-20,2021,5,20,140,14.6,33.9,24.7,72.1,35.2,8.3,11.2,1004.4,26.0,1.0,0,7.22,7.07
2021-05-21,2021,5,21,141,6.36,33.5,25.2,64.9,33.7,10.0,14.4,1006.0,25.4,1.76,0,7.64,7.23
2021-05-22,2021,5,22,142,0.0,33.5,27.0,55.2,43.6,7.4,8.6,1004.8,23.4,1.37,0,6.81,7.14
2021-05-23,2021,5,23,143,5.25,35.5,25.4,70.0,43.4,7.6,13.3,998.7,26.0,1.19,0,7.04,7.31
2021-05-24,2021,5,24,144,12.79,36.4,26.2,76.8,43.5,8.3,13.4,1001.7,26.0,1.0,0,6.28,7.7
2021-05-25,2021,5,25,145,17.16,36.0,25.9,76.9,52.1,7.4,14.6,1000.8,26.0,1.0,0,8.42,8.26
2021-05-26,2021,5,26,146,0.0,30.9,27.0,66.3,19.0,9.4,7.3,1005.4,24.1,1.48,0,8.02,7.59
2021-05-27,2021,5,27,147,22.5,34.2,26.2,75.2,68.3,5.4,13.0,1001.9,26.0,1.0,0,9.15,8.28
2021-05-28,2021,5,28,148,0.03,37.6,24.6,72.8,31.0,10.5,12.3,1007.4,26.0,1.24,0,8.25,8.23
2021-05-29,2021,5,29,149,4.58,34.0,25.8,66.7,41.7,8.6,9.5,1003.2,26.0,1.0,0,8.9,7.75
2021-05-30,2021,5,30,150,1.73,35.9,27.4,66.6,31.7,9.8,14.1,1005.3,26.0,1.0,0,8.4,7.64
2021-05-31,2021,5,31,151,1.49,34.5,26.7,61.3,28.0,10.1,11.6,1003.4,26.0,1.22,0,6.78,7.57
2021-06-01,2021,6,1,152,207.01,38.0,24.9,84.9,86.9,3.0,27.4,1005.0,26.0,1.0,1,33.91,13.29
2021-06-02,2021,6,2,153,147.92,35.1,28.0,81.2,76.2,5.7,20.0,1004.2,26.0,1.0,1,55.04,17.9
2021-06-03,2021,6,3,154,85.51,37.4,25.7,81.4,74.7,4.4,27.9,1001.0,26.0,1.0,1,64.04,20.7
2021-06-04,2021,6,4,155,178.81,35.4,27.6,86.4,83.1,3.7,23.4,1002.6,26.0,1.0,1,89.58,26.46
2021-06-05,2021,6,5,156,172.4,32.9,28.0,80.9,83.2,3.8,24.0,1001.3,26.0,1.0,1,113.55,32.21
2021-06-06,2021,6,6,157,158.7,37.4,27.9,86.1,85.7,5.0,23.8,1005.5,26.0,1.0,1,135.98,36.99
2021-06-07,2021,6,7,158,95.67,33.8,25.6,86.0,87.6,5.0,26.0,1001.3,26.0,1.0,1,149.43,39.82
2021-06-08,2021,6,8,159,286.68,35.4,28.0,83.3,66.3,4.6,18.5,1004.4,26.0,1.0,1,160.81,49.01
2021-06-09,2021,6,9,160,268.56,38.0,27.1,88.3,77.8,5.1,23.7,1003.2,26.0,1.0,1,178.05,57.97
2021-06-10,2021,6,10,161,37.7,38.0,25.3,80.5,54.7,5.1,13.4,1001.6,26.0,1.0,1,171.22,58.99
2021-06-11,2021,6,11,162,171.03,37.0,26.8,88.2,93.4,3.8,24.0,1005.8,26.0,1.0,1,170.11,64.69
2021-06-12,2021,6,12,163,79.71,35.7,25.7,82.2,82.4,3.6,24.6,1002.4,26.0,1.0,1,156.86,67.07
2021-06-13,2021,6,13,164,203.31,37.2,27.5,88.2,91.2,3.7,27.2,1000.0,26.0,1.0,1,163.24,73.74
2021-06-14,2021,6,14,165,61.28,35.2,28.0,82.8,64.7,6.5,26.2,1002.9,26.0,1.0,1,158.32,75.58
2021-06-15,2021,6,15,166,65.62,36.6,28.0,86.1,66.0,4.9,22.1,1001.4,26.0,1.0,1,126.74,77.65
2021-06-16,2021,6,16,167,259.18,38.0,27.0,88.1,74.1,5.8,20.0,1006.4,26.0,1.0,1,125.4,85.68
2021-06-17,2021,6,17,168,84.0,37.7,26.1,84.4,84.0,3.5,25.2,1004.4,26.0,1.0,1,132.02,88.41
2021-06-18,2021,6,18,169,181.38,35.3,25.7,85.4,74.8,3.4,20.1,1005.1,26.0,1.0,1,133.5,94.37
2021-06-19,2021,6,19,170,214.58,38.0,28.0,86.6,94.1,3.3,19.9,999.8,26.0,1.0,1,152.76,101.03
2021-06-20,2021,6,20,171,71.25,35.0,28.0,86.6,74.5,5.3,22.5,1005.9,26.0,1.0,1,133.9,103.19
2021-06-21,2021,6,21,172,167.31,34.7,27.9,90.2,86.8,4.6,20.8,1002.1,26.0,1.0,1,149.05,108.77
2021-06-22,2021,6,22,173,138.52,38.0,26.3,89.0,88.5,2.6,22.6,1000.8,26.0,1.0,1,159.46,113.21
2021-06-23,2021,6,23,174,215.88,36.5,26.6,76.4,75.1,3.2,27.7,1004.2,26.0,1.0,1,153.27,119.98
2021-06-24,2021,6,24,175,140.75,38.0,26.7,92.0,100.0,2.1,24.3,1001.8,26.0,1.0,1,161.38,124.1
2021-06-25,2021,6,25,176,263.01,36.1,25.6,90.6,84.2,3.8,29.0,1001.5,26.0,1.0,1,173.04,132.87
2021-06-26,2021,6,26,177,100.45,38.0,28.0,93.4,93.0,2.3,28.9,1004.9,26.0,1.0,1,156.74,135.47
2021-06-27,2021,6,27,178,374.99,38.0,27.3,92.9,100.0,1.8,27.3,999.4,26.0,1.0,1,200.13,147.97
2021-06-28,2021,6,28,179,211.82,38.0,28.0,88.0,78.0,4.4,25.5,1001.4,26.0,1.0,1,206.49,154.88
2021-06-29,2021,6,29,180,499.06,37.4,26.3,85.3,81.8,2.7,28.0,1003.5,26.0,1.0,1,257.99,171.45
2021-06-30,2021,6,30,181,281.81,37.0,27.3,97.5,95.1,2.3,32.6,1003.4,26.0,1.0,1,267.41,180.8
2021-07-01,2021,7,1,182,199.04,37.1,26.0,95.6,98.4,3.1,28.5,999.4,26.0,1.0,1,275.74,180.53
2021-07-02,2021,7,2,183,258.2,35.5,27.1,93.8,100.0,3.5,27.1,1003.8,26.0,1.0,1,275.05,184.21
2021-07-03,2021,7,3,184,376.1,38.0,28.0,87.8,96.9,1.7,27.3,1003.7,26.0,1.0,1,314.43,193.89
2021-07-04,2021,7,4,185,96.13,38.0,27.6,85.5,97.8,2.7,28.0,1000.7,26.0,1.0,1,274.59,191.14
2021-07-05,2021,7,5,186,217.33,37.6,26.4,89.8,100.0,3.8,28.1,998.3,26.0,1.0,1,275.38,192.64
2021-07-06,2021,7,6,187,157.09,38.0,25.8,95.2,100.0,3.1,29.0,1000.0,26.0,1.0,1,226.53,192.58
2021-07-07,2021,7,7,188,214.38,37.3,27.2,82.4,84.4,4.3,23.4,1004.7,26.0,1.0,1,216.9,196.54
2021-07-08,2021,7,8,189,257.29,36.2,27.8,89.4,95.2,1.9,32.0,1002.3,26.0,1.0,1,225.22,195.56
2021-07-09,2021,7,9,190,300.0,36.0,28.0,98.0,100.0,3.6,28.2,1000.7,26.0,1.0,1,231.19,196.61
2021-07-10,2021,7,10,191,182.81,37.1,26.7,91.4,100.0,2.0,32.0,1004.3,26.0,1.0,1,203.58,201.44
2021-07-11,2021,7,11,192,380.45,37.4,26.7,93.2,100.0,1.9,21.5,1001.3,26.0,1.0,1,244.19,208.42
2021-07-12,2021,7,12,193,117.33,38.0,28.0,92.9,100.0,2.9,23.2,1004.5,26.0,1.0,1,229.91,209.68
2021-07-13,2021,7,13,194,120.5,38.0,27.6,98.0,100.0,2.2,32.4,1002.4,26.0,1.0,1,224.68,206.92
2021-07-14,2021,7,14,195,35.18,38.0,28.0,87.9,81.9,4.6,22.3,999.3,26.0,1.13,1,199.08,206.05
2021-07-15,2021,7,15,196,60.68,38.0,26.1,84.9,100.0,3.1,24.7,1004.1,26.0,1.15,1,170.99,205.88
2021-07-16,2021,7,16,197,174.18,35.6,28.0,98.0,100.0,3.0,27.6,1002.7,26.0,1.0,1,153.02,203.05
2021-07-17,2021,7,17,198,420.3,35.7,28.0,90.3,95.3,2.5,29.4,1003.6,26.0,1.0,1,186.95,214.26
2021-07-18,2021,7,18,199,35.45,36.3,27.6,84.2,90.0,4.9,29.8,1002.0,26.0,1.0,1,137.66,209.4
2021-07-19,2021,7,19,200,669.27,37.4,25.4,98.0,94.9,5.8,21.2,1000.6,26.0,1.0,1,216.51,224.55
2021-07-20,2021,7,20,201,441.73,36.7,26.4,98.0,100.0,2.5,26.4,1004.3,26.0,1.0,1,262.4,236.9
2021-07-21,2021,7,21,202,466.49,38.0,27.9,94.1,100.0,3.4,26.8,1003.4,26.0,1.0,1,324.01,246.87
2021-07-22,2021,7,22,203,186.68,38.0,25.6,98.0,100.0,2.8,33.8,1001.8,26.0,1.0,1,342.01,248.48
2021-07-23,2021,7,23,204,201.26,36.0,28.0,98.0,100.0,2.3,34.3,1002.7,26.0,1.0,1,345.88,247.99
2021-07-24,2021,7,24,205,116.14,35.3,28.0,93.2,100.0,2.6,29.8,1001.1,26.0,1.0,1,302.43,247.17
2021-07-25,2021,7,25,206,45.16,38.0,25.6,93.9,93.6,2.6,27.6,1003.1,26.0,1.0,1,303.82,239.91
2021-07-26,2021,7,26,207,163.11,38.0,27.7,96.2,100.0,1.8,28.9,1004.4,26.0,1.0,1,231.51,242.0
2021-07-27,2021,7,27,208,42.4,36.9,27.5,90.6,87.0,3.1,28.9,1007.9,26.0,1.0,1,174.46,230.91
2021-07-28,2021,7,28,209,62.97,38.0,28.0,95.5,97.9,2.9,29.5,1002.6,26.0,1.0,1,116.82,225.95
2021-07-29,2021,7,29,210,162.75,38.0,24.3,98.0,100.0,3.0,30.1,1004.2,26.0,1.0,1,113.4,214.74
2021-07-30,2021,7,30,211,24.77,36.7,27.5,87.3,96.0,2.9,15.5,1004.0,26.0,1.0,1,88.19,206.17
2021-07-31,2021,7,31,212,58.58,38.0,25.8,98.0,88.2,3.5,26.9,1003.1,26.0,1.0,1,79.96,201.49
2021-08-01,2021,8,1,213,85.38,38.0,27.7,89.8,100.0,3.0,30.2,1001.8,26.0,1.0,1,85.71,195.73
2021-08-02,2021,8,2,214,140.61,38.0,25.9,98.0,100.0,1.4,31.3,1000.8,26.0,1.0,1,82.49,187.88
2021-08-03,2021,8,3,215,422.16,38.0,28.0,95.6,100.0,1.6,31.8,1001.5,26.0,1.0,1,136.75,198.75
2021-08-04,2021,8,4,216,181.14,35.9,27.5,98.0,100.0,2.3,30.5,1002.1,26.0,1.0,1,153.63,197.54
2021-08-05,2021,8,5,217,114.44,37.3,24.9,92.1,100.0,1.7,30.3,1001.6,26.0,1.0,1,146.73,196.12
2021-08-06,2021,8,6,218,75.15,38.0,24.0,96.9,100.0,3.3,33.9,999.9,26.0,1.0,1,153.92,191.48
2021-08-07,2021,8,7,219,123.72,36.5,27.6,95.8,100.0,1.4,27.2,1003.6,26.0,1.0,1,163.23,187.03
2021-08-08,2021,8,8,220,79.01,36.1,26.1,96.2,100.0,1.9,29.1,1000.5,26.0,1.0,1,162.32,179.66
2021-08-09,2021,8,9,221,185.94,37.1,27.6,95.1,100.0,2.0,30.8,1004.3,26.0,1.0,1,168.79,179.76
2021-08-10,2021,8,10,222,210.71,34.5,26.0,98.0,100.0,2.6,29.5,1001.5,26.0,1.0,1,138.59,174.11
2021-08-11,2021,8,11,223,81.25,37.3,28.0,98.0,100.0,2.0,33.7,999.8,26.0,1.0,1,124.32,172.9
2021-08-12,2021,8,12,224,83.24,34.3,27.9,92.5,100.0,1.2,29.7,1000.3,26.0,1.0,1,119.86,171.66
2021-08-13,2021,8,13,225,479.73,38.0,27.2,98.0,100.0,2.8,31.1,1002.5,26.0,1.0,1,177.66,186.48
2021-08-14,2021,8,14,226,220.74,34.2,25.5,94.3,100.0,2.3,35.0,1002.4,26.0,1.0,1,191.52,191.82
2021-08-15,2021,8,15,227,115.38,37.8,25.9,98.0,100.0,1.9,35.0,1000.0,26.0,1.0,1,196.71,189.86
2021-08-16,2021,8,16,228,163.44,35.4,26.2,98.0,100.0,2.7,32.4,1001.2,26.0,1.0,1,193.5,181.29
2021-08-17,2021,8,17,229,546.06,34.8,25.2,97.8,100.0,3.3,32.7,1003.6,26.0,1.0,1,241.41,198.31
2021-08-18,2021,8,18,230,430.82,36.3,27.2,98.0,100.0,2.6,31.0,1002.9,26.0,1.0,1,291.34,190.37
2021-08-19,2021,8,19,231,80.53,36.6,25.9,97.4,100.0,2.0,35.0,1001.5,26.0,1.0,1,290.96,178.33
2021-08-20,2021,8,20,232,145.26,36.2,26.1,98.0,100.0,2.6,33.3,1005.0,26.0,1.0,1,243.18,167.62
2021-08-21,2021,8,21,233,178.71,36.5,25.6,98.0,100.0,1.1,35.0,997.9,26.0,1.0,1,237.17,167.35
2021-08-22,2021,8,22,234,178.74,37.0,26.1,98.0,100.0,2.2,33.7,1000.2,26.0,1.0,1,246.22,166.6
2021-08-23,2021,8,23,235,153.04,32.8,26.3,98.0,100.0,2.2,33.3,1000.5,26.0,1.0,1,244.74,167.83
2021-08-24,2021,8,24,236,301.63,35.9,25.4,98.0,100.0,1.7,27.5,1004.6,26.0,1.0,1,209.82,176.38
2021-08-25,2021,8,25,237,129.41,33.6,25.7,98.0,100.0,3.5,30.2,1003.8,26.0,1.0,1,166.76,175.26
2021-08-26,2021,8,26,238,64.34,33.6,25.3,98.0,100.0,1.8,30.3,1007.2,26.0,1.0,1,164.45,175.99
2021-08-27,2021,8,27,239,108.92,33.8,25.3,98.0,100.0,2.7,28.5,1003.4,26.0,1.0,1,159.26,177.52
2021-08-28,2021,8,28,240,25.03,32.4,25.8,98.0,100.0,2.1,23.2,1002.3,26.0,1.0,1,137.3,172.93
2021-08-29,2021,8,29,241,148.79,35.2,22.6,98.0,100.0,1.2,34.5,1006.6,26.0,1.0,1,133.02,177.06
2021-08-30,2021,8,30,242,100.53,32.5,27.3,98.0,100.0,1.1,29.7,1000.4,26.0,1.0,1,125.52,178.46
2021-08-31,2021,8,31,243,158.04,35.6,26.4,98.0,100.0,1.7,35.0,1000.8,26.0,1.0,1,105.01,180.88
2021-09-01,2021,9,1,244,118.88,37.2,25.6,97.2,100.0,2.4,35.0,999.6,26.0,1.0,1,103.5,180.16
2021-09-02,2021,9,2,245,42.14,37.2,26.4,98.0,100.0,0.7,28.9,1003.8,26.0,1.0,1,100.33,167.49
2021-09-03,2021,9,3,246,332.25,33.1,23.7,98.0,100.0,1.1,32.9,1002.6,26.0,1.0,1,132.24,172.53
2021-09-04,2021,9,4,247,160.13,32.8,23.1,98.0,100.0,1.6,35.0,1002.1,26.0,1.0,1,151.54,174.05
2021-09-05,2021,9,5,248,78.62,35.6,22.9,96.8,100.0,2.0,35.0,1002.6,26.0,1.0,1,141.51,174.17
2021-09-06,2021,9,6,249,41.86,34.4,25.6,97.9,100.0,2.2,26.9,1002.4,26.0,1.0,1,133.13,171.44
2021-09-07,2021,9,7,250,28.1,34.1,25.1,98.0,100.0,1.9,25.0,999.2,26.0,1.0,1,114.57,169.74
2021-09-08,2021,9,8,251,43.13,32.2,25.3,98.0,100.0,1.7,27.6,1005.2,26.0,1.0,1,103.75,164.98
2021-09-09,2021,9,9,252,123.7,34.2,25.9,98.0,100.0,1.1,35.0,1001.1,26.0,1.0,1,115.4,162.08
2021-09-10,2021,9,10,253,112.27,35.2,21.9,98.0,100.0,2.3,31.8,1003.2,26.0,1.0,1,83.97,163.12
2021-09-11,2021,9,11,254,107.81,32.6,23.2,96.7,100.0,2.2,35.0,1001.0,26.0,1.0,1,76.5,163.93
2021-09-12,2021,9,12,255,147.29,34.3,23.8,98.0,100.0,3.1,34.7,1001.4,26.0,1.0,1,86.31,152.85
2021-09-13,2021,9,13,256,174.53,33.8,25.3,98.0,100.0,2.1,35.0,1001.7,26.0,1.0,1,105.26,151.31
2021-09-14,2021,9,14,257,200.51,32.4,24.6,98.0,100.0,1.9,33.1,1002.5,26.0,1.0,1,129.89,154.15
2021-09-15,2021,9,15,258,177.49,33.2,27.5,98.0,100.0,1.2,33.6,1004.2,26.0,1.0,1,149.09,154.62
2021-09-16,2021,9,16,259,111.12,31.6,22.9,98.0,100.0,2.0,35.0,1001.3,26.0,1.0,1,147.29,140.12
2021-09-17,2021,9,17,260,150.93,34.3,24.7,98.0,100.0,1.5,30.8,1001.5,26.0,1.0,1,152.81,130.79
2021-09-18,2021,9,18,261,117.8,31.3,25.2,98.0,100.0,1.7,32.1,1001.4,26.0,1.0,1,154.24,132.03
2021-09-19,2021,9,19,262,42.55,31.9,25.7,96.8,100.0,2.2,21.3,1000.9,26.0,1.0,1,139.28,128.61
2021-09-20,2021,9,20,263,157.93,34.0,23.6,98.0,100.0,2.3,35.0,1003.1,26.0,1.0,1,136.9,127.92
2021-09-21,2021,9,21,264,103.95,31.7,22.2,98.0,100.0,1.7,34.6,1005.0,26.0,1.0,1,123.11,125.42
2021-09-22,2021,9,22,265,122.13,31.0,24.4,98.0,100.0,2.4,34.4,1003.2,26.0,1.0,1,115.2,124.39
2021-09-23,2021,9,23,266,50.7,32.5,23.9,98.0,100.0,1.1,32.8,1002.0,26.0,1.0,1,106.57,116.03
2021-09-24,2021,9,24,267,196.17,34.8,24.2,98.0,100.0,3.8,33.9,1005.8,26.0,1.0,1,113.03,118.25
2021-09-25,2021,9,25,268,148.63,33.7,25.0,98.0,100.0,1.1,32.7,1000.9,26.0,1.0,1,117.44,121.06
2021-09-26,2021,9,26,269,28.35,32.8,23.0,98.0,100.0,1.3,27.1,1002.6,26.0,1.0,1,115.41,118.38
2021-09-27,2021,9,27,270,62.63,33.2,21.9,98.0,100.0,0.0,35.0,1005.4,26.0,1.0,1,101.79,119.63
2021-09-28,2021,9,28,271,24.53,32.3,23.8,98.0,100.0,0.6,26.5,999.8,26.0,1.0,1,90.45,115.49
2021-09-29,2021,9,29,272,141.16,31.8,23.4,98.0,100.0,1.7,35.0,1001.9,26.0,1.0,1,93.17,116.84
2021-09-30,2021,9,30,273,47.34,32.7,22.5,98.0,100.0,1.7,28.4,1003.2,26.0,1.0,1,92.69,113.15
2021-10-01,2021,10,1,274,24.85,31.7,21.6,98.0,100.0,1.8,26.4,1002.9,26.0,1.0,1,68.21,110.02
2021-10-02,2021,10,2,275,32.41,31.0,23.1,98.0,100.0,2.2,31.3,1001.5,26.0,1.0,1,51.61,109.7
2021-10-03,2021,10,3,276,14.17,31.2,23.7,98.0,100.0,2.4,22.2,1006.2,26.0,1.0,1,49.58,99.09
2021-10-04,2021,10,4,277,20.88,31.3,20.6,98.0,91.6,2.9,24.5,1001.4,26.0,1.0,1,43.62,94.45
2021-10-05,2021,10,5,278,8.01,31.1,22.5,94.9,93.2,2.1,29.1,1002.2,26.0,1.0,1,41.26,92.1
2021-10-06,2021,10,6,279,19.43,31.0,23.0,98.0,98.4,1.2,26.2,1002.1,26.0,1.0,1,23.87,91.35
2021-10-07,2021,10,7,280,62.4,28.9,24.4,98.0,100.0,1.7,27.8,1000.2,26.0,1.0,1,26.02,92.49
2021-10-08,2021,10,8,281,17.02,29.9,22.2,95.7,100.0,1.2,31.8,999.4,26.0,1.0,1,24.9,91.62
2021-10-09,2021,10,9,282,17.06,28.2,23.9,98.0,100.0,2.9,22.4,1004.2,26.0,1.0,1,22.71,88.07
2021-10-10,2021,10,10,283,32.34,30.3,23.0,96.7,100.0,1.9,19.6,1002.5,26.0,1.0,1,25.31,85.4
2021-10-11,2021,10,11,284,23.23,30.3,22.9,98.0,100.0,1.4,24.4,1001.4,26.0,1.0,1,25.64,82.58
2021-10-12,2021,10,12,285,14.38,31.6,20.8,94.5,100.0,0.8,21.7,1005.1,26.0,1.0,1,26.55,78.15
2021-10-13,2021,10,13,286,82.92,30.0,24.6,98.0,100.0,2.2,35.0,1002.7,26.0,1.0,1,35.62,75.1
2021-10-14,2021,10,14,287,7.49,28.8,21.6,90.3,100.0,2.0,28.0,1003.3,26.0,1.0,1,27.78,68.67
2021-10-15,2021,10,15,288,8.91,28.6,21.7,97.1,92.1,2.8,23.8,1001.8,26.0,1.0,1,26.62,63.05
2021-10-16,2021,10,16,289,24.28,30.1,21.4,93.5,100.0,1.4,27.6,1001.8,26.0,1.0,1,27.65,60.15
2021-10-17,2021,10,17,290,8.1,27.9,22.8,88.9,95.5,0.8,24.1,1003.3,26.0,1.0,1,24.19,55.39
2021-10-18,2021,10,18,291,30.38,29.1,23.5,98.0,94.7,2.7,31.0,1004.2,26.0,1.0,1,25.21,52.48
2021-10-19,2021,10,19,292,28.94,30.1,21.9,93.1,100.0,2.1,26.0,1001.2,26.0,1.0,1,27.29,52.02
2021-10-20,2021,10,20,293,32.18,31.6,20.5,98.0,100.0,1.2,22.6,1002.8,26.0,1.0,1,20.04,47.83
2021-10-21,2021,10,21,294,2.76,30.2,22.9,81.9,97.0,2.7,22.3,1004.2,26.0,1.0,1,19.36,44.46
2021-10-22,2021,10,22,295,21.5,27.5,19.3,98.0,97.0,2.6,17.1,1001.1,26.0,1.0,1,21.16,41.1
2021-10-23,2021,10,23,296,65.02,27.0,19.9,98.0,100.0,2.8,29.9,1002.9,26.0,1.0,1,26.98,41.58
2021-10-24,2021,10,24,297,7.73,29.0,19.0,98.0,100.0,2.2,21.1,1004.2,26.0,1.0,1,26.93,35.3
2021-10-25,2021,10,25,298,3.2,27.6,20.1,82.2,94.6,2.3,18.8,1003.3,24.4,1.0,1,23.05,30.45
2021-10-26,2021,10,26,299,21.34,25.5,21.6,93.4,100.0,2.5,28.4,1001.5,24.4,1.0,1,21.96,30.22
2021-10-27,2021,10,27,300,13.2,31.5,20.1,95.6,100.0,1.9,23.1,1001.5,26.0,1.0,1,19.25,28.57
2021-10-28,2021,10,28,301,23.15,27.8,20.3,95.9,99.0,2.3,26.9,1004.5,26.0,1.0,1,22.16,28.53
2021-10-29,2021,10,29,302,23.92,29.2,20.6,94.2,100.0,0.5,24.8,1005.2,26.0,1.0,1,22.51,24.62
2021-10-30,2021,10,30,303,23.64,26.7,19.8,88.9,100.0,2.1,26.0,1002.0,25.1,1.0,1,16.6,23.83
2021-10-31,2021,10,31,304,18.8,27.1,18.6,96.3,99.9,1.6,21.5,1003.9,26.0,1.0,1,18.18,23.63
2021-11-01,2021,11,1,305,42.31,27.2,17.9,98.0,100.0,2.2,27.9,1000.8,26.0,1.0,1,23.77,23.96
2021-11-02,2021,11,2,306,63.31,26.4,21.4,97.6,100.0,1.8,35.0,1001.8,25.9,1.0,1,29.76,25.59
2021-11-03,2021,11,3,307,5.37,25.6,18.9,90.0,98.9,1.9,18.6,1005.5,23.7,1.0,1,28.64,25.08
2021-11-04,2021,11,4,308,3.73,29.9,18.8,90.3,90.4,2.5,27.6,1003.2,26.0,1.0,1,25.87,24.93
2021-11-05,2021,11,5,309,57.33,27.0,17.7,98.0,100.0,0.5,34.0,1001.6,26.0,1.0,1,30.64,26.2
2021-11-06,2021,11,6,310,1.9,24.0,19.3,87.5,85.6,3.2,20.7,1002.5,22.0,1.0,1,27.54,24.18
2021-11-07,2021,11,7,311,7.47,26.4,20.0,85.8,88.2,3.1,24.2,1003.0,22.9,1.0,1,25.92,23.86
2021-11-08,2021,11,8,312,10.65,24.0,18.8,85.4,75.0,4.1,23.7,1004.7,21.8,1.0,1,21.39,23.65
2021-11-09,2021,11,9,313,11.78,24.7,19.6,97.2,98.1,2.3,19.3,1004.3,23.1,1.0,1,14.03,22.96
2021-11-10,2021,11,10,314,11.7,26.0,16.7,90.5,74.7,3.9,23.5,1002.2,24.3,1.0,1,14.94,22.58
2021-11-11,2021,11,11,315,24.69,26.6,19.2,96.6,98.2,1.1,24.3,1000.2,25.8,1.0,1,17.93,22.92
2021-11-12,2021,11,12,316,8.51,22.0,18.5,91.2,92.4,2.2,20.2,1004.9,20.1,1.0,1,10.96,20.44
2021-11-13,2021,11,13,317,5.51,28.1,17.1,84.3,85.2,3.8,23.9,1000.7,24.1,1.0,1,11.47,20.38
2021-11-14,2021,11,14,318,18.43,24.4,16.8,87.1,79.4,3.2,21.1,1004.6,22.0,1.0,1,13.04,20.69
2021-11-15,2021,11,15,319,21.69,25.0,17.7,90.5,98.8,2.2,21.9,1005.7,23.2,1.0,1,14.62,20.61
2021-11-16,2021,11,16,320,10.0,27.5,17.2,90.2,100.0,1.7,17.9,1005.7,25.2,1.0,1,14.36,20.67
2021-11-17,2021,11,17,321,224.75,27.6,19.0,96.5,100.0,1.4,30.9,1003.4,26.0,1.0,1,44.8,27.15
2021-11-18,2021,11,18,322,30.96,24.0,19.0,92.4,94.9,2.7,29.5,1003.0,22.4,1.0,1,45.69,27.22
2021-11-19,2021,11,19,323,40.04,26.5,18.6,87.4,92.8,2.1,23.8,1002.0,24.4,1.0,1,50.2,27.48
2021-11-20,2021,11,20,324,49.47,25.0,18.8,96.2,91.6,2.7,30.0,1001.2,24.5,1.0,1,56.48,29.04
2021-11-21,2021,11,21,325,34.47,28.6,16.4,94.6,99.6,2.6,24.4,1001.9,26.0,1.0,1,58.77,29.47
2021-11-22,2021,11,22,326,29.88,23.5,18.8,93.3,100.0,2.9,24.5,1000.0,22.9,1.0,1,59.94,28.3
2021-11-23,2021,11,23,327,15.83,26.9,18.9,85.7,83.8,2.6,16.7,999.4,23.3,1.0,1,60.77,28.57
2021-11-24,2021,11,24,328,2.79,23.5,18.4,80.8,85.1,3.6,22.6,1003.0,19.7,1.0,1,29.06,28.55
2021-11-25,2021,11,25,329,6.53,22.6,17.9,81.7,57.8,6.8,18.7,1003.8,18.9,1.0,1,25.57,28.06
2021-11-26,2021,11,26,330,16.49,23.7,17.0,87.6,76.9,5.1,22.1,1001.3,21.5,1.0,1,22.21,28.17
2021-11-27,2021,11,27,331,31.38,22.0,18.3,89.6,94.2,1.9,24.9,1002.2,20.7,1.0,1,19.62,28.44
2021-11-28,2021,11,28,332,27.37,22.6,17.3,97.1,79.7,3.1,25.0,1002.7,22.8,1.0,1,18.61,28.56
2021-11-29,2021,11,29,333,20.53,23.4,18.8,96.9,82.8,3.7,20.8,1005.4,22.5,1.0,1,17.27,28.46
2021-11-30,2021,11,30,334,12.14,23.4,18.0,90.7,77.5,4.2,14.2,1002.9,21.9,1.0,1,16.75,28.23
2021-12-01,2021,12,1,335,0.0,25.1,17.4,82.2,79.1,2.7,22.9,1004.6,22.4,1.0,0,16.35,26.82
2021-12-02,2021,12,2,336,0.06,24.9,17.1,80.4,74.6,4.6,23.1,1002.9,20.6,1.0,0,15.42,24.72
2021-12-03,2021,12,3,337,1.38,23.5,17.3,78.7,68.1,5.4,15.6,1004.8,18.5,1.0,0,13.27,24.58
2021-12-04,2021,12,4,338,0.0,22.0,17.2,81.4,68.9,4.9,19.5,1006.0,18.9,1.0,0,8.78,24.46
2021-12-05,2021,12,5,339,0.0,22.0,17.3,80.3,63.6,5.3,17.6,1006.3,18.8,1.0,0,4.87,22.55
2021-12-06,2021,12,6,340,0.0,22.5,16.0,76.5,70.0,4.0,22.3,1004.7,17.9,1.0,0,1.94,22.48
2021-12-07,2021,12,7,341,0.78,22.0,17.6,77.6,73.8,3.1,17.2,1004.3,18.4,1.0,0,0.32,22.26
2021-12-08,2021,12,8,342,0.0,22.3,17.4,72.4,73.1,4.3,15.4,1003.6,17.8,1.0,0,0.32,21.91
2021-12-09,2021,12,9,343,0.0,25.5,16.0,75.9,81.5,3.5,14.3,1005.1,21.0,1.0,0,0.31,21.51
2021-12-10,2021,12,10,344,0.43,22.1,17.4,81.5,74.8,2.7,17.9,1006.8,18.9,1.0,0,0.17,21.14
2021-12-11,2021,12,11,345,3.31,22.0,17.1,85.1,64.2,5.4,17.8,1006.2,18.9,1.0,0,0.65,20.42
2021-12-12,2021,12,12,346,3.78,22.9,16.0,83.1,75.5,4.6,23.8,1005.2,20.3,1.0,0,1.19,20.27
2021-12-13,2021,12,13,347,5.55,22.1,17.7,79.5,58.1,6.0,12.7,1004.9,18.5,1.0,0,1.98,20.27
2021-12-14,2021,12,14,348,0.0,23.7,18.5,72.0,62.2,5.9,13.9,1005.2,19.1,1.0,0,1.87,19.65
2021-12-15,2021,12,15,349,0.18,23.1,16.2,73.8,64.7,5.1,13.2,1002.8,17.6,1.0,0,1.89,18.94
2021-12-16,2021,12,16,350,0.0,25.4,17.0,80.0,72.7,4.0,12.0,1007.1,21.8,1.0,0,1.89,18.6
2021-12-17,2021,12,17,351,0.32,22.2,18.3,79.7,71.8,5.3,13.5,1006.3,18.9,1.0,0,1.88,11.12
2021-12-18,2021,12,18,352,0.0,25.5,16.0,75.1,61.4,5.8,19.1,1002.3,21.4,1.0,0,1.4,10.09
2021-12-19,2021,12,19,353,0.28,23.6,19.0,76.0,63.0,4.4,7.9,1004.5,19.0,1.0,0,0.9,8.76
2021-12-20,2021,12,20,354,0.0,23.3,16.8,84.9,74.2,3.2,15.9,1003.1,20.4,1.0,0,0.11,7.12
2021-12-21,2021,12,21,355,1.08,22.0,17.6,70.4,50.4,7.5,21.0,1008.9,16.5,1.0,0,0.27,6.0
2021-12-22,2021,12,22,356,0.0,22.0,16.0,76.7,71.0,3.9,15.6,1002.4,18.2,1.0,0,0.24,5.01
2021-12-23,2021,12,23,357,0.0,22.0,16.0,71.6,62.5,4.9,13.7,1005.3,16.4,1.0,0,0.24,4.48
2021-12-24,2021,12,24,358,0.0,22.6,16.0,71.5,43.2,7.0,14.8,1006.2,16.9,1.0,0,0.19,4.39
2021-12-25,2021,12,25,359,3.46,23.4,16.0,79.2,64.9,6.4,14.9,1002.1,20.0,1.0,0,0.69,4.28
2021-12-26,2021,12,26,360,0.0,23.0,16.0,82.4,71.3,2.8,17.5,1006.9,19.8,1.0,0,0.65,3.73
2021-12-27,2021,12,27,361,0.0,22.2,16.0,77.9,75.9,4.2,13.7,1003.2,17.5,1.0,0,0.65,2.69
2021-12-28,2021,12,28,362,0.0,23.5,16.0,81.4,56.9,7.0,12.8,1003.0,20.1,1.0,0,0.49,1.78
2021-12-29,2021,12,29,363,0.0,23.9,16.0,67.1,57.7,6.4,13.1,1006.4,17.3,1.0,0,0.49,1.09
2021-12-30,2021,12,30,364,0.0,22.0,18.3,76.6,62.3,5.5,22.3,1004.6,18.3,1.0,0,0.49,0.69
2021-12-31,2021,12,31,365,0.0,22.9,17.2,78.0,62.4,4.6,15.4,1002.7,18.5,1.0,0,0.49,0.69
2022-01-01,2022,1,1,1,0.0,22.6,16.0,73.1,53.3,6.0,19.9,1003.0,17.7,1.0,0,0.0,0.68
2022-01-02,2022,1,2,2,0.0,23.3,17.1,77.2,56.0,6.0,19.9,1002.7,19.2,1.0,0,0.0,0.64
2022-01-03,2022,1,3,3,0.0,22.5,16.8,83.9,56.5,5.7,14.7,1003.3,19.7,1.0,0,0.0,0.64
2022-01-04,2022,1,4,4,0.0,22.4,16.0,73.9,55.8,6.6,15.0,1003.7,18.3,1.0,0,0.0,0.64
2022-01-05,2022,1,5,5,0.0,22.0,16.9,71.5,56.5,7.4,14.1,1008.1,17.5,1.0,0,0.0,0.64
2022-01-06,2022,1,6,6,0.0,22.3,16.0,77.4,47.8,6.9,16.7,1008.5,18.5,1.0,0,0.0,0.61
2022-01-07,2022,1,7,7,0.34,22.0,17.2,77.2,57.7,6.3,15.6,1004.4,17.7,1.0,0,0.05,0.62
2022-01-08,2022,1,8,8,0.0,22.0,16.0,71.2,53.8,6.1,15.2,1002.8,16.7,1.0,0,0.05,0.62
2022-01-09,2022,1,9,9,0.0,22.5,17.1,69.8,49.6,6.1,13.2,1008.4,17.1,1.0,0,0.05,0.61
2022-01-10,2022,1,10,10,0.0,22.0,17.7,76.2,46.5,7.3,7.3,1006.3,17.7,1.0,0,0.05,0.5
2022-01-11,2022,1,11,11,0.0,22.0,16.9,69.8,39.3,6.6,11.1,1006.0,16.4,1.0,0,0.05,0.37
2022-01-12,2022,1,12,12,0.97,22.0,16.0,71.6,36.0,8.4,12.7,1003.6,15.9,1.0,0,0.19,0.22
2022-01-13,2022,1,13,13,0.64,22.0,19.4,72.6,38.5,6.8,14.7,1004.7,17.3,1.0,0,0.28,0.24
2022-01-14,2022,1,14,14,0.0,24.1,17.1,70.1,36.1,8.6,15.3,1003.3,19.2,1.0,0,0.23,0.24
2022-01-15,2022,1,15,15,0.0,24.5,16.1,70.6,51.4,5.5,6.5,1004.2,19.1,1.0,0,0.23,0.24
2022-01-16,2022,1,16,16,1.64,22.0,17.2,67.8,24.7,9.6,11.4,1008.6,15.9,1.0,0,0.46,0.28
2022-01-17,2022,1,17,17,0.0,23.6,19.0,72.3,47.4,8.1,15.1,1007.5,20.1,1.0,0,0.46,0.28
2022-01-18,2022,1,18,18,0.0,22.0,16.0,68.2,33.6,7.9,11.2,1002.1,15.4,1.0,0,0.46,0.27
2022-01-19,2022,1,19,19,0.0,22.0,17.8,75.7,52.7,5.8,13.1,1005.7,18.1,1.0,0,0.33,0.27
2022-01-20,2022,1,20,20,0.0,22.1,16.3,69.8,56.7,5.8,11.4,1003.4,16.0,1.0,0,0.23,0.24
2022-01-21,2022,1,21,21,0.0,22.0,16.1,73.2,47.7,7.3,8.0,1002.9,17.7,1.27,0,0.23,0.24
2022-01-22,2022,1,22,22,0.0,22.8,16.2,71.4,50.5,5.2,11.4,1004.5,16.5,1.0,0,0.23,0.24
2022-01-23,2022,1,23,23,0.0,22.7,16.0,73.1,47.9,6.5,6.4,1002.7,18.4,1.0,0,0.0,0.24
2022-01-24,2022,1,24,24,0.0,22.2,17.2,66.6,29.0,9.7,15.4,1006.9,15.9,1.0,0,0.0,0.12
2022-01-25,2022,1,25,25,0.0,25.9,16.0,63.4,44.2,7.3,10.7,1006.2,18.1,1.0,0,0.0,0.12
2022-01-26,2022,1,26,26,1.03,22.9,16.0,64.8,42.5,6.9,12.6,1003.4,15.4,1.0,0,0.15,0.15
2022-01-27,2022,1,27,27,0.0,23.3,16.1,63.8,41.1,7.2,5.9,1009.4,16.6,1.0,0,0.15,0.15
2022-01-28,2022,1,28,28,0.0,23.2,16.2,64.2,38.0,8.5,9.6,1007.3,17.3,1.0,0,0.15,0.15
2022-01-29,2022,1,29,29,0.0,22.0,16.0,62.6,31.4,9.3,9.0,1003.7,14.7,1.0,0,0.15,0.15
2022-01-30,2022,1,30,30,0.0,25.5,17.8,66.6,39.6,8.1,9.6,1010.2,18.7,1.0,0,0.15,0.15
2022-01-31,2022,1,31,31,0.38,22.0,16.0,70.0,47.6,7.4,8.6,1004.4,16.7,1.0,0,0.2,0.17
2022-02-01,2022,2,1,32,0.0,23.1,16.0,61.4,27.8,7.9,12.9,1002.5,13.9,1.0,0,0.2,0.17
2022-02-02,2022,2,2,33,0.0,23.8,16.2,63.7,33.6,8.1,10.5,1003.0,17.4,1.01,0,0.05,0.17
2022-02-03,2022,2,3,34,0.0,24.2,16.5,70.3,35.0,8.7,10.6,1005.2,18.8,1.21,0,0.05,0.17
2022-02-04,2022,2,4,35,0.0,22.3,17.4,59.8,33.3,8.6,10.1,1005.5,14.7,1.16,0,0.05,0.17
2022-02-05,2022,2,5,36,0.0,24.0,17.0,65.8,40.5,7.7,14.6,1004.8,17.6,1.0,0,0.05,0.17
2022-02-06,2022,2,6,37,0.0,22.0,19.4,67.9,36.5,7.0,5.0,1003.7,16.2,1.0,0,0.05,0.16
2022-02-07,2022,2,7,38,0.0,25.5,17.5,73.7,49.2,6.9,10.1,1008.6,20.3,1.0,0,0.0,0.16
2022-02-08,2022,2,8,39,0.0,22.8,17.5,55.7,26.9,7.3,11.1,1004.2,13.0,1.0,0,0.0,0.16
2022-02-09,2022,2,9,40,1.42,22.4,16.5,60.4,36.0,8.0,11.5,1004.1,13.5,1.0,0,0.2,0.2
2022-02-10,2022,2,10,41,0.7,22.2,17.6,66.3,29.8,8.5,5.0,1000.4,16.0,1.25,0,0.3,0.23
2022-02-11,2022,2,11,42,3.49,23.7,16.7,64.8,24.6,8.3,7.1,1002.1,16.0,1.0,0,0.8,0.31
2022-02-12,2022,2,12,43,0.0,22.0,16.8,55.0,40.6,7.6,9.7,1008.0,12.9,1.0,0,0.8,0.29
2022-02-13,2022,2,13,44,0.0,24.8,21.2,62.5,28.0,7.9,11.3,1003.7,17.2,1.0,0,0.8,0.29
2022-02-14,2022,2,14,45,0.0,22.6,19.3,60.4,22.2,9.2,5.0,1007.4,13.7,1.0,0,0.8,0.29
2022-02-15,2022,2,15,46,0.0,25.5,16.5,57.3,24.1,8.0,7.3,1003.7,16.0,1.0,0,0.8,0.23
2022-02-16,2022,2,16,47,0.0,22.0,18.3,62.2,35.7,9.3,11.4,1003.4,15.4,1.13,0,0.6,0.23
2022-02-17,2022,2,17,48,2.49,24.0,18.0,59.4,37.7,6.1,12.1,1005.2,16.0,1.0,0,0.85,0.32
2022-02-18,2022,2,18,49,8.18,24.7,16.9,63.5,42.5,7.8,12.3,1004.9,16.3,1.0,0,1.52,0.59
2022-02-19,2022,2,19,50,0.18,24.9,20.3,68.5,27.6,7.5,9.5,1002.4,18.6,1.0,0,1.55,0.6
2022-02-20,2022,2,20,51,0.0,23.2,17.6,70.5,30.1,8.7,11.0,1004.0,17.4,1.0,0,1.55,0.6
2022-02-21,2022,2,21,52,1.6,22.3,19.5,60.1,28.0,9.4,11.6,1004.7,14.0,1.05,0,1.78,0.65
2022-02-22,2022,2,22,53,0.52,23.5,17.2,63.5,18.3,10.0,11.7,1005.2,15.0,1.0,0,1.85,0.67
2022-02-23,2022,2,23,54,1.47,26.1,19.3,65.8,30.6,8.6,13.3,1005.7,19.5,1.26,0,2.06,0.72
2022-02-24,2022,2,24,55,0.0,27.5,19.7,59.1,23.6,8.6,8.6,1005.0,19.2,1.0,0,1.71,0.72
2022-02-25,2022,2,25,56,0.0,22.1,17.0,58.4,38.0,7.5,12.2,1007.1,13.1,1.0,0,0.54,0.68
2022-02-26,2022,2,26,57,0.0,23.5,17.8,64.7,23.4,9.9,7.6,1009.6,14.8,1.0,0,0.51,0.68
2022-02-27,2022,2,27,58,0.0,22.1,18.2,61.1,24.4,8.8,7.9,1003.0,14.3,1.0,0,0.51,0.68
2022-02-28,2022,2,28,59,0.0,24.0,20.3,61.1,38.3,9.3,13.1,1004.6,17.0,1.26,0,0.28,0.68
2022-03-01,2022,3,1,60,4.2,24.0,20.3,59.1,19.3,10.3,15.3,1003.0,15.5,1.16,0,0.81,0.82
2022-03-02,2022,3,2,61,0.0,23.2,18.0,57.6,24.9,11.2,8.6,1003.2,13.8,1.72,0,0.6,0.81
2022-03-03,2022,3,3,62,0.0,27.6,18.1,61.8,29.6,8.0,9.8,1004.4,20.3,1.0,0,0.6,0.81
2022-03-04,2022,3,4,63,0.0,27.0,19.0,59.7,19.0,7.8,5.0,1003.0,19.4,1.0,0,0.6,0.81
2022-03-05,2022,3,5,64,2.85,25.7,16.9,63.1,32.1,8.5,7.2,1006.1,17.9,1.0,0,1.01,0.9
2022-03-06,2022,3,6,65,0.0,25.3,20.4,65.0,23.1,8.7,9.6,1009.4,18.6,1.05,0,1.01,0.9
2022-03-07,2022,3,7,66,0.22,26.9,17.9,61.8,22.9,9.9,7.3,1004.9,18.9,1.37,0,1.04,0.91
2022-03-08,2022,3,8,67,12.6,24.2,19.1,63.6,13.5,10.8,9.6,1002.7,16.9,1.0,0,2.24,1.33
2022-03-09,2022,3,9,68,7.09,26.2,20.8,67.7,29.2,9.9,9.0,1001.2,19.6,1.0,0,3.25,1.57
2022-03-10,2022,3,10,69,0.0,25.0,19.7,60.7,15.9,10.7,10.1,1003.9,16.3,1.0,0,3.25,1.57
2022-03-11,2022,3,11,70,0.0,29.6,18.8,66.0,17.4,9.0,5.0,1006.0,22.0,1.0,0,3.25,1.52
2022-03-12,2022,3,12,71,5.52,24.1,18.1,60.4,29.6,9.0,13.3,1004.8,15.4,1.0,0,3.63,1.68
2022-03-13,2022,3,13,72,7.64,25.9,19.3,63.5,28.9,9.8,11.4,1002.4,18.4,1.0,0,4.72,1.82
2022-03-14,2022,3,14,73,0.0,24.5,19.1,59.2,12.6,11.5,8.0,1006.1,16.4,1.23,0,4.69,1.82
2022-03-15,2022,3,15,74,0.0,27.7,22.7,60.9,10.9,10.9,7.3,1003.1,20.3,1.0,0,2.89,1.82
2022-03-16,2022,3,16,75,22.45,27.8,18.7,69.2,16.9,10.1,6.9,1003.8,21.8,1.0,0,5.09,2.57
2022-03-17,2022,3,17,76,0.0,25.7,19.1,60.3,30.7,10.3,7.4,1006.1,17.0,1.24,0,5.09,2.57
2022-03-18,2022,3,18,77,16.52,25.1,18.6,69.9,5.7,11.1,5.3,1003.5,19.0,1.34,0,7.45,3.12
2022-03-19,2022,3,19,78,3.7,26.5,19.6,63.6,26.1,10.1,12.2,1007.5,19.7,1.09,0,7.19,3.16
2022-03-20,2022,3,20,79,5.58,26.1,20.6,72.5,17.8,11.2,10.5,1002.6,21.7,1.0,0,6.89,3.07
2022-03-21,2022,3,21,80,12.35,27.4,19.0,75.6,39.9,9.0,10.1,1008.2,22.1,1.0,0,8.66,3.48
2022-03-22,2022,3,22,81,2.51,29.9,20.6,58.5,28.4,10.0,5.0,1001.8,20.4,1.0,0,9.02,3.56
2022-03-23,2022,3,23,82,0.0,28.6,18.8,58.0,13.9,11.2,5.0,1002.3,19.5,1.0,0,5.81,3.51
2022-03-24,2022,3,24,83,15.0,28.8,21.5,60.8,20.4,9.9,6.0,999.9,21.4,1.0,0,7.95,3.99
2022-03-25,2022,3,25,84,0.79,27.8,19.9,66.9,22.9,10.4,6.5,1004.0,21.5,1.0,0,5.7,3.97
2022-03-26,2022,3,26,85,18.35,31.9,20.2,65.1,23.2,9.5,14.0,998.6,24.5,1.03,0,7.8,4.58
2022-03-27,2022,3,27,86,7.66,28.3,22.4,64.4,32.1,9.7,10.3,1004.4,21.3,1.0,0,8.09,4.83
2022-03-28,2022,3,28,87,2.8,29.3,20.2,56.5,21.0,8.9,9.1,1004.9,20.3,1.0,0,6.73,4.93
2022-03-29,2022,3,29,88,0.0,30.0,21.3,60.5,27.9,9.3,6.3,1003.4,21.2,1.0,0,6.37,4.93
2022-03-30,2022,3,30,89,4.38,28.4,21.8,55.0,19.7,9.6,7.2,1003.9,18.3,1.0,0,7.0,5.07
2022-03-31,2022,3,31,90,0.0,28.9,22.6,64.8,34.1,7.3,8.6,1004.7,22.0,1.0,0,4.85,4.93
2022-04-01,2022,4,1,91,6.52,27.9,21.5,70.3,14.8,10.0,8.1,1004.3,21.6,1.37,0,5.67,5.15
2022-04-02,2022,4,2,92,0.0,28.9,20.9,62.8,18.0,8.8,7.6,1004.1,21.4,1.0,0,3.05,5.15
2022-04-03,2022,4,3,93,0.0,31.2,20.7,56.2,25.5,9.1,5.0,1004.2,21.9,1.1,0,1.96,5.15
2022-04-04,2022,4,4,94,0.0,30.9,21.8,62.3,14.8,10.8,12.3,1005.4,22.7,1.52,0,1.56,5.06
2022-04-05,2022,4,5,95,23.97,30.3,20.6,69.1,22.7,10.7,6.8,1000.8,23.8,1.08,0,4.98,5.86
2022-04-06,2022,4,6,96,16.16,30.8,22.3,71.9,17.2,10.1,10.2,1002.4,24.9,1.0,0,6.66,6.39
2022-04-07,2022,4,7,97,6.47,29.5,22.0,66.4,27.9,7.8,8.0,1006.5,23.0,1.0,0,7.59,6.18
2022-04-08,2022,4,8,98,20.51,31.1,20.4,63.3,35.6,8.4,12.3,1001.3,24.0,1.0,0,9.59,6.63
2022-04-09,2022,4,9,99,2.63,29.6,20.4,66.1,21.5,10.8,9.7,1002.7,22.7,1.0,0,9.96,6.72
2022-04-10,2022,4,10,100,0.0,27.5,22.1,60.0,25.3,8.2,11.0,1002.7,18.6,1.0,0,9.96,6.72
2022-04-11,2022,4,11,101,4.83,32.9,21.8,67.8,41.4,7.4,6.0,1002.8,25.9,1.0,0,10.65,6.69
2022-04-12,2022,4,12,102,0.0,30.0,23.2,55.0,28.2,9.2,10.7,1006.5,20.1,1.46,0,7.23,6.44
2022-04-13,2022,4,13,103,3.07,32.0,21.2,64.0,30.4,7.8,7.9,1006.3,23.2,1.0,0,5.36,6.54
2022-04-14,2022,4,14,104,6.86,30.0,23.3,62.4,20.8,9.5,10.3,1005.9,21.2,1.16,0,5.41,6.77
2022-04-15,2022,4,15,105,1.92,26.7,23.4,61.9,19.5,11.4,10.9,1005.7,18.5,1.0,0,2.76,6.09
2022-04-16,2022,4,16,106,0.0,30.7,21.2,57.9,24.2,10.3,8.6,1005.7,22.2,1.0,0,2.38,6.09
2022-04-17,2022,4,17,107,13.1,28.2,22.4,68.0,29.2,8.4,5.0,1005.5,21.4,1.0,0,4.25,5.97
2022-04-18,2022,4,18,108,24.79,32.2,24.4,65.5,35.6,9.3,11.9,1002.1,24.0,1.05,0,7.11,6.68
2022-04-19,2022,4,19,109,0.0,30.9,23.3,55.0,0.8,12.4,10.0,1006.6,21.1,1.24,0,7.11,6.49
2022-04-20,2022,4,20,110,12.0,33.2,22.8,62.9,22.3,11.4,9.7,1006.3,26.0,1.12,0,8.38,6.48
2022-04-21,2022,4,21,111,4.05,31.9,24.1,60.0,32.2,9.1,12.0,1001.4,23.2,1.0,0,7.98,6.53
2022-04-22,2022,4,22,112,9.2,30.1,22.6,63.9,12.2,10.3,9.9,1003.5,22.1,1.36,0,9.02,6.84
2022-04-23,2022,4,23,113,0.0,32.8,22.8,64.1,18.5,9.4,11.1,1004.3,24.8,1.0,0,9.02,6.34
2022-04-24,2022,4,24,114,0.0,29.6,23.5,57.7,20.9,10.4,7.5,1004.9,19.8,1.47,0,7.15,6.31
2022-04-25,2022,4,25,115,0.0,31.6,25.1,64.7,10.8,11.1,11.3,1005.9,25.5,1.72,0,3.61,5.7
2022-04-26,2022,4,26,116,15.74,29.4,22.4,70.1,37.7,8.9,8.9,1007.6,22.9,1.0,0,5.86,5.97
2022-04-27,2022,4,27,117,0.0,32.8,24.2,65.8,29.5,8.8,8.4,1002.3,25.6,1.0,0,4.14,5.87
2022-04-28,2022,4,28,118,3.57,32.8,23.2,62.1,10.0,11.8,5.2,1002.2,24.4,1.61,0,4.07,5.99
2022-04-29,2022,4,29,119,13.25,32.8,25.3,73.6,32.1,10.0,9.5,1005.4,26.0,1.04,0,4.65,6.29
2022-04-30,2022,4,30,120,1.0,31.3,24.8,61.4,23.2,10.2,9.0,1005.7,22.9,1.28,0,4.79,6.32
2022-05-01,2022,5,1,121,21.24,34.9,23.9,73.5,42.8,8.8,6.8,1002.1,26.0,1.18,0,7.83,6.81
2022-05-02,2022,5,2,122,0.0,34.3,24.8,69.1,35.2,9.0,12.5,1004.3,26.0,1.0,0,7.83,6.81
2022-05-03,2022,5,3,123,15.53,33.4,23.5,73.4,42.9,8.2,11.3,1003.2,26.0,1.0,0,7.8,7.33
2022-05-04,2022,5,4,124,0.0,32.3,23.5,62.2,34.9,8.4,10.5,1005.9,24.4,1.0,0,7.8,7.33
2022-05-05,2022,5,5,125,0.0,32.8,27.4,58.4,27.3,10.6,8.4,1006.3,23.3,1.26,0,7.29,6.53
2022-05-06,2022,5,6,126,14.65,33.4,24.0,64.9,44.9,7.4,9.3,1005.3,25.6,1.0,0,7.49,6.48
2022-05-07,2022,5,7,127,7.0,31.9,24.7,62.3,34.2,9.1,5.0,1006.9,23.1,1.0,0,8.35,6.5
2022-05-08,2022,5,8,128,24.16,35.0,24.1,68.8,37.9,7.8,14.4,1004.9,26.0,1.17,0,8.76,6.62
2022-05-09,2022,5,9,129,0.63,35.7,23.1,63.6,42.8,8.8,12.5,1004.5,26.0,1.08,0,8.85,6.55
2022-05-10,2022,5,10,130,11.78,36.5,23.5,71.1,30.3,9.2,10.9,1001.1,26.0,1.39,0,8.32,6.95
2022-05-11,2022,5,11,131,10.81,33.6,25.3,71.5,37.4,9.1,6.8,1002.3,26.0,1.0,0,9.86,7.14
2022-05-12,2022,5,12,132,21.56,36.3,23.2,75.5,43.9,7.0,15.7,998.9,26.0,1.0,0,12.94,7.86
2022-05-13,2022,5,13,133,0.0,36.5,24.2,67.8,36.4,8.0,12.8,1009.4,26.0,1.0,0,10.85,7.76
2022-05-14,2022,5,14,134,1.82,33.5,25.9,64.7,27.8,9.0,10.5,1007.3,26.0,1.0,0,10.11,7.59
2022-05-15,2022,5,15,135,24.93,33.0,25.4,75.6,39.3,8.7,15.0,1002.0,26.0,1.11,0,10.22,8.36
2022-05-16,2022,5,16,136,0.0,36.3,24.8,63.6,40.4,8.5,13.8,1006.2,26.0,1.0,0,10.13,8.36
2022-05-17,2022,5,17,137,0.0,33.9,24.8,66.1,23.6,9.8,11.5,1004.7,26.0,1.14,0,8.45,7.92
2022-05-18,2022,5,18,138,0.0,33.8,24.2,64.2,42.0,7.6,12.2,1006.5,26.0,1.2,0,6.9,7.1
2022-05-19,2022,5,19,139,4.51,36.2,28.0,67.3,34.9,7.9,15.3,1005.7,26.0,1.09,0,4.47,7.25
2022-05-20,2022,5,20,140,0.0,33.0,24.4,64.1,35.0,9.4,11.1,1004.8,25.1,1.36,0,4.47,6.85
2022-05-21,2022,5,21,141,10.86,34.5,26.8,63.1,32.1,8.4,8.4,1004.2,26.0,1.13,0,5.76,7.07
2022-05-22,2022,5,22,142,12.29,32.5,23.1,69.8,38.6,8.9,20.2,1002.7,25.8,1.44,0,3.95,7.18
2022-05-23,2022,5,23,143,5.93,34.1,26.8,71.2,47.6,6.5,15.0,1005.5,26.0,1.0,0,4.8,7.38
2022-05-24,2022,5,24,144,0.95,34.5,27.0,70.6,34.5,9.0,14.0,1001.2,26.0,1.29,0,4.93,7.41
2022-05-25,2022,5,25,145,0.0,34.5,24.8,68.5,23.1,11.1,9.2,1005.9,26.0,1.0,0,4.93,7.41
2022-05-26,2022,5,26,146,0.0,35.0,25.2,62.9,35.3,9.3,11.2,1002.0,26.0,1.12,0,4.29,6.88
2022-05-27,2022,5,27,147,11.46,32.7,27.3,69.7,36.2,8.9,8.2,1003.8,25.7,1.0,0,5.93,7.26
2022-05-28,2022,5,28,148,3.74,34.4,24.7,62.5,29.2,10.4,10.3,1004.8,26.0,1.14,0,4.91,7.27
2022-05-29,2022,5,29,149,8.15,38.0,26.7,73.7,38.8,8.1,11.2,1004.7,26.0,1.1,0,4.32,7.1
2022-05-30,2022,5,30,150,0.0,36.5,25.4,64.0,54.4,6.5,9.8,1003.4,26.0,1.0,0,3.47,7.07
2022-05-31,2022,5,31,151,0.0,35.4,27.4,69.3,38.8,8.9,6.8,1003.4,26.0,1.0,0,3.34,6.36
2022-06-01,2022,6,1,152,151.41,35.3,28.0,84.7,74.6,4.7,19.3,1003.6,26.0,1.0,1,24.97,11.41
2022-06-02,2022,6,2,153,204.51,37.5,25.2,79.7,83.2,3.6,25.4,1001.8,26.0,1.0,1,54.18,17.7
2022-06-03,2022,6,3,154,127.74,36.5,27.2,84.4,83.6,3.1,24.6,1004.7,26.0,1.0,1,70.79,21.96
2022-06-04,2022,6,4,155,399.16,34.8,27.7,91.0,92.3,2.4,27.4,1002.4,26.0,1.0,1,127.28,35.27
2022-06-05,2022,6,5,156,241.4,35.8,24.2,82.6,90.9,4.1,21.2,1002.8,26.0,1.0,1,160.6,42.83
2022-06-06,2022,6,6,157,91.27,34.8,27.9,87.8,99.4,3.2,25.3,1002.4,26.0,1.0,1,173.64,45.64
2022-06-07,2022,6,7,158,219.23,35.7,27.1,85.5,75.7,7.0,23.9,1003.4,26.0,1.0,1,204.96,52.14
2022-06-08,2022,6,8,159,24.58,37.8,27.5,79.3,64.3,6.9,16.0,1002.9,26.0,1.0,1,186.84,52.94
2022-06-09,2022,6,9,160,194.93,37.7,24.6,84.5,76.4,5.1,22.2,1003.3,26.0,1.0,1,185.47,59.04
2022-06-10,2022,6,10,161,258.42,38.0,27.8,88.9,83.3,4.9,19.0,1006.1,26.0,1.0,1,204.14,67.3
2022-06-11,2022,6,11,162,53.43,37.2,26.7,82.3,72.3,4.4,21.0,1006.2,26.0,1.0,1,154.75,68.36
2022-06-12,2022,6,12,163,122.89,34.8,25.6,87.8,85.9,4.3,22.0,1004.0,26.0,1.0,1,137.82,72.45
2022-06-13,2022,6,13,164,126.76,35.3,27.8,89.4,89.4,3.4,22.2,998.6,26.0,1.0,1,142.89,76.62
2022-06-14,2022,6,14,165,209.89,37.9,28.0,90.2,86.0,5.7,23.8,1001.0,26.0,1.0,1,141.56,82.78
2022-06-15,2022,6,15,166,53.74,37.4,27.0,86.2,64.9,7.0,23.0,1002.9,26.0,1.0,1,145.72,84.58
2022-06-16,2022,6,16,167,253.51,35.6,27.6,89.7,94.4,3.8,20.3,1001.4,26.0,1.0,1,154.09,93.03
2022-06-17,2022,6,17,168,67.07,36.9,27.0,85.4,67.2,5.0,22.9,1003.5,26.0,1.0,1,126.76,95.26
2022-06-18,2022,6,18,169,284.74,38.0,25.5,85.5,98.6,5.3,20.9,1002.7,26.0,1.0,1,159.8,104.6
2022-06-19,2022,6,19,170,69.94,38.0,27.1,87.3,79.1,4.4,26.9,1002.5,26.0,1.0,1,152.24,106.93
2022-06-20,2022,6,20,171,224.3,38.0,28.0,89.0,98.0,2.2,30.5,1002.2,26.0,1.0,1,166.17,114.05
2022-06-21,2022,6,21,172,431.62,35.8,28.0,89.3,100.0,3.2,28.2,1000.0,26.0,1.0,1,197.85,128.03
2022-06-22,2022,6,22,173,67.82,38.0,26.3,91.1,83.9,2.9,27.4,1002.1,26.0,1.0,1,199.86,130.09
2022-06-23,2022,6,23,174,186.63,36.9,27.6,88.6,82.9,3.5,34.3,1004.9,26.0,1.0,1,190.3,136.28
2022-06-24,2022,6,24,175,198.09,38.0,27.5,83.3,98.6,2.0,19.9,1003.1,26.0,1.0,1,209.02,142.88
2022-06-25,2022,6,25,176,200.04,38.0,28.0,80.8,86.4,4.1,27.1,1004.6,26.0,1.07,1,196.92,149.55
2022-06-26,2022,6,26,177,46.39,38.0,27.5,86.8,66.3,6.1,21.2,1003.2,26.0,1.0,1,193.56,150.71
2022-06-27,2022,6,27,178,70.11,38.0,28.0,92.1,93.7,2.6,26.5,1003.7,26.0,1.0,1,171.53,152.93
2022-06-28,2022,6,28,179,135.5,38.0,27.0,88.7,98.8,2.4,25.2,1004.9,26.0,1.0,1,129.23,157.17
2022-06-29,2022,6,29,180,126.64,38.0,28.0,97.3,100.0,0.1,27.8,1000.9,26.0,1.0,1,137.63,161.39
2022-06-30,2022,6,30,181,51.14,36.3,26.9,88.2,73.4,5.0,24.8,1004.8,26.0,1.0,1,118.27,163.1
2022-07-01,2022,7,1,182,108.77,37.7,27.8,98.0,100.0,2.6,28.8,997.5,26.0,1.0,1,105.51,161.68
2022-07-02,2022,7,2,183,198.8,38.0,28.0,90.4,100.0,3.3,22.9,1001.9,26.0,1.0,1,105.34,161.48
2022-07-03,2022,7,3,184,222.35,38.0,27.8,97.4,100.0,2.5,30.2,1006.8,26.0,1.0,1,130.47,164.64
2022-07-04,2022,7,4,185,72.28,37.4,24.8,88.3,100.0,3.0,24.6,1002.5,26.0,1.0,1,130.78,153.74
2022-07-05,2022,7,5,186,240.49,38.0,27.9,95.8,100.0,2.3,26.3,1004.7,26.0,1.0,1,145.78,153.71
2022-07-06,2022,7,6,187,154.89,35.9,28.0,94.1,95.1,4.6,26.2,1003.1,26.0,1.0,1,149.82,155.83
2022-07-07,2022,7,7,188,186.11,38.0,27.9,93.5,97.1,2.8,29.9,1003.4,26.0,1.0,1,169.1,154.73
2022-07-08,2022,7,8,189,224.54,34.9,28.0,93.7,100.0,2.5,23.6,1000.1,26.0,1.0,1,185.64,161.39
2022-07-09,2022,7,9,190,182.54,38.0,28.0,98.0,100.0,1.7,32.1,1002.1,26.0,1.0,1,183.31,160.98
2022-07-10,2022,7,10,191,285.92,38.0,26.8,92.2,100.0,3.2,35.0,1000.8,26.0,1.0,1,192.4,161.9
2022-07-11,2022,7,11,192,115.61,38.0,25.5,93.3,94.7,3.3,28.3,1004.5,26.0,1.0,1,198.59,163.97
2022-07-12,2022,7,12,193,541.58,37.3,26.2,98.0,100.0,3.4,25.3,1004.9,26.0,1.0,1,241.6,177.93
2022-07-13,2022,7,13,194,104.81,38.0,27.7,95.4,100.0,2.1,23.8,1001.6,26.0,1.0,1,234.44,177.2
2022-07-14,2022,7,14,195,347.77,36.9,28.0,98.0,100.0,2.6,28.6,1001.8,26.0,1.0,1,257.54,181.79
2022-07-15,2022,7,15,196,321.15,38.0,27.4,93.2,100.0,3.7,27.7,1004.9,26.0,1.0,1,271.34,190.7
2022-07-16,2022,7,16,197,127.73,37.6,25.9,92.0,94.4,4.6,31.8,999.3,26.0,1.0,1,263.51,186.51
2022-07-17,2022,7,17,198,326.26,37.6,27.9,97.7,100.0,3.4,32.7,1004.6,26.0,1.0,1,269.27,195.15
2022-07-18,2022,7,18,199,115.52,38.0,27.6,95.5,100.0,3.0,25.4,1002.4,26.0,1.0,1,269.26,189.51
2022-07-19,2022,7,19,200,85.5,37.4,27.7,93.5,99.3,1.6,29.1,1002.7,26.0,1.0,1,204.11,190.03
2022-07-20,2022,7,20,201,284.33,38.0,28.0,88.6,99.3,2.3,27.4,1002.7,26.0,1.0,1,229.75,192.03
2022-07-21,2022,7,21,202,77.35,38.0,28.0,87.3,94.4,1.3,30.3,1006.2,26.0,1.0,1,191.12,180.22
2022-07-22,2022,7,22,203,113.4,36.0,27.3,87.7,100.0,2.9,22.7,1002.5,26.0,1.0,1,161.44,181.74
2022-07-23,2022,7,23,204,288.52,38.0,25.9,97.5,100.0,2.3,25.8,999.8,26.0,1.0,1,184.41,185.14
2022-07-24,2022,7,24,205,233.68,35.2,28.0,92.0,98.4,3.1,28.8,1002.4,26.0,1.0,1,171.19,186.32
2022-07-25,2022,7,25,206,259.97,37.7,25.3,89.6,99.8,2.2,32.4,1002.2,26.0,1.0,1,191.82,188.32
2022-07-26,2022,7,26,207,89.2,37.2,27.1,92.5,89.7,2.8,28.5,1002.0,26.0,1.0,1,192.35,189.75
2022-07-27,2022,7,27,208,79.59,35.7,25.9,88.3,100.0,2.0,33.6,1005.0,26.0,1.0,1,163.1,190.06
2022-07-28,2022,7,28,209,18.53,38.0,26.9,86.7,85.7,5.1,18.1,1003.4,26.0,1.0,1,154.7,186.17
2022-07-29,2022,7,29,210,50.68,37.8,27.2,92.0,86.1,4.8,26.0,1003.9,26.0,1.0,1,145.74,183.63
2022-07-30,2022,7,30,211,198.9,36.6,25.7,98.0,100.0,2.4,28.8,995.4,26.0,1.0,1,132.94,188.56
2022-07-31,2022,7,31,212,189.55,37.7,24.3,98.0,100.0,3.6,34.5,1002.0,26.0,1.0,1,126.63,191.25
2022-08-01,2022,8,1,213,134.05,38.0,26.1,96.0,100.0,3.2,35.0,1001.8,26.0,1.0,1,108.64,189.09
2022-08-02,2022,8,2,214,58.96,35.9,25.6,98.0,100.0,2.0,30.9,1005.2,26.0,1.0,1,104.32,183.65
2022-08-03,2022,8,3,215,165.64,38.0,26.0,93.5,100.0,1.8,35.0,1005.1,26.0,1.0,1,116.62,186.76
2022-08-04,2022,8,4,216,74.33,35.9,26.8,95.5,100.0,1.6,30.4,1004.5,26.0,1.0,1,124.59,181.22
2022-08-05,2022,8,5,217,181.21,38.0,28.0,95.7,100.0,2.2,29.0,1002.0,26.0,1.0,1,143.23,182.1
2022-08-06,2022,8,6,218,152.92,36.2,26.3,98.0,100.0,3.0,30.5,1000.5,26.0,1.0,1,136.67,180.99
2022-08-07,2022,8,7,219,50.36,36.9,26.3,88.3,100.0,1.9,24.0,1001.7,26.0,1.0,1,116.78,175.19
2022-08-08,2022,8,8,220,96.09,37.3,26.8,98.0,100.0,1.6,33.2,1002.1,26.0,1.0,1,111.36,172.3
2022-08-09,2022,8,9,221,148.01,38.0,27.7,98.0,100.0,3.6,30.8,1002.7,26.0,1.0,1,124.08,167.71
2022-08-10,2022,8,10,222,175.61,34.7,27.5,98.0,100.0,2.7,29.3,1002.7,26.0,1.0,1,125.5,169.71
2022-08-11,2022,8,11,223,111.62,38.0,24.5,91.6,100.0,2.3,32.5,1002.6,26.0,1.0,1,130.83,155.37
2022-08-12,2022,8,12,224,153.97,33.9,25.5,98.0,100.0,0.6,26.3,1002.3,26.0,1.0,1,126.94,157.01
2022-08-13,2022,8,13,225,195.81,37.2,28.0,98.0,100.0,2.9,33.3,1004.3,26.0,1.0,1,133.07,151.95
2022-08-14,2022,8,14,226,161.11,36.7,26.0,98.0,100.0,1.3,27.6,1002.8,26.0,1.0,1,148.89,146.61
2022-08-15,2022,8,15,227,362.38,36.3,27.7,98.0,100.0,2.4,32.8,1001.4,26.0,1.0,1,186.93,154.44
2022-08-16,2022,8,16,228,179.98,36.5,27.4,98.0,100.0,2.9,33.5,1003.0,26.0,1.0,1,191.5,149.56
2022-08-17,2022,8,17,229,88.22,37.2,23.8,98.0,100.0,3.2,29.7,1003.9,26.0,1.0,1,179.01,148.65
2022-08-18,2022,8,18,230,159.28,37.0,24.4,98.0,100.0,1.5,32.0,1006.3,26.0,1.0,1,185.82,151.11
2022-08-19,2022,8,19,231,141.54,35.9,25.9,95.1,100.0,3.1,33.5,1001.5,26.0,1.0,1,184.05,146.35
2022-08-20,2022,8,20,232,291.14,37.2,26.8,94.7,100.0,2.4,30.0,1000.8,26.0,1.0,1,197.66,153.48
2022-08-21,2022,8,21,233,381.42,35.7,25.9,92.9,100.0,2.6,35.0,1003.1,26.0,1.0,1,229.14,162.41
2022-08-22,2022,8,22,234,72.79,36.1,25.9,98.0,100.0,1.3,35.0,1000.6,26.0,1.0,1,187.77,155.22
2022-08-23,2022,8,23,235,93.05,37.6,26.1,98.0,100.0,1.0,33.3,1002.8,26.0,1.0,1,175.35,150.53
2022-08-24,2022,8,24,236,119.48,37.5,25.9,97.2,100.0,3.8,35.0,1005.4,26.0,1.0,1,179.81,145.85
2022-08-25,2022,8,25,237,96.61,37.2,25.9,96.2,100.0,3.5,34.5,1000.6,26.0,1.0,1,170.86,146.09
2022-08-26,2022,8,26,238,60.39,34.0,23.0,98.0,100.0,0.7,30.0,1001.9,26.0,1.0,1,159.27,145.45
2022-08-27,2022,8,27,239,109.13,36.1,25.4,96.6,100.0,2.9,33.9,1002.6,26.0,1.0,1,133.27,148.47
2022-08-28,2022,8,28,240,311.14,36.0,25.4,98.0,100.0,1.8,33.2,1003.6,26.0,1.0,1,123.23,157.16
2022-08-29,2022,8,29,241,175.42,37.9,24.4,98.0,100.0,3.0,34.7,1000.9,26.0,1.0,1,137.89,156.37
2022-08-30,2022,8,30,242,161.81,36.3,24.7,98.0,100.0,0.9,34.8,1005.5,26.0,1.0,1,147.71,155.45
2022-08-31,2022,8,31,243,262.44,34.1,23.5,98.0,100.0,2.0,35.0,1003.7,26.0,1.0,1,168.13,159.73
2022-09-01,2022,9,1,244,121.49,34.3,25.9,98.0,100.0,2.5,32.5,1003.0,26.0,1.0,1,171.69,161.81
2022-09-02,2022,9,2,245,123.2,31.0,24.0,98.0,100.0,0.7,32.6,1001.5,26.0,1.0,1,180.66,160.4
2022-09-03,2022,9,3,246,175.53,34.6,25.1,98.0,100.0,1.1,35.0,998.7,26.0,1.0,1,190.15,163.77
2022-09-04,2022,9,4,247,157.06,34.0,24.6,98.0,100.0,1.9,34.5,1001.0,26.0,1.0,1,168.14,162.97
2022-09-05,2022,9,5,248,436.66,33.7,24.9,98.0,100.0,1.1,34.0,1002.6,26.0,1.0,1,205.46,172.42
2022-09-06,2022,9,6,249,111.27,33.2,26.1,98.0,100.0,2.0,27.2,1004.4,26.0,1.0,1,198.24,174.46
2022-09-07,2022,9,7,250,92.47,36.6,24.1,98.0,100.0,1.9,35.0,1004.4,26.0,1.0,1,173.95,174.33
2022-09-08,2022,9,8,251,51.42,30.1,24.8,98.0,100.0,2.5,28.6,1003.4,26.0,1.0,1,163.94,171.11
2022-09-09,2022,9,9,252,112.35,32.1,25.6,98.0,100.0,2.6,35.0,1001.2,26.0,1.0,1,162.39,169.01
2022-09-10,2022,9,10,253,40.93,37.5,24.9,97.6,100.0,1.7,27.2,1008.5,26.0,1.0,1,143.17,166.65
2022-09-11,2022,9,11,254,149.7,35.2,23.7,98.0,100.0,2.8,35.0,1001.5,26.0,1.0,1,142.11,166.51
2022-09-12,2022,9,12,255,221.38,34.1,22.7,98.0,100.0,1.1,35.0,1005.1,26.0,1.0,1,111.36,167.36
2022-09-13,2022,9,13,256,70.62,33.5,23.5,98.0,100.0,1.3,30.4,1002.7,26.0,1.0,1,105.55,164.34
2022-09-14,2022,9,14,257,224.38,32.5,24.6,98.0,100.0,0.0,35.0,1001.0,26.0,1.0,1,124.4,159.74
2022-09-15,2022,9,15,258,158.14,31.4,24.2,98.0,100.0,1.9,30.4,1002.5,26.0,1.0,1,139.64,159.02
2022-09-16,2022,9,16,259,75.97,33.7,25.0,98.0,100.0,3.1,34.0,1001.4,26.0,1.0,1,134.45,158.61
2022-09-17,2022,9,17,260,125.83,34.2,23.7,98.0,100.0,2.0,31.8,998.4,26.0,1.0,1,146.57,157.49
2022-09-18,2022,9,18,261,78.58,31.9,23.1,98.0,100.0,1.2,35.0,1002.5,26.0,1.0,1,136.41,155.39
2022-09-19,2022,9,19,262,26.93,30.0,22.2,98.0,93.7,0.9,31.8,1001.1,26.0,1.0,1,108.64,146.59
2022-09-20,2022,9,20,263,192.06,33.6,22.4,98.0,100.0,0.5,35.0,998.2,26.0,1.0,1,125.98,140.27
2022-09-21,2022,9,21,264,154.71,33.7,22.5,98.0,100.0,1.6,33.2,996.9,26.0,1.0,1,116.03,143.0
2022-09-22,2022,9,22,265,50.2,33.6,25.2,98.0,100.0,1.6,28.1,1001.7,26.0,1.0,1,100.61,141.58
2022-09-23,2022,9,23,266,42.0,32.0,22.2,93.2,88.2,3.6,35.0,999.2,26.0,1.0,1,95.76,138.99
2022-09-24,2022,9,24,267,42.63,28.9,22.1,98.0,100.0,3.0,26.9,1000.3,26.0,1.0,1,83.87,137.19
2022-09-25,2022,9,25,268,112.94,30.1,22.5,96.7,100.0,2.2,32.1,1000.2,26.0,1.0,1,88.78,138.95
2022-09-26,2022,9,26,269,256.38,33.8,24.5,98.0,100.0,1.5,33.4,1005.8,26.0,1.0,1,121.56,143.85
2022-09-27,2022,9,27,270,280.44,29.7,23.8,98.0,100.0,2.4,33.6,1003.6,26.0,1.0,1,134.19,142.83
2022-09-28,2022,9,28,271,234.7,32.6,22.8,98.0,100.0,2.4,32.9,1001.7,26.0,1.02,1,145.61,144.81
2022-09-29,2022,9,29,272,51.85,29.9,21.1,98.0,100.0,2.8,28.3,1001.7,26.0,1.0,1,145.85,141.14
2022-09-30,2022,9,30,273,55.85,29.6,22.8,98.0,100.0,1.2,30.8,1001.7,26.0,1.0,1,147.83,134.26
2022-10-01,2022,10,1,274,5.14,33.9,23.7,91.8,90.1,3.3,24.2,1003.2,26.0,1.0,1,142.47,130.38
2022-10-02,2022,10,2,275,111.51,33.8,24.2,98.0,100.0,2.4,35.0,1002.9,26.0,1.0,1,142.27,129.99
2022-10-03,2022,10,3,276,12.28,31.1,19.8,93.9,100.0,1.7,19.2,1001.5,26.0,1.0,1,107.4,124.55
2022-10-04,2022,10,4,277,23.17,30.0,21.4,98.0,100.0,0.8,24.0,999.7,26.0,1.0,1,70.64,120.08
2022-10-05,2022,10,5,278,8.93,32.2,22.3,90.6,97.0,2.2,23.3,1005.6,26.0,1.0,1,38.39,105.83
2022-10-06,2022,10,6,279,19.3,28.1,23.6,98.0,100.0,1.3,25.7,1000.6,26.0,1.0,1,33.74,102.76
2022-10-07,2022,10,7,280,12.32,32.2,20.5,90.0,100.0,2.6,25.3,1004.6,26.0,1.0,1,27.52,100.09
2022-10-08,2022,10,8,281,41.14,33.2,20.6,92.5,100.0,1.7,25.4,1000.5,26.0,1.0,1,32.66,99.75
2022-10-09,2022,10,9,282,11.32,30.9,21.3,87.6,88.9,3.0,24.2,1005.0,26.0,1.0,1,18.35,96.38
2022-10-10,2022,10,10,283,44.7,28.2,20.1,97.4,100.0,1.5,35.0,1001.4,26.0,1.0,1,22.98,96.5
2022-10-11,2022,10,11,284,23.29,32.1,19.3,98.0,100.0,1.6,24.6,1001.6,26.0,1.0,1,23.0,92.29
2022-10-12,2022,10,12,285,22.87,30.1,24.1,98.0,100.0,3.2,21.5,1003.6,26.0,1.0,1,24.99,85.67
2022-10-13,2022,10,13,286,41.41,29.3,21.1,98.0,100.0,2.3,32.5,1004.8,26.0,1.0,1,28.15,84.7
2022-10-14,2022,10,14,287,4.59,27.9,20.6,83.2,90.1,1.7,23.2,1005.1,24.6,1.0,1,27.05,77.37
2022-10-15,2022,10,15,288,36.03,27.5,19.8,98.0,100.0,1.8,26.3,1002.6,26.0,1.0,1,26.32,73.3
2022-10-16,2022,10,16,289,23.88,30.8,21.1,91.4,85.1,2.1,30.7,1001.0,26.0,1.0,1,28.11,71.57
2022-10-17,2022,10,17,290,8.4,28.9,20.4,94.3,98.1,3.3,14.3,1003.5,26.0,1.0,1,22.92,67.65
2022-10-18,2022,10,18,291,13.36,28.7,21.9,92.9,99.7,2.9,23.0,1003.5,26.0,1.0,1,21.51,65.48
2022-10-19,2022,10,19,292,4.5,28.9,19.6,92.8,90.8,4.0,18.0,1005.7,26.0,1.0,1,18.88,64.73
2022-10-20,2022,10,20,293,238.62,25.6,20.8,98.0,100.0,0.3,35.0,1003.6,24.6,1.0,1,47.05,66.28
2022-10-21,2022,10,21,294,18.03,28.4,20.6,96.4,100.0,0.9,23.2,1003.5,26.0,1.0,1,48.97,61.73
2022-10-22,2022,10,22,295,14.95,28.3,21.2,97.5,100.0,1.1,20.2,1000.0,26.0,1.0,1,45.96,60.55
2022-10-23,2022,10,23,296,32.43,30.4,20.3,98.0,100.0,0.9,22.1,1005.2,26.0,1.0,1,47.18,60.23
2022-10-24,2022,10,24,297,20.12,29.3,21.1,98.0,100.0,0.9,28.6,1000.7,26.0,1.0,1,48.86,59.48
2022-10-25,2022,10,25,298,16.67,26.1,20.7,88.3,94.9,1.5,30.7,1002.3,24.1,1.0,1,49.33,56.27
2022-10-26,2022,10,26,299,17.72,27.2,21.2,84.0,100.0,1.5,24.1,1002.3,24.1,1.0,1,51.22,48.32
2022-10-27,2022,10,27,300,4.22,29.2,20.8,92.3,100.0,2.0,22.8,1003.3,26.0,1.0,1,17.73,39.11
2022-10-28,2022,10,28,301,10.21,25.5,19.8,90.5,96.0,2.6,21.7,1002.3,24.5,1.0,1,16.62,31.63
2022-10-29,2022,10,29,302,23.04,29.9,21.9,98.0,100.0,2.5,28.2,1003.4,26.0,1.0,1,17.77,30.67
2022-10-30,2022,10,30,303,7.82,27.2,19.2,81.1,93.7,2.6,20.9,1002.7,23.0,1.0,1,14.26,29.07
2022-10-31,2022,10,31,304,30.72,27.9,21.6,98.0,100.0,1.9,23.5,998.7,26.0,1.0,1,15.77,29.92
2022-11-01,2022,11,1,305,28.73,26.3,21.0,96.4,100.0,2.7,24.5,1004.8,26.0,1.0,1,17.49,27.16
2022-11-02,2022,11,2,306,30.13,26.2,20.4,98.0,100.0,2.3,28.1,1003.5,25.1,1.0,1,19.27,27.75
2022-11-03,2022,11,3,307,22.91,25.3,19.5,95.2,100.0,1.9,27.1,1001.3,24.4,1.0,1,21.94,27.75
2022-11-04,2022,11,4,308,7.35,28.9,18.7,92.5,98.0,0.4,18.5,1001.7,26.0,1.0,1,21.53,27.69
2022-11-05,2022,11,5,309,3.8,27.4,19.7,87.2,87.9,4.1,21.5,1008.1,24.9,1.0,1,18.78,27.18
2022-11-06,2022,11,6,310,2.86,24.9,19.6,86.3,100.0,0.3,13.9,1003.9,21.8,1.0,1,18.07,26.86
2022-11-07,2022,11,7,311,25.64,27.3,19.1,96.4,98.5,1.2,21.4,1004.8,26.0,1.0,1,17.35,26.34
2022-11-08,2022,11,8,312,153.82,27.5,19.8,98.0,100.0,0.0,32.0,1001.6,26.0,1.0,1,35.22,31.09
2022-11-09,2022,11,9,313,64.02,27.6,20.2,97.1,100.0,3.1,27.7,1003.9,26.0,1.0,1,40.06,31.74
2022-11-10,2022,11,10,314,16.66,26.3,18.0,94.0,100.0,1.1,23.5,998.3,25.7,1.0,1,39.16,31.52
2022-11-11,2022,11,11,315,16.22,26.0,18.1,89.9,78.3,3.8,27.4,997.2,24.2,1.0,1,40.43,31.3
2022-11-12,2022,11,12,316,24.01,24.2,17.3,95.6,91.7,1.1,25.2,1004.9,23.9,1.0,1,43.32,30.72
2022-11-13,2022,11,13,317,7.79,27.5,19.2,82.7,90.6,2.7,26.8,1005.5,24.5,1.0,1,44.02,30.82
2022-11-14,2022,11,14,318,16.41,26.4,20.6,91.8,94.5,3.0,21.6,1004.0,25.6,1.0,1,42.7,30.17
2022-11-15,2022,11,15,319,4.42,26.8,17.0,86.5,87.0,2.2,20.3,1003.8,23.9,1.0,1,21.36,29.52
2022-11-16,2022,11,16,320,41.87,22.4,17.6,87.3,99.8,1.6,28.8,1007.2,19.7,1.0,1,18.2,30.64
2022-11-17,2022,11,17,321,12.78,26.5,16.8,85.1,95.3,2.3,26.3,1000.7,23.3,1.0,1,17.64,30.62
2022-11-18,2022,11,18,322,47.97,25.0,17.8,86.3,98.7,0.8,29.0,1004.6,22.6,1.0,1,22.18,32.06
2022-11-19,2022,11,19,323,62.53,26.1,16.0,98.0,100.0,2.2,32.2,1002.8,26.0,1.0,1,27.68,26.19
2022-11-20,2022,11,20,324,51.79,23.0,19.6,93.4,100.0,0.8,27.2,1000.4,21.3,1.0,1,33.97,27.32
2022-11-21,2022,11,21,325,3.21,27.4,19.1,84.3,83.1,3.3,16.7,1007.1,24.6,1.0,1,32.08,26.93
2022-11-22,2022,11,22,326,8.07,23.6,18.4,92.7,92.3,2.2,23.3,1004.9,22.4,1.0,1,32.6,26.12
2022-11-23,2022,11,23,327,6.38,26.2,19.2,86.5,61.7,6.3,19.3,1004.7,23.5,1.0,1,27.53,25.66
2022-11-24,2022,11,24,328,3.5,24.0,19.1,86.2,77.5,4.0,19.9,1004.7,21.1,1.0,1,26.21,25.22
2022-11-25,2022,11,25,329,3.61,27.0,17.9,82.9,73.4,2.4,14.6,1003.5,23.4,1.0,1,19.87,24.75
2022-11-26,2022,11,26,330,21.57,24.6,16.3,87.7,80.4,3.6,28.9,1002.7,20.8,1.0,1,14.02,25.33
2022-11-27,2022,11,27,331,28.55,26.9,16.9,86.2,84.4,3.2,25.9,1003.2,24.2,1.0,1,10.7,25.94
2022-11-28,2022,11,28,332,31.72,23.9,17.7,95.2,89.2,3.0,28.0,1006.3,23.6,1.0,1,14.77,26.23
2022-11-29,2022,11,29,333,25.06,22.2,16.8,97.0,97.7,1.3,26.6,999.2,21.4,1.0,1,17.2,26.8
2022-11-30,2022,11,30,334,10.58,24.2,19.7,91.2,76.9,2.6,20.6,1000.5,22.1,1.0,1,17.8,26.13
2022-12-01,2022,12,1,335,0.0,23.5,17.8,77.1,79.9,2.3,12.0,1004.5,18.2,1.0,0,17.3,25.17
2022-12-02,2022,12,2,336,0.0,22.7,17.7,86.6,82.7,3.1,18.7,1002.7,21.1,1.0,0,16.78,24.17
2022-12-03,2022,12,3,337,2.95,25.4,18.6,82.1,66.3,6.2,16.7,1002.4,22.5,1.0,0,14.12,23.5
2022-12-04,2022,12,4,338,0.98,22.0,17.8,87.5,64.8,5.0,22.6,1006.9,20.0,1.0,0,10.18,23.29
2022-12-05,2022,12,5,339,0.0,26.3,17.1,82.4,70.7,4.3,20.2,1005.5,21.9,1.0,0,5.65,23.17
2022-12-06,2022,12,6,340,0.0,23.0,19.1,81.9,81.5,3.5,19.1,1004.9,20.3,1.0,0,2.07,23.07
2022-12-07,2022,12,7,341,0.19,22.0,17.8,81.9,74.3,4.8,14.8,1003.5,18.8,1.0,0,0.59,22.22
2022-12-08,2022,12,8,342,0.0,23.8,16.6,73.4,81.6,3.0,15.0,1006.1,18.2,1.0,0,0.59,17.09
2022-12-09,2022,12,9,343,0.0,23.4,17.4,74.9,56.0,6.5,12.6,1005.1,17.5,1.0,0,0.59,14.96
2022-12-10,2022,12,10,344,0.0,22.8,16.5,77.2,57.9,6.5,14.2,1004.1,19.5,1.0,0,0.17,14.41
2022-12-11,2022,12,11,345,0.0,22.0,16.1,78.0,58.9,6.2,17.2,1007.3,18.4,1.0,0,0.03,13.86
2022-12-12,2022,12,12,346,4.12,24.9,18.0,81.6,76.1,4.8,15.3,1007.6,21.4,1.0,0,0.62,13.2
2022-12-13,2022,12,13,347,0.0,23.6,16.4,77.1,71.9,5.8,18.0,1007.2,18.2,1.0,0,0.62,12.94
2022-12-14,2022,12,14,348,1.42,22.0,16.0,77.4,70.6,4.4,19.4,1006.1,17.4,1.0,0,0.79,12.44
2022-12-15,2022,12,15,349,3.64,23.3,17.1,85.1,72.9,3.8,18.5,1004.9,20.1,1.0,0,1.31,12.42
2022-12-16,2022,12,16,350,0.0,22.0,18.1,83.6,80.1,2.4,22.6,1001.9,19.1,1.0,0,1.31,11.02
2022-12-17,2022,12,17,351,0.34,24.1,16.0,80.5,66.0,5.2,15.8,1005.6,20.7,1.0,0,1.36,10.61
2022-12-18,2022,12,18,352,0.0,25.7,16.0,74.8,72.0,4.2,20.2,1002.5,21.0,1.0,0,1.36,9.01
2022-12-19,2022,12,19,353,0.0,24.2,16.0,79.1,82.7,3.9,20.2,1006.2,20.7,1.0,0,0.77,6.92
2022-12-20,2022,12,20,354,0.0,22.0,16.0,82.3,60.3,5.3,11.9,1005.3,19.0,1.0,0,0.77,5.2
2022-12-21,2022,12,21,355,0.0,22.0,16.7,75.9,58.1,4.8,17.4,1003.1,18.4,1.0,0,0.57,5.09
2022-12-22,2022,12,22,356,0.0,22.5,16.0,82.0,49.1,6.5,21.0,1006.5,19.5,1.0,0,0.05,4.82
2022-12-23,2022,12,23,357,0.0,22.0,17.5,84.2,70.5,3.0,14.4,1001.9,19.6,1.0,0,0.05,4.61
2022-12-24,2022,12,24,358,0.0,23.7,16.0,80.1,59.8,5.4,12.6,1004.2,21.0,1.0,0,0.0,4.49
2022-12-25,2022,12,25,359,0.0,23.3,17.3,78.4,60.4,4.9,16.7,1005.5,19.6,1.0,0,0.0,4.37
2022-12-26,2022,12,26,360,0.0,22.0,16.9,77.0,75.9,4.9,16.0,1005.1,17.5,1.0,0,0.0,3.65
2022-12-27,2022,12,27,361,2.17,22.0,16.0,79.0,66.0,6.0,23.1,1003.1,18.5,1.0,0,0.31,2.77
2022-12-28,2022,12,28,362,0.0,22.0,16.0,76.8,51.9,6.3,18.6,999.7,17.4,1.0,0,0.31,1.72
2022-12-29,2022,12,29,363,0.0,24.5,16.7,70.0,51.7,4.8,16.8,1006.2,18.3,1.0,0,0.31,0.88
2022-12-30,2022,12,30,364,0.0,22.0,17.1,79.9,53.5,5.3,12.0,1010.9,18.8,1.0,0,0.31,0.53
2022-12-31,2022,12,31,365,0.0,22.0,18.1,74.7,59.2,5.6,9.5,1006.0,16.3,1.0,0,0.31,0.53
2023-01-01,2023,1,1,1,0.0,22.0,16.7,83.8,61.6,4.6,18.6,1003.4,19.0,1.0,0,0.31,0.53
2023-01-02,2023,1,2,2,0.0,23.5,16.4,84.9,70.7,4.2,15.8,1005.5,21.0,1.0,0,0.31,0.43
2023-01-03,2023,1,3,3,0.0,22.0,16.5,72.6,56.3,7.2,14.0,1006.1,17.0,1.04,0,0.0,0.4
2023-01-04,2023,1,4,4,0.0,23.8,16.1,74.1,51.8,6.0,14.2,1005.5,18.9,1.0,0,0.0,0.4
2023-01-05,2023,1,5,5,0.0,22.0,16.0,71.3,54.1,6.1,16.0,1004.5,16.2,1.0,0,0.0,0.4
2023-01-06,2023,1,6,6,0.3,22.0,16.0,69.1,41.9,7.6,11.8,1005.7,17.0,1.0,0,0.04,0.4
2023-01-07,2023,1,7,7,0.0,23.1,16.9,72.3,47.9,6.0,6.0,1005.1,17.7,1.0,0,0.04,0.4
2023-01-08,2023,1,8,8,0.0,22.0,16.0,72.4,51.7,5.8,11.4,1008.9,16.5,1.0,0,0.04,0.4
2023-01-09,2023,1,9,9,0.54,22.6,16.6,67.1,60.3,5.3,13.1,1004.3,16.8,1.0,0,0.12,0.42
2023-01-10,2023,1,10,10,0.28,22.0,16.4,67.5,54.5,6.2,9.9,1005.0,15.1,1.0,0,0.16,0.43
2023-01-11,2023,1,11,11,0.64,23.9,17.2,60.0,45.4,7.7,13.2,1003.1,15.6,1.0,0,0.25,0.31
2023-01-12,2023,1,12,12,0.77,22.7,16.7,67.0,50.4,5.6,20.0,1005.0,15.6,1.0,0,0.36,0.34
2023-01-13,2023,1,13,13,0.0,25.3,16.0,74.4,58.7,5.7,12.7,1006.4,19.9,1.0,0,0.32,0.29
2023-01-14,2023,1,14,14,0.0,23.1,16.0,76.6,49.5,4.2,8.1,1004.6,18.6,1.0,0,0.32,0.17
2023-01-15,2023,1,15,15,0.0,22.0,17.7,62.7,50.0,6.5,13.2,1007.0,14.7,1.0,0,0.32,0.17
2023-01-16,2023,1,16,16,0.85,22.0,16.0,65.4,40.4,7.8,13.3,1006.8,15.6,1.0,0,0.36,0.18
2023-01-17,2023,1,17,17,0.0,22.0,18.1,75.0,50.3,6.7,12.2,1006.3,16.9,1.0,0,0.32,0.18
2023-01-18,2023,1,18,18,0.0,22.0,16.0,66.4,51.6,8.0,8.1,1007.3,16.3,1.0,0,0.23,0.18
2023-01-19,2023,1,19,19,0.0,22.0,16.7,67.7,51.2,5.9,14.3,1005.4,15.7,1.0,0,0.12,0.18
2023-01-20,2023,1,20,20,0.0,24.5,17.5,66.6,28.0,8.5,19.1,1003.9,17.7,1.0,0,0.12,0.18
2023-01-21,2023,1,21,21,0.0,22.0,16.6,72.8,46.6,6.7,15.7,1005.9,17.4,1.0,0,0.12,0.18
2023-01-22,2023,1,22,22,0.83,23.7,16.8,76.0,51.9,6.8,15.2,1002.2,19.5,1.0,0,0.24,0.21
2023-01-23,2023,1,23,23,2.51,22.1,17.3,70.1,39.5,9.1,7.6,1003.4,16.1,1.09,0,0.48,0.3
2023-01-24,2023,1,24,24,0.0,25.1,17.6,66.6,47.9,7.7,9.9,1005.6,18.6,1.0,0,0.48,0.3
2023-01-25,2023,1,25,25,0.0,22.0,17.3,67.3,31.8,8.0,8.5,1001.9,15.6,1.0,0,0.48,0.3
2023-01-26,2023,1,26,26,0.59,24.4,18.1,71.8,35.0,6.8,10.9,1004.6,18.8,1.0,0,0.56,0.24
2023-01-27,2023,1,27,27,0.6,22.0,16.1,70.1,18.3,10.5,13.6,1010.6,15.5,1.0,0,0.65,0.26
2023-01-28,2023,1,28,28,0.0,23.8,18.7,66.5,35.3,8.2,13.2,1006.7,16.9,1.0,0,0.65,0.26
2023-01-29,2023,1,29,29,0.0,24.8,16.0,67.1,20.9,10.1,11.3,1004.6,18.6,1.0,0,0.53,0.26
2023-01-30,2023,1,30,30,0.0,22.0,17.9,64.2,45.8,6.0,7.6,1003.6,15.2,1.0,0,0.17,0.26
2023-01-31,2023,1,31,31,0.0,22.0,17.3,64.1,51.3,5.9,13.2,1005.9,15.2,1.0,0,0.17,0.26
2023-02-01,2023,2,1,32,2.74,22.0,19.5,62.3,27.8,8.1,12.5,1003.2,14.4,1.0,0,0.56,0.36
2023-02-02,2023,2,2,33,0.0,22.0,17.2,71.0,36.8,8.6,5.0,1008.2,17.1,1.0,0,0.48,0.36
2023-02-03,2023,2,3,34,0.14,22.0,17.7,57.2,33.3,6.6,11.4,1002.8,13.1,1.24,0,0.41,0.36
2023-02-04,2023,2,4,35,0.0,22.5,16.0,67.1,28.7,7.7,6.4,1004.2,15.8,1.0,0,0.41,0.36
2023-02-05,2023,2,5,36,0.0,23.8,18.0,65.7,37.7,8.1,9.2,1004.6,17.3,1.0,0,0.41,0.35
2023-02-06,2023,2,6,37,2.31,23.3,17.4,66.3,33.6,6.7,7.2,1006.8,16.9,1.0,0,0.74,0.43
2023-02-07,2023,2,7,38,0.0,22.4,18.0,62.9,21.3,9.8,10.3,1005.8,15.0,1.02,0,0.74,0.43
2023-02-08,2023,2,8,39,0.0,22.0,16.0,64.0,35.6,7.7,10.7,1002.5,15.9,1.0,0,0.35,0.41
2023-02-09,2023,2,9,40,0.0,22.3,16.6,72.0,40.1,5.5,10.8,1001.7,18.2,1.0,0,0.35,0.4
2023-02-10,2023,2,10,41,0.0,23.6,17.5,65.1,15.7,11.0,10.1,1006.1,17.0,1.0,0,0.33,0.38
2023-02-11,2023,2,11,42,0.08,24.5,17.2,65.3,31.8,6.9,10.1,1001.5,17.6,1.0,0,0.34,0.35
2023-02-12,2023,2,12,43,0.0,22.0,17.7,65.2,28.0,9.4,7.8,1004.6,14.9,1.0,0,0.34,0.35
2023-02-13,2023,2,13,44,0.0,23.7,17.6,61.4,31.4,9.4,9.7,1004.5,15.8,1.15,0,0.01,0.35
2023-02-14,2023,2,14,45,0.0,23.9,16.9,61.8,39.7,8.0,11.4,1004.3,16.6,1.0,0,0.01,0.35
2023-02-15,2023,2,15,46,0.0,22.2,17.2,66.0,40.1,8.5,9.1,1005.7,15.1,1.0,0,0.01,0.33
2023-02-16,2023,2,16,47,0.6,24.5,16.7,60.6,36.1,6.9,9.1,1008.8,16.2,1.0,0,0.1,0.35
2023-02-17,2023,2,17,48,7.32,25.2,20.9,66.4,33.6,7.8,7.0,1003.9,18.4,1.0,0,1.14,0.59
2023-02-18,2023,2,18,49,9.42,23.0,18.1,72.1,33.5,9.4,11.9,1003.6,17.2,1.0,0,2.48,0.9
2023-02-19,2023,2,19,50,0.0,22.6,19.9,60.5,10.3,11.9,12.0,1002.3,13.7,1.0,0,2.48,0.9
2023-02-20,2023,2,20,51,0.3,27.3,16.6,62.8,34.0,10.1,11.3,1005.1,18.3,1.0,0,2.52,0.91
2023-02-21,2023,2,21,52,0.0,25.3,17.8,61.8,34.4,7.9,7.8,1004.0,17.3,1.0,0,2.52,0.89
2023-02-22,2023,2,22,53,1.83,24.5,17.4,65.6,15.5,10.2,12.0,1005.3,17.4,1.0,0,2.78,0.86
2023-02-23,2023,2,23,54,0.0,23.3,18.5,63.2,30.5,9.4,8.6,1005.7,16.1,1.0,0,2.7,0.86
2023-02-24,2023,2,24,55,2.59,23.2,18.3,61.0,34.4,8.1,5.0,1005.2,14.5,1.0,0,2.02,0.95
2023-02-25,2023,2,25,56,0.0,25.4,16.8,60.2,17.7,8.3,11.0,1001.9,16.3,1.0,0,0.67,0.93
2023-02-26,2023,2,26,57,0.0,23.4,18.8,59.6,30.7,9.3,5.1,1004.8,15.5,1.1,0,0.67,0.91
2023-02-27,2023,2,27,58,0.0,23.4,18.6,59.2,14.8,10.2,6.0,1004.5,14.7,1.0,0,0.63,0.91
2023-02-28,2023,2,28,59,0.0,24.6,18.7,55.0,20.2,10.1,8.0,1003.6,15.0,1.12,0,0.63,0.91
2023-03-01,2023,3,1,60,0.0,25.9,19.8,62.5,15.5,10.9,9.2,1004.6,18.9,1.04,0,0.37,0.91
2023-03-02,2023,3,2,61,10.8,27.7,19.7,63.5,34.9,8.9,11.8,1004.5,19.4,1.0,0,1.91,1.27
2023-03-03,2023,3,3,62,0.0,25.5,20.5,63.5,31.3,9.1,5.0,1004.4,18.3,1.0,0,1.54,1.18
2023-03-04,2023,3,4,63,14.64,24.0,19.1,67.6,26.8,9.4,11.4,1004.9,17.4,1.04,0,3.63,1.67
2023-03-05,2023,3,5,64,0.0,25.0,19.8,59.8,12.7,11.1,5.0,1004.9,16.2,1.0,0,3.63,1.66
2023-03-06,2023,3,6,65,0.0,27.4,18.6,59.4,43.6,6.7,8.1,1005.9,18.9,1.01,0,3.63,1.66
2023-03-07,2023,3,7,66,3.5,27.4,19.1,57.5,23.9,9.2,8.0,1002.8,18.4,1.34,0,4.13,1.78
2023-03-08,2023,3,8,67,0.0,27.6,19.7,61.6,22.5,9.0,5.0,1006.5,20.0,1.0,0,4.13,1.7
2023-03-09,2023,3,9,68,0.0,27.3,18.5,60.6,15.9,10.2,14.1,1006.4,18.9,1.16,0,2.59,1.7
2023-03-10,2023,3,10,69,2.66,28.8,19.2,59.6,14.7,10.2,5.0,1003.4,19.7,1.13,0,2.97,1.79
2023-03-11,2023,3,11,70,0.56,26.4,17.7,55.0,26.0,7.9,8.0,1006.0,15.9,1.0,0,0.96,1.81
2023-03-12,2023,3,12,71,4.12,27.3,20.8,61.8,26.4,8.7,7.1,1006.5,18.8,1.0,0,1.55,1.95
2023-03-13,2023,3,13,72,3.61,25.1,20.9,61.8,19.1,10.9,7.1,1004.4,16.9,1.0,0,2.06,2.06
2023-03-14,2023,3,14,73,0.0,26.8,18.0,65.0,30.3,8.6,5.0,1001.1,18.8,1.0,0,1.56,2.06
2023-03-15,2023,3,15,74,0.0,26.9,21.0,60.6,19.6,10.1,8.9,1007.2,18.1,1.0,0,1.56,2.06
2023-03-16,2023,3,16,75,22.12,27.8,20.8,73.0,39.1,9.7,17.6,1003.1,22.6,1.26,0,4.72,2.8
2023-03-17,2023,3,17,76,2.6,25.9,20.1,59.1,24.6,9.8,7.3,1004.5,16.5,1.0,0,4.72,2.89
2023-03-18,2023,3,18,77,9.71,24.6,20.2,63.4,24.0,10.9,9.4,1003.8,17.8,1.0,0,6.02,3.19
2023-03-19,2023,3,19,78,0.0,26.2,20.6,56.2,26.5,9.6,6.9,1005.4,17.2,1.0,0,5.43,2.95
2023-03-20,2023,3,20,79,9.98,28.8,18.4,63.4,33.9,8.3,11.4,1002.5,21.2,1.0,0,6.34,2.97
2023-03-21,2023,3,21,80,22.39,27.0,22.9,71.4,40.9,7.6,13.4,1008.3,22.1,1.0,0,9.54,3.71
2023-03-22,2023,3,22,81,6.24,28.1,17.6,66.4,13.7,11.0,5.0,1004.3,20.6,1.29,0,10.43,3.91
2023-03-23,2023,3,23,82,0.85,26.7,18.5,61.4,29.9,9.2,5.0,1008.0,18.3,1.0,0,7.4,3.94
2023-03-24,2023,3,24,83,0.53,29.3,21.7,55.0,24.3,10.6,5.0,1005.5,18.4,1.38,0,7.1,3.9
2023-03-25,2023,3,25,84,17.44,27.7,21.6,61.0,30.8,10.9,10.0,1003.0,19.1,1.15,0,8.2,4.48
2023-03-26,2023,3,26,85,2.85,27.8,22.6,60.4,4.2,12.4,10.4,1003.6,19.3,1.03,0,8.61,4.49
2023-03-27,2023,3,27,86,5.09,30.1,20.8,59.6,9.9,11.2,5.0,1004.7,21.4,1.14,0,7.91,4.66
2023-03-28,2023,3,28,87,0.22,30.6,19.6,62.8,19.5,10.6,8.4,1005.1,23.5,1.04,0,4.75,4.66
2023-03-29,2023,3,29,88,0.0,30.4,20.9,61.9,6.5,11.9,11.7,999.1,22.2,1.13,0,3.85,4.66
2023-03-30,2023,3,30,89,0.0,28.0,22.0,61.4,34.4,8.9,6.0,1003.0,20.2,1.12,0,3.73,4.66
2023-03-31,2023,3,31,90,3.18,27.7,20.2,59.2,14.1,10.4,7.2,1004.6,18.8,1.12,0,4.11,4.77
2023-04-01,2023,4,1,91,10.94,27.4,19.9,65.2,16.5,10.0,11.6,1003.9,20.5,1.04,0,3.18,4.77
2023-04-02,2023,4,2,92,1.12,26.7,21.3,61.9,18.1,10.6,9.5,1000.7,18.5,1.0,0,2.94,4.81
2023-04-03,2023,4,3,93,0.0,27.6,20.5,58.7,18.3,9.5,6.0,1004.8,18.4,1.17,0,2.21,4.32
2023-04-04,2023,4,4,94,4.45,27.9,21.2,61.2,24.1,9.7,8.9,1006.7,20.5,1.0,0,2.81,4.47
2023-04-05,2023,4,5,95,2.86,27.4,20.8,62.7,4.2,13.0,5.0,1005.2,20.0,1.29,0,3.22,4.57
2023-04-06,2023,4,6,96,5.81,27.2,22.3,58.4,11.4,10.0,9.1,1005.1,18.4,1.3,0,4.05,4.64
2023-04-07,2023,4,7,97,29.31,27.6,21.2,67.2,28.1,9.0,11.5,1005.5,21.7,1.0,0,7.78,5.62
2023-04-08,2023,4,8,98,0.0,29.6,21.2,57.6,24.9,9.4,11.9,1008.0,20.2,1.28,0,6.22,5.62
2023-04-09,2023,4,9,99,3.07,30.5,22.7,65.6,22.2,10.8,12.5,1003.9,23.5,1.34,0,6.5,5.64
2023-04-10,2023,4,10,100,0.0,30.5,20.7,58.2,21.9,10.3,6.6,1008.4,21.1,1.0,0,6.5,5.62
2023-04-11,2023,4,11,101,0.88,29.4,21.0,60.9,30.3,9.8,11.3,1002.1,20.8,1.2,0,5.99,5.51
2023-04-12,2023,4,12,102,0.0,29.8,22.6,63.0,21.6,10.9,5.0,1004.2,21.8,1.0,0,5.58,5.39
2023-04-13,2023,4,13,103,0.0,31.0,21.2,57.4,24.7,11.7,7.3,1008.6,21.9,1.33,0,4.75,5.39
2023-04-14,2023,4,14,104,0.0,30.8,23.9,64.0,22.3,8.5,11.1,1006.1,21.5,1.12,0,0.56,5.39
2023-04-15,2023,4,15,105,6.79,31.5,21.2,67.5,37.5,10.9,9.0,1002.6,24.3,1.25,0,1.53,4.88
2023-04-16,2023,4,16,106,0.95,29.4,22.4,55.0,27.0,10.5,9.5,1003.4,20.6,1.13,0,1.23,4.82
2023-04-17,2023,4,17,107,28.36,33.6,21.6,71.3,13.5,12.8,11.7,1003.7,26.0,1.24,0,5.28,5.44
2023-04-18,2023,4,18,108,0.0,32.0,24.5,65.0,27.2,9.2,5.5,1004.3,24.0,1.31,0,5.16,5.44
2023-04-19,2023,4,19,109,2.07,32.3,21.6,60.4,38.1,8.6,7.2,1007.6,23.3,1.42,0,5.45,5.18
2023-04-20,2023,4,20,110,9.71,29.8,25.3,67.3,38.3,7.6,7.4,1000.3,23.9,1.0,0,6.84,4.76
2023-04-21,2023,4,21,111,3.01,29.9,23.2,57.2,19.2,9.1,6.6,1008.4,20.3,1.0,0,7.27,4.65
2023-04-22,2023,4,22,112,12.29,30.6,22.9,59.9,32.3,9.1,13.5,1004.5,22.5,1.0,0,8.06,5.03
2023-04-23,2023,4,23,113,0.0,32.9,20.7,59.6,15.5,10.4,5.2,1002.1,24.4,1.0,0,7.92,5.01
2023-04-24,2023,4,24,114,0.0,30.2,25.3,57.5,21.2,10.0,5.0,1006.3,20.9,1.26,0,3.87,4.43
2023-04-25,2023,4,25,115,2.16,32.7,24.0,64.0,19.9,9.7,13.9,1001.8,24.8,1.11,0,4.18,4.41
2023-04-26,2023,4,26,116,4.1,34.4,22.1,64.8,28.0,9.9,8.1,1001.9,26.0,1.54,0,4.47,4.38
2023-04-27,2023,4,27,117,2.41,31.2,23.0,69.9,45.8,7.9,11.9,1004.2,24.6,1.0,0,3.42,4.45
2023-04-28,2023,4,28,118,0.43,31.0,21.7,65.3,13.2,11.1,12.5,1007.9,23.7,1.37,0,3.06,4.46
2023-04-29,2023,4,29,119,1.21,31.5,22.9,60.2,30.2,8.6,8.8,1003.1,22.9,1.0,0,1.47,4.5
2023-04-30,2023,4,30,120,2.79,32.5,23.8,63.6,21.2,9.5,11.4,1006.9,24.7,1.04,0,1.87,4.49
2023-05-01,2023,5,1,121,8.87,34.3,25.9,67.0,23.6,10.1,8.1,1008.0,26.0,1.19,0,3.14,4.42
2023-05-02,2023,5,2,122,0.0,34.5,27.1,64.5,30.5,8.4,5.0,1005.8,26.0,1.0,0,2.83,4.38
2023-05-03,2023,5,3,123,17.65,34.3,24.8,60.8,31.0,9.5,11.9,1005.0,25.6,1.0,0,4.77,4.97
2023-05-04,2023,5,4,124,7.22,30.3,22.4,64.1,32.3,8.2,15.6,1002.0,22.8,1.01,0,5.45,5.07
2023-05-05,2023,5,5,125,14.32,33.1,27.1,72.7,35.9,9.7,5.5,1004.2,26.0,1.0,0,7.44,5.45
2023-05-06,2023,5,6,126,14.56,32.1,22.3,70.3,34.2,8.4,12.8,1006.1,26.0,1.0,0,9.34,5.74
2023-05-07,2023,5,7,127,1.55,34.2,25.5,64.0,29.5,10.6,7.7,1005.9,26.0,1.0,0,9.17,4.81
2023-05-08,2023,5,8,128,8.36,35.1,24.7,64.9,30.8,9.8,5.0,1003.2,26.0,1.27,0,9.09,5.09
2023-05-09,2023,5,9,129,0.0,33.1,26.2,62.9,26.5,9.1,8.6,1005.8,25.5,1.34,0,9.09,4.99
2023-05-10,2023,5,10,130,9.17,36.8,23.9,67.7,34.3,9.3,8.9,1003.5,26.0,1.32,0,7.88,5.3
2023-05-11,2023,5,11,131,3.47,32.7,26.1,61.8,25.5,10.8,7.4,1007.4,24.3,1.0,0,7.35,5.38
2023-05-12,2023,5,12,132,0.0,35.0,26.7,65.0,42.3,7.6,9.1,1003.0,26.0,1.0,0,5.3,5.38
2023-05-13,2023,5,13,133,8.28,37.5,25.5,68.0,21.9,9.8,10.4,1004.1,26.0,1.29,0,4.4,5.66
2023-05-14,2023,5,14,134,0.0,35.8,25.1,62.7,18.6,10.8,5.0,1008.5,26.0,1.07,0,4.18,5.66
2023-05-15,2023,5,15,135,7.17,35.4,26.4,66.0,46.8,8.6,15.8,1003.5,26.0,1.16,0,4.01,5.67
2023-05-16,2023,5,16,136,12.98,34.4,26.9,65.0,41.5,8.2,16.0,1005.8,26.0,1.0,0,5.87,6.07
2023-05-17,2023,5,17,137,0.0,35.7,24.8,69.3,24.4,10.3,14.4,1005.4,26.0,1.0,0,4.56,5.13
2023-05-18,2023,5,18,138,0.0,34.0,24.6,67.1,39.4,9.6,9.8,1007.3,26.0,1.22,0,4.06,5.13
2023-05-19,2023,5,19,139,1.77,36.7,24.7,67.3,28.9,9.0,10.5,1004.7,26.0,1.0,0,4.31,5.12
2023-05-20,2023,5,20,140,19.97,34.0,22.9,74.9,47.7,6.8,16.6,1001.9,26.0,1.0,0,5.98,5.46
2023-05-21,2023,5,21,141,3.5,34.8,26.8,56.3,32.2,10.1,15.8,1003.5,25.0,1.38,0,6.48,5.47
2023-05-22,2023,5,22,142,4.35,34.0,25.7,74.7,44.2,8.5,14.9,1006.1,26.0,1.0,0,6.08,5.21
2023-05-23,2023,5,23,143,4.05,34.9,25.4,57.4,34.6,7.8,11.0,1003.8,25.3,1.0,0,4.81,5.34
2023-05-24,2023,5,24,144,3.08,34.8,25.3,71.3,32.4,10.5,11.6,1008.2,26.0,1.08,0,5.25,5.45
2023-05-25,2023,5,25,145,12.39,32.6,26.4,71.9,38.6,9.2,15.4,1005.1,26.0,1.0,0,7.02,5.79
2023-05-26,2023,5,26,146,34.19,35.7,25.2,72.7,50.7,7.8,14.6,1002.3,26.0,1.0,0,11.65,6.79
2023-05-27,2023,5,27,147,1.68,35.1,27.1,68.2,27.2,9.6,12.1,1008.1,26.0,1.0,0,9.03,6.77
2023-05-28,2023,5,28,148,6.1,33.9,25.7,71.9,37.2,8.3,8.2,1004.1,26.0,1.0,0,9.41,6.96
2023-05-29,2023,5,29,149,2.13,34.9,24.8,66.4,36.8,9.0,6.4,1001.0,26.0,1.0,0,9.09,6.99
2023-05-30,2023,5,30,150,0.0,36.6,27.0,72.4,41.6,9.2,9.7,1004.3,26.0,1.0,0,8.51,6.89
2023-05-31,2023,5,31,151,13.69,33.5,25.3,67.3,38.4,7.9,12.0,1001.0,26.0,1.22,0,10.03,7.05
2023-06-01,2023,6,1,152,99.26,36.0,26.3,78.2,81.0,4.3,22.0,1003.6,26.0,1.0,1,22.44,10.36
2023-06-02,2023,6,2,153,180.8,38.0,27.6,78.2,63.3,6.9,23.5,1001.4,26.0,1.0,1,43.38,15.8
2023-06-03,2023,6,3,154,108.63,35.8,26.5,77.4,75.9,5.8,25.2,1004.7,26.0,1.0,1,58.66,19.18
2023-06-04,2023,6,4,155,129.01,38.0,26.7,84.2,84.4,3.5,23.4,1002.1,26.0,1.0,1,76.22,23.0
2023-06-05,2023,6,5,156,43.97,38.0,26.1,86.9,88.9,3.7,19.9,1008.2,26.0,1.0,1,82.19,23.98
2023-06-06,2023,6,6,157,219.1,37.2,26.9,87.6,71.5,5.0,24.3,1003.3,26.0,1.0,1,113.49,31.24
2023-06-07,2023,6,7,158,152.66,36.7,26.0,83.1,64.6,6.1,26.0,1003.8,26.0,1.0,1,133.35,36.05
2023-06-08,2023,6,8,159,120.99,36.8,27.4,90.0,92.2,3.4,21.3,1003.8,26.0,1.0,1,136.45,40.08
2023-06-09,2023,6,9,160,123.89,37.6,26.4,88.8,87.8,3.9,27.2,1003.2,26.0,1.0,1,128.32,43.9
2023-06-10,2023,6,10,161,37.31,38.0,26.6,78.2,63.5,7.1,19.6,1005.4,26.0,1.0,1,118.13,45.03
2023-06-11,2023,6,11,162,63.82,37.8,25.7,82.5,55.5,7.0,19.7,1003.5,26.0,1.0,1,108.82,47.16
2023-06-12,2023,6,12,163,63.7,38.0,27.6,85.0,71.1,4.1,22.7,1003.4,26.0,1.0,1,111.64,49.01
2023-06-13,2023,6,13,164,192.91,35.4,26.3,82.8,85.2,3.4,22.5,1003.6,26.0,1.0,1,107.9,55.44
2023-06-14,2023,6,14,165,47.34,36.4,25.7,79.1,55.2,9.2,24.2,1005.3,26.0,1.36,1,92.85,56.78
2023-06-15,2023,6,15,166,319.66,37.3,26.5,89.4,75.8,4.3,19.8,1001.6,26.0,1.0,1,121.23,67.0
2023-06-16,2023,6,16,167,109.63,38.0,28.0,90.2,83.1,4.6,23.3,998.3,26.0,1.06,1,119.2,70.65
2023-06-17,2023,6,17,168,91.34,34.7,27.9,82.1,75.6,6.1,27.8,1003.4,26.0,1.0,1,126.91,73.7
2023-06-18,2023,6,18,169,178.38,38.0,24.5,88.6,93.8,4.6,27.0,1003.9,26.0,1.0,1,143.28,79.58
2023-06-19,2023,6,19,170,62.13,37.5,26.4,86.9,72.8,5.4,26.2,1000.7,26.0,1.0,1,143.06,80.99
2023-06-20,2023,6,20,171,147.79,38.0,28.0,83.2,78.8,5.3,21.8,1000.6,26.0,1.12,1,136.61,85.8
2023-06-21,2023,6,21,172,151.14,37.5,28.0,89.1,100.0,2.5,22.9,1000.8,26.0,1.0,1,151.44,90.69
2023-06-22,2023,6,22,173,125.16,36.4,25.8,90.0,96.1,2.3,29.2,999.5,26.0,1.0,1,123.65,94.73
2023-06-23,2023,6,23,174,281.2,38.0,28.0,90.7,95.6,2.9,29.0,1003.7,26.0,1.0,1,148.16,104.0
2023-06-24,2023,6,24,175,174.64,37.4,25.7,87.5,83.4,3.7,23.8,1005.0,26.0,1.0,1,160.06,109.41
2023-06-25,2023,6,25,176,55.05,36.6,26.4,87.7,69.7,6.7,28.8,1000.5,26.0,1.0,1,142.44,110.1
2023-06-26,2023,6,26,177,123.52,38.0,26.1,89.7,90.8,4.9,26.8,1003.6,26.0,1.0,1,151.21,114.16
2023-06-27,2023,6,27,178,48.05,38.0,28.0,86.7,87.2,4.0,20.9,1003.1,26.0,1.0,1,136.97,115.56
2023-06-28,2023,6,28,179,105.91,38.0,27.5,92.8,86.7,3.1,22.7,1001.3,26.0,1.0,1,130.5,119.02
2023-06-29,2023,6,29,180,220.11,38.0,28.0,86.1,77.6,3.9,28.8,1004.9,26.0,1.0,1,144.07,126.36
2023-06-30,2023,6,30,181,390.37,38.0,25.2,86.8,80.7,5.5,28.3,1007.5,26.0,1.0,1,159.66,138.92
2023-07-01,2023,7,1,182,378.49,38.0,28.0,86.2,79.2,4.0,26.3,1000.1,26.0,1.0,1,188.79,148.22
2023-07-02,2023,7,2,183,126.64,38.0,28.0,94.4,93.0,1.9,25.9,1002.8,26.0,1.0,1,199.01,146.42
2023-07-03,2023,7,3,184,391.3,37.0,27.8,90.9,100.0,3.3,25.9,1002.4,26.0,1.0,1,237.27,155.84
2023-07-04,2023,7,4,185,134.0,38.0,28.0,88.5,81.2,4.8,23.2,1002.8,26.0,1.03,1,249.55,156.01
2023-07-05,2023,7,5,186,285.48,34.3,28.0,96.5,100.0,1.6,30.9,1001.8,26.0,1.0,1,275.2,164.06
2023-07-06,2023,7,6,187,813.29,38.0,28.0,90.8,93.6,3.1,31.8,1003.8,26.0,1.0,1,359.94,183.86
2023-07-07,2023,7,7,188,121.23,38.0,27.3,83.0,94.1,3.8,20.5,1003.1,26.0,1.0,1,321.49,182.82
2023-07-08,2023,7,8,189,88.09,38.0,28.0,88.8,90.4,4.0,27.9,999.8,26.0,1.0,1,280.0,181.72
2023-07-09,2023,7,9,190,119.33,35.6,26.8,92.6,83.8,3.9,29.0,1002.4,26.0,1.0,1,278.96,181.57
2023-07-10,2023,7,10,191,327.13,38.0,25.9,94.2,98.7,2.0,30.7,1003.0,26.0,1.0,1,269.79,191.23
2023-07-11,2023,7,11,192,144.53,37.2,26.6,90.2,100.0,1.9,27.3,1005.1,26.0,1.0,1,271.3,193.92
2023-07-12,2023,7,12,193,152.25,38.0,27.9,91.4,100.0,2.7,28.2,1001.7,26.0,1.0,1,252.26,196.87
2023-07-13,2023,7,13,194,405.07,38.0,26.1,91.5,100.0,3.2,29.7,1002.8,26.0,1.0,1,193.95,203.94
2023-07-14,2023,7,14,195,207.15,37.1,27.7,96.2,100.0,2.9,29.5,1000.6,26.0,1.0,1,206.22,209.27
2023-07-15,2023,7,15,196,49.09,38.0,25.0,96.4,89.4,2.6,26.9,1005.2,26.0,1.0,1,200.65,200.25
2023-07-16,2023,7,16,197,57.83,36.0,27.2,89.1,84.6,4.5,22.4,1002.8,26.0,1.0,1,191.86,198.52
2023-07-17,2023,7,17,198,73.24,37.7,27.9,98.0,93.5,1.9,24.6,1005.7,26.0,1.0,1,155.59,197.92
2023-07-18,2023,7,18,199,60.71,36.2,26.7,93.4,92.5,4.5,25.5,1002.1,26.0,1.0,1,143.62,194.0
2023-07-19,2023,7,19,200,151.02,38.0,27.2,94.2,100.0,3.8,25.1,1002.1,26.0,1.0,1,143.44,196.96
2023-07-20,2023,7,20,201,103.22,35.7,27.5,93.5,98.9,2.5,35.0,1002.9,26.0,1.0,1,100.32,195.47
2023-07-21,2023,7,21,202,10.64,37.7,27.0,81.0,66.5,5.3,16.6,1004.9,26.0,1.0,1,72.25,190.79
2023-07-22,2023,7,22,203,17.71,37.0,27.8,83.9,86.1,4.2,23.6,1006.1,26.0,1.0,1,67.77,187.21
2023-07-23,2023,7,23,204,185.44,36.7,25.4,91.8,100.0,2.0,34.8,1005.5,26.0,1.0,1,86.0,184.02
2023-07-24,2023,7,24,205,270.12,38.0,26.0,91.7,100.0,1.6,31.1,1000.9,26.0,1.0,1,114.12,187.2
2023-07-25,2023,7,25,206,220.81,36.1,26.2,97.9,100.0,1.1,28.1,1001.8,26.0,1.0,1,136.99,192.73
2023-07-26,2023,7,26,207,235.16,36.9,27.1,98.0,100.0,3.5,31.1,997.4,26.0,1.0,1,149.01,196.45
2023-07-27,2023,7,27,208,85.76,38.0,28.0,92.9,100.0,3.1,26.6,1000.3,26.0,1.0,1,146.52,197.7
2023-07-28,2023,7,28,209,129.15,38.0,28.0,95.7,100.0,2.0,26.5,1002.4,26.0,1.0,1,163.45,198.48
2023-07-29,2023,7,29,210,62.78,34.9,25.3,98.0,88.1,4.0,34.4,1006.1,26.0,1.0,1,169.89,193.23
2023-07-30,2023,7,30,211,154.62,37.3,27.5,93.3,100.0,2.1,26.1,999.4,26.0,1.0,1,165.49,185.38
2023-07-31,2023,7,31,212,400.38,38.0,26.6,92.1,100.0,2.2,25.7,1005.0,26.0,1.0,1,184.09,186.11
2023-08-01,2023,8,1,213,101.89,38.0,26.7,89.6,100.0,2.0,33.4,1002.2,26.0,1.0,1,167.11,185.28
2023-08-02,2023,8,2,214,154.22,37.4,26.3,98.0,100.0,3.0,29.6,1003.8,26.0,1.0,1,155.54,177.38
2023-08-03,2023,8,3,215,52.39,35.2,26.8,93.2,99.4,2.1,31.2,1002.1,26.0,1.0,1,150.78,174.66
2023-08-04,2023,8,4,216,54.03,37.3,25.0,90.8,100.0,1.8,17.2,1003.5,26.0,1.0,1,140.04,166.94
2023-08-05,2023,8,5,217,151.99,36.5,26.9,95.9,100.0,1.6,31.4,1000.8,26.0,1.0,1,152.79,144.9
2023-08-06,2023,8,6,218,83.76,37.7,27.4,98.0,100.0,1.3,27.8,998.7,26.0,1.0,1,142.67,143.65
2023-08-07,2023,8,7,219,82.53,38.0,26.0,96.4,100.0,2.6,25.9,1003.3,26.0,1.0,1,97.26,143.46
2023-08-08,2023,8,8,220,98.74,35.3,26.3,98.0,100.0,1.2,27.7,1004.7,26.0,1.0,1,96.81,142.78
2023-08-09,2023,8,9,221,144.29,38.0,25.4,98.0,100.0,3.3,27.4,1003.1,26.0,1.0,1,95.39,136.68
2023-08-10,2023,8,10,222,65.34,38.0,26.3,98.0,97.8,2.8,29.1,1005.2,26.0,1.0,1,97.24,134.04
2023-08-11,2023,8,11,223,309.63,37.8,26.9,98.0,100.0,0.1,30.6,1000.2,26.0,1.0,1,133.75,139.29
2023-08-12,2023,8,12,224,93.01,37.2,26.5,98.0,100.0,1.9,34.2,1003.8,26.0,1.0,1,125.33,128.89
2023-08-13,2023,8,13,225,172.36,38.0,27.5,98.0,90.3,2.5,26.7,1001.7,26.0,1.0,1,137.99,127.73
2023-08-14,2023,8,14,226,108.21,38.0,27.8,98.0,100.0,0.5,34.0,1006.4,26.0,1.0,1,141.65,129.7
2023-08-15,2023,8,15,227,190.88,35.7,25.9,92.7,100.0,3.0,35.0,999.6,26.0,1.0,1,154.82,134.13
2023-08-16,2023,8,16,228,74.59,36.5,26.2,98.0,100.0,2.7,35.0,1002.8,26.0,1.0,1,144.86,134.18
2023-08-17,2023,8,17,229,169.31,34.7,25.1,94.6,100.0,3.1,35.0,1001.3,26.0,1.0,1,159.71,137.8
2023-08-18,2023,8,18,230,131.58,38.0,25.8,96.5,100.0,2.4,34.1,1000.4,26.0,1.0,1,134.28,137.15
2023-08-19,2023,8,19,231,211.81,36.3,26.4,98.0,100.0,3.2,31.1,1004.9,26.0,1.0,1,151.25,140.77
2023-08-20,2023,8,20,232,99.11,33.2,27.2,98.0,100.0,2.7,35.0,999.1,26.0,1.0,1,140.78,143.72
2023-08-21,2023,8,21,233,141.57,32.3,26.1,98.0,100.0,3.1,35.0,1001.1,26.0,1.1,1,145.55,147.85
2023-08-22,2023,8,22,234,257.41,35.1,26.5,98.0,100.0,2.8,32.5,1001.9,26.0,1.0,1,155.05,150.25
2023-08-23,2023,8,23,235,63.83,34.6,24.5,97.3,100.0,2.9,27.4,1001.4,26.0,1.0,1,153.52,143.37
2023-08-24,2023,8,24,236,52.0,35.1,26.3,97.7,100.0,2.8,26.4,1003.1,26.0,1.0,1,136.76,137.74
2023-08-25,2023,8,25,237,156.31,35.3,24.9,98.0,100.0,1.8,29.2,1002.0,26.0,1.0,1,140.29,135.12
2023-08-26,2023,8,26,238,175.58,37.5,27.8,98.0,100.0,0.8,31.1,1001.3,26.0,1.0,1,135.12,138.11
2023-08-27,2023,8,27,239,80.68,37.6,28.0,98.0,100.0,2.7,35.0,1004.3,26.0,1.0,1,132.48,136.49
2023-08-28,2023,8,28,240,29.46,38.0,27.6,88.2,100.0,1.9,29.2,1002.4,26.0,1.0,1,116.47,135.38
2023-08-29,2023,8,29,241,70.49,37.8,24.6,94.9,100.0,1.2,30.9,1003.4,26.0,1.0,1,89.76,132.58
2023-08-30,2023,8,30,242,257.27,36.1,26.4,98.0,100.0,2.1,32.5,999.3,26.0,1.0,1,117.4,127.81
2023-08-31,2023,8,31,243,121.49,32.9,22.5,98.0,100.0,2.0,32.0,1001.1,26.0,1.0,1,127.33,128.46
2023-09-01,2023,9,1,244,54.65,36.1,26.7,98.0,100.0,2.6,27.2,1001.6,26.0,1.0,1,112.8,125.14
2023-09-02,2023,9,2,245,50.54,32.4,25.3,89.0,95.2,3.3,26.7,1005.2,26.0,1.0,1,94.94,125.08
2023-09-03,2023,9,3,246,166.77,35.2,23.1,98.0,100.0,2.4,35.0,1003.8,26.0,1.0,1,107.24,128.84
2023-09-04,2023,9,4,247,54.58,32.4,25.9,98.0,100.0,1.9,28.9,998.3,26.0,1.0,1,110.83,125.59
2023-09-05,2023,9,5,248,93.92,37.4,24.7,98.0,100.0,0.4,34.1,1003.4,26.0,1.0,1,114.17,125.93
2023-09-06,2023,9,6,249,173.95,34.9,24.6,98.0,100.0,1.7,26.2,1006.2,26.0,1.0,1,102.27,128.98
2023-09-07,2023,9,7,250,56.96,33.9,25.6,98.0,100.0,2.1,28.2,1003.5,26.0,1.0,1,93.05,127.59
2023-09-08,2023,9,8,251,197.05,33.5,26.1,98.0,100.0,3.6,31.5,1000.2,26.0,1.0,1,113.4,129.34
2023-09-09,2023,9,9,252,39.94,34.0,25.1,98.0,100.0,1.0,30.4,1001.9,26.0,1.0,1,111.88,128.5
2023-09-10,2023,9,10,253,71.15,32.8,22.0,98.0,100.0,0.4,35.0,1003.3,26.0,1.0,1,98.22,120.55
2023-09-11,2023,9,11,254,58.95,33.3,25.0,98.0,100.0,2.5,34.4,1000.7,26.0,1.0,1,98.85,119.41
2023-09-12,2023,9,12,255,168.19,30.6,23.3,98.0,100.0,2.1,30.2,1002.7,26.0,1.0,1,109.46,119.27
2023-09-13,2023,9,13,256,174.05,32.1,25.0,96.9,100.0,1.4,35.0,1005.0,26.0,1.0,1,109.47,121.47
2023-09-14,2023,9,14,257,121.61,31.7,24.8,98.0,100.0,2.6,33.0,1003.4,26.0,1.0,1,118.71,119.16
2023-09-15,2023,9,15,258,33.79,34.1,23.9,98.0,100.0,1.0,24.8,1001.2,26.0,1.0,1,95.38,117.8
2023-09-16,2023,9,16,259,132.36,33.2,24.0,98.0,100.0,3.9,35.0,1005.3,26.0,1.0,1,108.59,116.57
2023-09-17,2023,9,17,260,19.57,34.3,21.9,93.3,99.4,2.9,29.8,1000.3,26.0,1.0,1,101.22,112.83
2023-09-18,2023,9,18,261,98.62,32.3,25.9,98.0,100.0,2.7,35.0,1003.0,26.0,1.0,1,106.88,109.06
2023-09-19,2023,9,19,262,289.69,32.9,24.2,98.0,100.0,2.2,30.5,999.1,26.0,1.0,1,124.24,115.41
2023-09-20,2023,9,20,263,96.99,29.6,24.1,98.0,100.0,2.3,35.0,1000.0,26.0,1.0,1,113.23,113.93
2023-09-21,2023,9,21,264,44.9,33.9,24.0,98.0,93.2,2.3,33.8,1000.9,26.0,1.0,1,102.27,106.84
2023-09-22,2023,9,22,265,166.09,34.3,21.4,98.0,100.0,2.3,31.2,1003.6,26.0,1.0,1,121.17,110.25
2023-09-23,2023,9,23,266,103.41,33.2,24.6,98.0,100.0,2.2,35.0,1003.1,26.0,1.0,1,117.04,111.97
2023-09-24,2023,9,24,267,107.72,30.8,22.9,98.0,100.0,3.0,34.2,1002.0,26.0,1.0,1,129.63,110.35
2023-09-25,2023,9,25,268,56.1,32.8,23.4,98.0,100.0,1.9,31.8,1004.4,26.0,1.0,1,123.56,106.36
2023-09-26,2023,9,26,269,66.01,32.1,22.5,98.0,100.0,2.1,29.0,1002.4,26.0,1.0,1,91.6,105.88
2023-09-27,2023,9,27,270,117.48,28.8,21.6,98.0,100.0,1.0,31.7,1004.1,26.0,1.0,1,94.53,108.81
2023-09-28,2023,9,28,271,76.32,33.4,22.3,98.0,100.0,2.7,35.0,1004.8,26.0,1.0,1,99.02,109.0
2023-09-29,2023,9,29,272,92.4,29.8,22.7,98.0,100.0,2.0,35.0,1000.9,26.0,1.0,1,88.49,103.51
2023-09-30,2023,9,30,273,126.58,32.2,22.8,98.0,100.0,2.2,35.0,1001.0,26.0,1.0,1,91.8,103.68
2023-10-01,2023,10,1,274,3.69,31.2,22.1,98.0,100.0,2.5,26.5,1000.8,26.0,1.0,1,76.94,101.98
2023-10-02,2023,10,2,275,10.46,33.1,22.5,95.8,100.0,2.3,22.7,1003.2,26.0,1.0,1,70.42,100.64
2023-10-03,2023,10,3,276,8.79,29.6,22.1,90.1,83.0,3.2,29.5,1006.5,26.0,1.0,1,62.25,95.38
2023-10-04,2023,10,4,277,5.92,30.0,20.8,88.7,90.3,3.8,20.2,1004.8,26.0,1.0,1,46.31,93.76
2023-10-05,2023,10,5,278,32.4,31.7,22.3,98.0,98.8,2.3,29.9,1003.1,26.0,1.0,1,40.03,91.7
2023-10-06,2023,10,6,279,10.91,29.6,22.2,96.9,95.0,2.3,26.0,1005.3,26.0,1.0,1,28.39,86.27
2023-10-07,2023,10,7,280,2.18,32.5,21.3,90.9,98.3,2.6,23.3,1007.4,26.0,1.0,1,10.62,84.44
2023-10-08,2023,10,8,281,42.45,29.1,23.1,98.0,100.0,2.2,32.6,1003.3,26.0,1.0,1,16.16,79.29
2023-10-09,2023,10,9,282,19.5,31.0,21.9,95.1,100.0,1.5,29.4,1003.9,26.0,1.0,1,17.45,78.61
2023-10-10,2023,10,10,283,41.57,29.9,22.3,95.2,100.0,2.7,30.9,1002.3,26.0,1.0,1,22.13,77.62
2023-10-11,2023,10,11,284,15.25,28.8,20.7,92.6,97.5,2.9,23.7,1003.7,26.0,1.0,1,23.47,76.17
2023-10-12,2023,10,12,285,19.72,31.6,20.8,94.8,100.0,0.0,31.7,1004.4,26.0,1.0,1,21.65,71.22
2023-10-13,2023,10,13,286,61.42,27.9,21.2,98.0,100.0,0.9,30.3,1001.3,26.0,1.0,1,28.87,67.46
2023-10-14,2023,10,14,287,8.92,30.2,20.0,92.8,100.0,0.7,24.3,1003.5,26.0,1.0,1,29.83,63.71
2023-10-15,2023,10,15,288,14.76,25.5,19.2,98.0,90.5,1.5,27.9,1001.6,24.9,1.0,1,25.88,63.07
2023-10-16,2023,10,16,289,30.28,29.6,22.9,95.8,100.0,2.7,25.6,1003.7,26.0,1.0,1,27.42,59.67
2023-10-17,2023,10,17,290,18.31,30.8,20.5,98.0,95.9,1.5,25.1,1002.2,26.0,1.0,1,24.09,59.63
2023-10-18,2023,10,18,291,28.25,28.6,20.9,97.7,99.9,2.5,20.9,1003.1,26.0,1.0,1,25.95,57.28
2023-10-19,2023,10,19,292,52.54,29.0,21.3,98.0,100.0,2.1,32.1,998.4,26.0,1.0,1,30.64,49.38
2023-10-20,2023,10,20,293,15.13,31.1,20.7,98.0,82.3,3.7,29.0,999.8,26.0,1.0,1,24.03,46.65
2023-10-21,2023,10,21,294,10.26,30.0,19.5,95.2,96.9,1.6,25.4,1005.1,26.0,1.0,1,24.22,45.49
2023-10-22,2023,10,22,295,45.18,25.0,22.0,98.0,100.0,1.1,28.6,1000.6,23.9,1.0,1,28.56,41.46
2023-10-23,2023,10,23,296,26.17,27.3,20.1,94.9,88.0,2.3,27.8,1000.4,26.0,1.0,1,27.98,38.89
2023-10-24,2023,10,24,297,26.19,27.6,21.3,96.5,100.0,2.2,30.7,1000.6,26.0,1.0,1,29.1,36.17
2023-10-25,2023,10,25,298,169.21,28.4,22.2,98.0,100.0,2.0,35.0,1002.7,26.0,1.0,1,49.24,39.94
2023-10-26,2023,10,26,299,32.67,27.7,18.9,98.0,99.9,0.0,31.7,1001.4,26.0,1.0,1,46.4,38.83
2023-10-27,2023,10,27,300,14.9,26.8,21.3,94.7,99.0,2.9,25.2,1002.0,24.9,1.0,1,46.37,35.41
2023-10-28,2023,10,28,301,18.42,26.6,20.4,97.8,100.0,1.5,24.4,1001.2,26.0,1.0,1,47.53,33.48
2023-10-29,2023,10,29,302,12.73,25.2,19.1,89.8,98.4,1.9,26.2,1004.8,22.8,1.0,1,42.9,30.83
2023-10-30,2023,10,30,303,89.3,25.7,20.6,98.0,100.0,2.3,35.0,1001.5,25.5,1.0,1,51.92,29.58
2023-10-31,2023,10,31,304,30.95,28.4,20.1,98.0,100.0,0.7,25.7,1001.7,26.0,1.0,1,52.6,30.49
2023-11-01,2023,11,1,305,15.87,25.4,19.2,93.7,91.8,1.3,26.5,1001.3,24.6,1.0,1,30.69,30.67
2023-11-02,2023,11,2,306,13.13,25.6,22.1,93.4,98.7,1.1,23.9,1004.0,25.5,1.0,1,27.9,30.82
2023-11-03,2023,11,3,307,38.86,24.5,20.2,90.0,100.0,2.6,28.7,1006.1,23.0,1.0,1,31.32,31.91
2023-11-04,2023,11,4,308,87.03,27.2,18.3,98.0,100.0,1.7,30.1,1003.5,26.0,1.0,1,41.12,33.74
2023-11-05,2023,11,5,309,9.75,27.9,19.9,92.5,95.3,3.0,24.7,1004.7,26.0,1.0,1,40.7,33.7
2023-11-06,2023,11,6,310,4.7,28.1,19.2,91.3,94.2,0.2,24.4,1006.0,26.0,1.0,1,28.61,33.78
2023-11-07,2023,11,7,311,17.74,25.6,18.0,94.6,96.1,1.9,26.1,1001.8,25.0,1.0,1,26.73,32.96
2023-11-08,2023,11,8,312,32.81,26.0,19.0,98.0,100.0,0.7,27.9,1002.0,25.6,1.0,1,29.15,33.4
2023-11-09,2023,11,9,313,17.72,26.0,19.7,94.5,100.0,2.4,24.5,999.0,24.9,1.0,1,29.8,32.61
2023-11-10,2023,11,10,314,62.37,25.2,18.0,98.0,100.0,1.3,26.0,1003.3,25.3,1.0,1,33.16,34.18
2023-11-11,2023,11,11,315,14.47,26.2,17.4,98.0,95.1,1.2,24.4,1002.9,25.7,1.0,1,22.79,34.0
2023-11-12,2023,11,12,316,9.98,27.3,17.3,94.4,90.7,2.3,23.7,1002.2,26.0,1.0,1,22.83,32.29
2023-11-13,2023,11,13,317,14.74,27.0,17.3,96.4,100.0,0.2,23.7,1003.2,26.0,1.0,1,24.26,32.48
2023-11-14,2023,11,14,318,75.91,25.2,19.4,97.4,100.0,1.6,28.1,1006.0,24.7,1.0,1,32.57,34.52
2023-11-15,2023,11,15,319,31.9,24.5,19.2,94.2,100.0,0.6,24.9,1002.5,23.8,1.0,1,32.44,34.57
2023-11-16,2023,11,16,320,22.18,23.5,17.5,94.3,94.8,1.2,22.5,1002.8,22.8,1.0,1,33.08,34.7
2023-11-17,2023,11,17,321,6.41,22.5,18.3,89.9,91.7,2.4,20.1,1007.5,20.8,1.0,1,25.08,33.97
2023-11-18,2023,11,18,322,45.38,25.8,16.9,97.8,100.0,0.0,23.9,1004.7,25.4,1.0,1,29.5,33.74
2023-11-19,2023,11,19,323,5.33,24.9,17.6,83.0,77.3,3.5,24.8,1006.0,22.5,1.0,1,28.84,33.41
2023-11-20,2023,11,20,324,61.84,24.8,17.5,95.6,85.4,2.6,30.2,1006.1,23.3,1.0,1,35.56,35.13
2023-11-21,2023,11,21,325,17.07,28.3,18.6,89.1,74.6,5.2,24.7,1001.1,26.0,1.0,1,27.16,34.19
2023-11-22,2023,11,22,326,55.3,26.9,19.6,98.0,100.0,2.1,28.1,1006.4,25.6,1.0,1,30.5,35.16
2023-11-23,2023,11,23,327,31.59,24.5,16.8,92.1,97.2,1.2,24.6,1004.5,23.4,1.0,1,31.85,35.34
2023-11-24,2023,11,24,328,54.66,24.7,17.1,95.2,100.0,0.8,24.9,1004.9,23.7,1.0,1,38.74,31.52
2023-11-25,2023,11,25,329,8.29,22.6,18.3,85.7,83.7,3.5,20.1,1005.2,19.7,1.0,1,33.44,30.71
2023-11-26,2023,11,26,330,6.84,25.1,16.2,88.5,76.9,3.8,21.1,1002.3,24.2,1.0,1,33.66,30.44
2023-11-27,2023,11,27,331,42.84,24.4,16.8,98.0,91.5,3.5,23.3,998.7,23.6,1.0,1,30.94,31.26
2023-11-28,2023,11,28,332,29.66,22.7,18.8,88.7,86.0,3.1,26.0,1003.4,20.2,1.0,1,32.74,31.82
2023-11-29,2023,11,29,333,12.39,24.3,19.2,90.4,89.9,2.7,23.3,1002.1,22.2,1.0,1,26.61,29.26
2023-11-30,2023,11,30,334,27.79,25.4,16.5,87.5,94.5,2.6,24.0,1001.2,24.0,1.0,1,26.07,29.15
2023-12-01,2023,12,1,335,0.0,26.8,16.6,84.4,78.5,4.9,13.7,1003.9,24.1,1.0,0,18.26,28.62
2023-12-02,2023,12,2,336,1.47,22.0,18.3,77.3,73.1,4.3,20.8,999.7,17.9,1.0,0,17.28,28.23
2023-12-03,2023,12,3,337,1.76,22.0,18.6,87.8,76.7,4.5,21.2,1002.4,19.5,1.0,0,16.56,27.0
2023-12-04,2023,12,4,338,0.0,23.3,17.1,80.0,69.1,4.6,13.1,1001.9,18.8,1.0,0,10.44,24.1
2023-12-05,2023,12,5,339,0.0,23.7,16.5,81.8,56.9,5.2,20.8,1002.4,20.1,1.0,0,6.2,23.77
2023-12-06,2023,12,6,340,0.0,25.8,17.9,81.1,78.9,4.2,18.2,1003.2,22.2,1.0,0,4.43,23.61
2023-12-07,2023,12,7,341,0.0,25.1,17.6,85.9,79.4,3.1,20.2,1004.4,22.4,1.0,0,0.46,23.02
2023-12-08,2023,12,8,342,0.0,22.0,17.1,77.5,71.5,3.4,26.9,1005.9,17.9,1.0,0,0.46,21.93
2023-12-09,2023,12,9,343,0.0,22.5,19.3,79.7,74.7,3.7,14.4,1008.5,19.0,1.0,0,0.25,21.34
2023-12-10,2023,12,10,344,0.0,22.0,17.4,80.3,83.6,3.6,17.1,1002.1,18.0,1.0,0,0.0,19.26
2023-12-11,2023,12,11,345,3.98,22.0,16.0,85.2,68.6,4.6,19.0,1006.6,19.5,1.0,0,0.57,18.91
2023-12-12,2023,12,12,346,0.0,23.8,17.5,76.2,69.0,5.7,14.9,1004.2,19.0,1.41,0,0.57,18.58
2023-12-13,2023,12,13,347,0.0,23.0,16.1,70.4,53.2,6.9,23.6,1000.7,17.2,1.0,0,0.57,18.09
2023-12-14,2023,12,14,348,0.03,25.3,16.7,74.1,78.4,5.6,11.2,1003.1,21.1,1.0,0,0.57,15.56
2023-12-15,2023,12,15,349,0.0,22.0,17.8,81.4,68.2,4.6,20.7,1006.3,18.0,1.0,0,0.57,14.49
2023-12-16,2023,12,16,350,0.0,22.6,17.8,78.5,49.6,7.0,15.0,1005.1,19.3,1.0,0,0.57,13.75
2023-12-17,2023,12,17,351,0.0,22.0,16.0,77.7,61.8,6.5,15.7,1001.1,18.5,1.0,0,0.57,13.54
2023-12-18,2023,12,18,352,0.0,24.9,16.1,74.3,72.9,3.0,18.7,1005.7,19.2,1.0,0,0.0,12.03
2023-12-19,2023,12,19,353,0.0,22.0,16.1,77.7,69.5,5.7,18.9,1002.7,17.5,1.0,0,0.0,11.85
2023-12-20,2023,12,20,354,0.0,22.8,16.7,79.2,77.2,2.5,19.6,1003.7,18.8,1.0,0,0.0,9.79
2023-12-21,2023,12,21,355,2.46,22.0,16.0,77.6,62.5,6.4,18.2,1004.1,17.3,1.0,0,0.35,9.3
2023-12-22,2023,12,22,356,0.0,24.5,16.3,81.9,70.9,4.7,16.9,1005.0,21.4,1.0,0,0.35,7.46
2023-12-23,2023,12,23,357,0.0,25.1,16.5,79.8,65.7,4.8,12.3,1006.2,21.0,1.0,0,0.35,6.41
2023-12-24,2023,12,24,358,0.0,22.0,16.0,75.6,62.9,4.4,17.1,1005.6,16.6,1.0,0,0.35,4.58
2023-12-25,2023,12,25,359,0.0,22.0,16.3,78.7,53.3,5.1,11.9,1006.9,18.1,1.0,0,0.35,4.31
2023-12-26,2023,12,26,360,0.0,22.6,17.7,75.9,34.7,7.8,19.1,1005.8,18.0,1.0,0,0.35,4.08
2023-12-27,2023,12,27,361,0.0,22.0,16.0,76.6,58.6,5.3,14.9,1005.4,17.5,1.0,0,0.35,2.65
2023-12-28,2023,12,28,362,0.0,23.9,16.6,74.2,40.6,6.9,15.8,1004.2,18.3,1.0,0,0.0,1.66
2023-12-29,2023,12,29,363,0.0,22.8,16.6,75.6,62.3,4.9,14.5,1003.5,18.5,1.0,0,0.0,1.25
2023-12-30,2023,12,30,364,0.65,24.0,16.0,69.0,50.6,7.1,12.8,1007.3,17.5,1.0,0,0.09,0.34
2023-12-31,2023,12,31,365,0.0,22.0,16.0,71.2,47.6,8.1,18.6,1003.8,16.6,1.0,0,0.09,0.34
2024-01-01,2024,1,1,1,0.0,22.0,16.3,78.8,50.7,6.1,13.4,1008.4,18.6,1.0,0,0.09,0.3
2024-01-02,2024,1,2,2,1.8,22.6,17.9,73.4,55.5,6.0,10.8,1006.8,17.3,1.0,0,0.35,0.3
2024-01-03,2024,1,3,3,5.03,24.6,16.0,71.7,62.2,4.4,11.2,1006.7,19.9,1.0,0,1.07,0.46
2024-01-04,2024,1,4,4,0.0,22.0,16.8,80.0,54.3,5.8,11.8,1003.4,17.9,1.0,0,1.07,0.46
2024-01-05,2024,1,5,5,0.77,22.7,16.0,72.3,46.5,6.3,8.5,1006.9,18.6,1.0,0,1.18,0.49
2024-01-06,2024,1,6,6,0.0,22.0,16.7,75.0,47.2,7.4,14.7,1008.8,17.0,1.0,0,1.09,0.49
2024-01-07,2024,1,7,7,0.0,23.6,17.4,70.5,63.3,4.5,13.9,1007.3,17.7,1.0,0,1.09,0.49
2024-01-08,2024,1,8,8,0.05,22.0,16.0,76.0,52.2,6.7,6.5,1009.4,17.9,1.0,0,1.09,0.49
2024-01-09,2024,1,9,9,0.0,22.4,16.5,72.1,28.3,8.0,15.2,1006.1,16.9,1.0,0,0.84,0.49
2024-01-10,2024,1,10,10,0.0,23.7,17.0,65.1,43.0,8.7,11.8,1007.8,17.0,1.0,0,0.12,0.36
2024-01-11,2024,1,11,11,4.43,22.0,16.2,81.9,43.9,7.8,12.4,1005.5,18.6,1.0,0,0.75,0.51
2024-01-12,2024,1,12,12,2.0,22.9,16.7,69.9,43.2,7.3,8.1,1002.0,17.2,1.0,0,0.93,0.57
2024-01-13,2024,1,13,13,0.0,22.0,17.3,69.8,37.6,8.6,17.3,1007.4,16.1,1.0,0,0.93,0.57
2024-01-14,2024,1,14,14,0.0,23.3,16.0,66.0,59.8,6.3,13.9,1003.6,17.0,1.0,0,0.93,0.57
2024-01-15,2024,1,15,15,0.0,22.6,16.9,63.4,45.3,7.5,12.8,1002.2,14.6,1.0,0,0.92,0.57
2024-01-16,2024,1,16,16,0.0,22.0,17.9,74.7,56.5,5.0,8.9,1004.3,17.2,1.0,0,0.92,0.57
2024-01-17,2024,1,17,17,4.79,22.0,16.0,73.1,63.2,6.2,13.9,1005.4,17.0,1.0,0,1.6,0.73
2024-01-18,2024,1,18,18,0.0,22.0,16.0,62.1,43.0,8.2,15.4,1003.9,14.8,1.0,0,0.97,0.73
2024-01-19,2024,1,19,19,0.28,23.4,16.0,68.2,63.7,4.8,13.8,1007.3,16.5,1.0,0,0.72,0.74
2024-01-20,2024,1,20,20,0.69,25.0,16.9,71.2,32.2,8.9,9.3,1003.2,19.9,1.0,0,0.82,0.68
2024-01-21,2024,1,21,21,3.59,22.0,18.2,73.2,57.2,4.2,15.8,1005.5,17.1,1.0,0,1.34,0.8
2024-01-22,2024,1,22,22,2.35,22.2,19.0,66.4,43.2,5.8,12.2,1004.5,15.1,1.0,0,1.67,0.88
2024-01-23,2024,1,23,23,1.6,24.6,18.5,67.4,48.4,6.7,15.6,1004.6,18.4,1.0,0,1.9,0.93
2024-01-24,2024,1,24,24,0.0,22.0,16.2,65.7,38.5,8.5,5.0,1006.0,15.0,1.0,0,1.22,0.93
2024-01-25,2024,1,25,25,0.0,23.1,16.0,66.7,44.9,7.4,5.0,1006.7,17.6,1.0,0,1.22,0.93
2024-01-26,2024,1,26,26,0.0,24.9,16.0,68.8,43.7,7.2,9.7,1005.6,18.7,1.0,0,1.18,0.93
2024-01-27,2024,1,27,27,3.94,22.0,17.2,72.8,42.2,7.5,10.7,1006.4,17.6,1.0,0,1.64,1.07
2024-01-28,2024,1,28,28,3.84,22.0,20.0,70.2,42.4,7.5,14.3,1005.5,17.1,1.0,0,1.68,1.19
2024-01-29,2024,1,29,29,0.0,24.5,17.0,68.3,52.7,5.8,13.4,1009.4,17.9,1.0,0,1.34,1.17
2024-01-30,2024,1,30,30,0.0,22.0,17.2,66.3,31.4,9.1,15.6,1001.1,15.6,1.19,0,1.11,1.17
2024-01-31,2024,1,31,31,0.0,23.9,16.8,62.1,47.0,7.4,10.5,997.8,17.1,1.0,0,1.11,1.17
2024-02-01,2024,2,1,32,0.0,23.2,17.5,66.0,30.2,10.1,10.7,1005.9,17.4,1.0,0,1.11,1.11
2024-02-02,2024,2,2,33,0.0,24.4,16.1,64.7,40.5,8.2,9.0,1002.2,16.9,1.0,0,1.11,0.94
2024-02-03,2024,2,3,34,0.0,22.6,17.3,63.4,33.6,10.1,12.3,1005.3,15.9,1.21,0,0.55,0.94
2024-02-04,2024,2,4,35,0.0,25.1,16.6,66.0,40.0,7.3,11.3,1005.5,18.4,1.0,0,0.0,0.92
2024-02-05,2024,2,5,36,0.0,22.3,17.6,59.5,34.0,9.2,8.9,1001.8,13.6,1.0,0,0.0,0.92
2024-02-06,2024,2,6,37,0.0,22.0,17.0,63.7,37.2,9.4,10.5,1005.9,14.4,1.03,0,0.0,0.92
2024-02-07,2024,2,7,38,0.0,22.0,17.7,62.6,37.1,6.9,6.6,1006.3,15.1,1.0,0,0.0,0.92
2024-02-08,2024,2,8,39,0.02,22.0,16.0,61.8,32.8,7.5,5.6,1004.0,15.0,1.0,0,0.0,0.92
2024-02-09,2024,2,9,40,0.0,24.1,18.5,67.3,43.6,7.5,11.1,1007.7,18.4,1.0,0,0.0,0.92
2024-02-10,2024,2,10,41,0.0,22.1,18.4,65.3,36.4,8.5,9.8,1001.9,15.3,1.0,0,0.0,0.77
2024-02-11,2024,2,11,42,0.0,23.2,16.9,66.5,46.5,8.7,7.2,1004.4,16.6,1.0,0,0.0,0.7
2024-02-12,2024,2,12,43,0.0,23.5,16.7,66.1,30.1,8.3,11.8,1006.7,17.0,1.0,0,0.0,0.7
2024-02-13,2024,2,13,44,0.0,22.3,16.0,60.3,22.7,7.8,5.9,1006.9,13.6,1.0,0,0.0,0.7
2024-02-14,2024,2,14,45,9.18,23.7,16.1,72.4,40.8,7.9,11.3,1005.3,18.4,1.0,0,1.31,1.01
2024-02-15,2024,2,15,46,0.0,25.0,17.0,62.0,17.3,10.0,10.3,1004.3,18.0,1.23,0,1.31,1.01
2024-02-16,2024,2,16,47,0.41,23.7,17.8,68.4,40.5,8.1,12.2,999.9,17.6,1.0,0,1.37,0.86
2024-02-17,2024,2,17,48,0.0,25.1,17.9,62.0,25.3,8.5,9.7,1003.4,17.8,1.0,0,1.37,0.86
2024-02-18,2024,2,18,49,0.0,23.3,19.8,58.3,34.1,6.9,10.1,1006.2,14.9,1.0,0,1.37,0.85
2024-02-19,2024,2,19,50,0.0,24.3,17.1,59.0,29.3,10.3,16.8,1007.6,15.1,1.0,0,1.37,0.83
2024-02-20,2024,2,20,51,0.0,24.2,17.1,66.9,29.2,9.4,11.3,1007.2,18.0,1.0,0,1.37,0.71
2024-02-21,2024,2,21,52,0.0,25.7,17.8,65.1,31.0,10.1,6.5,1008.1,19.0,1.0,0,0.06,0.63
2024-02-22,2024,2,22,53,0.0,24.8,16.8,59.8,14.1,9.4,8.6,1009.0,16.6,1.39,0,0.06,0.58
2024-02-23,2024,2,23,54,0.79,23.3,19.8,63.9,24.1,9.5,11.3,1005.1,16.2,1.0,0,0.11,0.61
2024-02-24,2024,2,24,55,0.0,25.1,20.2,66.3,34.5,9.0,6.6,1005.5,18.6,1.0,0,0.11,0.61
2024-02-25,2024,2,25,56,2.84,23.1,19.1,70.2,20.0,10.6,10.8,1003.9,17.0,1.17,0,0.52,0.7
2024-02-26,2024,2,26,57,0.0,25.2,19.3,62.8,30.5,9.9,5.0,1003.7,17.2,1.0,0,0.52,0.57
2024-02-27,2024,2,27,58,0.78,24.7,18.1,63.7,33.1,7.8,9.4,1003.2,16.8,1.41,0,0.63,0.47
2024-02-28,2024,2,28,59,0.0,25.0,19.2,61.3,19.3,9.8,7.8,1003.6,16.8,1.26,0,0.63,0.47
2024-02-29,2024,2,29,60,0.0,24.9,19.9,61.9,35.2,8.9,6.7,1005.1,16.7,1.0,0,0.63,0.47
2024-03-01,2024,3,1,61,8.57,24.1,18.1,67.7,36.3,8.4,5.5,1006.4,17.4,1.0,0,1.74,0.75
2024-03-02,2024,3,2,62,7.41,24.0,20.3,60.5,36.6,6.5,11.4,1004.9,15.9,1.0,0,2.8,1.0
2024-03-03,2024,3,3,63,17.08,26.9,18.6,70.6,36.3,8.7,12.3,1003.3,20.6,1.0,0,4.83,1.57
2024-03-04,2024,3,4,64,4.6,28.2,18.6,61.9,21.7,10.1,7.8,1004.4,21.1,1.44,0,5.49,1.72
2024-03-05,2024,3,5,65,20.24,25.9,17.8,65.6,40.7,7.4,9.9,1001.9,18.4,1.07,0,8.27,2.4
2024-03-06,2024,3,6,66,3.95,25.6,19.2,60.0,23.6,9.7,8.2,1003.9,17.2,1.47,0,8.84,2.53
2024-03-07,2024,3,7,67,6.17,23.9,20.3,71.4,37.1,6.5,5.2,1001.6,18.8,1.0,0,9.72,2.73
2024-03-08,2024,3,8,68,0.78,23.2,16.4,66.5,21.8,11.1,12.7,1004.5,16.8,1.15,0,8.6,2.76
2024-03-09,2024,3,9,69,0.0,23.5,19.6,57.4,17.4,10.2,8.2,1004.6,14.4,1.01,0,7.55,2.76
2024-03-10,2024,3,10,70,15.61,26.8,20.1,67.9,24.2,8.9,5.0,1002.2,20.5,1.0,0,7.34,3.28
2024-03-11,2024,3,11,71,1.2,23.5,19.5,62.2,34.2,9.9,15.7,1004.1,16.4,1.18,0,6.85,3.32
2024-03-12,2024,3,12,72,24.53,27.3,17.0,75.9,41.8,6.5,11.2,1006.0,22.7,1.0,0,7.46,4.14
2024-03-13,2024,3,13,73,0.0,24.8,17.9,58.8,9.2,10.6,10.2,1004.6,16.2,1.3,0,6.9,4.14
2024-03-14,2024,3,14,74,2.76,26.8,19.5,55.0,19.3,11.0,8.3,1001.0,18.0,1.25,0,6.41,4.23
2024-03-15,2024,3,15,75,3.03,26.1,17.7,61.4,24.2,8.8,8.4,1005.8,19.3,1.0,0,6.73,4.03
2024-03-16,2024,3,16,76,7.57,25.2,23.0,62.6,36.4,7.8,6.1,1006.6,17.6,1.0,0,7.81,4.28
2024-03-17,2024,3,17,77,1.54,24.8,21.4,62.9,20.3,10.0,14.8,1008.3,17.7,1.04,0,5.8,4.31
2024-03-18,2024,3,18,78,0.0,24.5,18.7,63.7,30.8,9.4,5.5,1001.5,17.4,1.0,0,5.63,4.31
2024-03-19,2024,3,19,79,3.31,25.5,21.1,66.4,38.2,8.2,5.9,1006.9,19.0,1.0,0,2.6,4.43
2024-03-20,2024,3,20,80,20.84,30.6,20.9,72.1,22.7,10.0,9.2,1003.3,25.2,1.05,0,5.58,5.12
2024-03-21,2024,3,21,81,7.86,29.4,19.8,66.2,26.2,9.5,7.7,1006.3,22.8,1.07,0,6.31,5.38
2024-03-22,2024,3,22,82,0.0,27.8,21.5,64.3,17.2,10.3,6.7,1002.4,19.9,1.0,0,5.87,5.38
2024-03-23,2024,3,23,83,2.72,27.1,17.9,55.9,32.6,8.7,7.6,1008.7,17.3,1.0,0,5.18,5.47
2024-03-24,2024,3,24,84,9.89,26.9,20.1,63.2,29.3,9.0,6.4,1002.5,19.0,1.0,0,6.37,5.78
2024-03-25,2024,3,25,85,11.06,28.1,19.9,64.7,22.3,9.6,9.7,1002.5,20.7,1.04,0,7.95,6.14
2024-03-26,2024,3,26,86,3.0,27.2,22.8,63.3,14.8,9.0,10.4,1004.5,19.8,1.0,0,7.91,6.15
2024-03-27,2024,3,27,87,5.82,27.4,19.6,60.1,16.8,11.9,5.0,1005.9,19.2,1.0,0,5.76,6.34
2024-03-28,2024,3,28,88,5.68,29.1,21.7,59.9,14.1,9.7,14.5,1004.0,20.1,1.14,0,5.45,6.51
2024-03-29,2024,3,29,89,0.0,27.0,20.1,58.6,15.5,10.1,5.0,1007.2,17.9,1.0,0,5.45,6.51
2024-03-30,2024,3,30,90,8.41,24.9,22.3,65.4,20.3,11.0,7.9,1003.4,17.7,1.0,0,6.27,6.79
2024-03-31,2024,3,31,91,4.17,27.9,20.6,55.0,25.6,11.1,6.3,1004.5,17.2,1.14,0,5.45,6.64
2024-04-01,2024,4,1,92,1.21,31.1,19.8,60.5,14.3,11.6,8.6,1002.7,22.1,1.0,0,4.04,6.43
2024-04-02,2024,4,2,93,8.28,26.6,21.3,60.8,27.0,9.9,8.1,1003.9,18.4,1.39,0,4.8,6.14
2024-04-03,2024,4,3,94,5.96,27.3,22.4,59.3,16.5,10.7,5.0,1008.9,18.5,1.0,0,4.82,6.19
2024-04-04,2024,4,4,95,13.04,28.4,22.1,66.7,18.0,10.1,10.3,1005.2,21.3,1.0,0,5.87,5.95
2024-04-05,2024,4,5,96,23.05,27.1,19.8,68.7,29.5,9.7,12.6,1009.6,21.6,1.0,0,9.16,6.58
2024-04-06,2024,4,6,97,23.47,31.8,19.8,69.1,26.9,10.3,10.8,1005.9,25.9,1.0,0,11.31,7.16
2024-04-07,2024,4,7,98,0.05,29.9,21.0,60.9,11.6,11.8,5.8,1005.7,21.6,1.0,0,10.72,7.14
2024-04-08,2024,4,8,99,8.64,27.2,20.7,69.6,23.0,10.7,13.9,1001.9,22.2,1.13,0,11.78,7.42
2024-04-09,2024,4,9,100,5.11,29.8,20.9,67.3,38.4,7.9,15.4,1007.1,21.6,1.5,0,11.33,7.07
2024-04-10,2024,4,10,101,3.74,30.1,21.5,56.5,18.5,10.4,5.0,1002.9,19.9,1.0,0,11.01,7.16
2024-04-11,2024,4,11,102,0.0,29.9,22.9,58.4,23.1,8.4,11.8,1002.8,19.8,1.0,0,9.15,6.34
2024-04-12,2024,4,12,103,9.13,30.2,22.0,62.9,19.6,11.3,12.2,1003.7,22.6,1.0,0,7.16,6.64
2024-04-13,2024,4,13,104,6.23,30.4,21.0,57.2,29.2,9.2,11.3,1002.8,21.0,1.0,0,4.7,6.76
2024-04-14,2024,4,14,105,0.0,31.2,21.4,71.5,16.4,9.2,5.0,1007.5,25.9,1.0,0,4.69,6.66
2024-04-15,2024,4,15,106,7.73,31.4,23.1,64.5,35.1,8.9,8.9,1003.0,23.3,1.0,0,4.56,6.66
2024-04-16,2024,4,16,107,2.85,28.7,22.5,57.4,29.6,10.2,12.9,1007.4,19.7,1.34,0,4.24,6.71
2024-04-17,2024,4,17,108,14.91,31.2,21.9,71.0,30.7,9.1,5.9,1004.1,25.4,1.0,0,5.84,7.21
2024-04-18,2024,4,18,109,0.0,31.5,23.6,61.4,35.4,9.1,9.0,1004.5,23.1,1.0,0,5.84,7.1
2024-04-19,2024,4,19,110,27.76,30.5,23.9,67.0,40.2,7.8,9.6,1002.7,23.6,1.23,0,8.5,7.33
2024-04-20,2024,4,20,111,34.64,34.1,24.0,74.1,58.4,5.7,17.5,1002.0,26.0,1.0,0,12.56,8.22
2024-04-21,2024,4,21,112,7.2,31.5,23.0,68.1,34.8,9.1,14.2,1005.8,23.8,1.0,0,13.58,8.46
2024-04-22,2024,4,22,113,8.84,32.5,22.2,67.9,20.4,9.6,11.7,1004.8,25.8,1.14,0,13.74,8.66
2024-04-23,2024,4,23,114,11.08,31.2,23.1,68.2,25.1,9.8,9.5,1001.8,24.9,1.03,0,14.92,8.7
2024-04-24,2024,4,24,115,0.05,31.6,22.6,58.7,30.4,8.3,7.5,1003.3,23.8,1.13,0,12.8,8.34
2024-04-25,2024,4,25,116,12.12,32.7,20.4,60.0,15.0,10.7,9.3,1001.7,24.6,1.26,0,14.53,8.64
2024-04-26,2024,4,26,117,16.99,30.2,23.3,63.4,29.8,9.9,9.9,1004.9,22.3,1.29,0,12.99,9.01
2024-04-27,2024,4,27,118,12.24,33.6,21.1,65.0,5.9,10.7,9.6,1006.8,26.0,1.0,0,9.79,9.23
2024-04-28,2024,4,28,119,0.0,30.7,22.9,55.1,31.5,8.8,11.2,1007.4,21.3,1.0,0,8.76,9.23
2024-04-29,2024,4,29,120,0.0,34.0,23.2,69.3,28.0,8.9,6.1,1005.8,26.0,1.0,0,7.5,8.95
2024-04-30,2024,4,30,121,0.0,32.4,25.8,58.3,21.1,11.1,11.2,1007.5,23.1,1.08,0,5.91,8.81
2024-05-01,2024,5,1,122,3.52,36.0,22.6,63.3,26.8,9.7,18.4,1005.1,26.0,1.22,0,6.41,8.89
2024-05-02,2024,5,2,123,4.31,34.6,24.4,65.1,23.2,10.0,10.0,1005.6,26.0,1.22,0,5.29,8.76
2024-05-03,2024,5,3,124,5.42,34.7,23.9,69.6,23.0,9.9,11.5,1003.5,26.0,1.0,0,3.64,8.74
2024-05-04,2024,5,4,125,18.24,33.6,24.9,71.6,37.3,8.1,6.2,1002.2,26.0,1.0,0,4.5,8.91
2024-05-05,2024,5,5,126,11.59,35.0,23.6,68.6,30.4,8.0,11.7,1004.1,26.0,1.0,0,6.15,8.53
2024-05-06,2024,5,6,127,14.96,34.7,22.6,78.4,32.0,8.9,10.3,1006.8,26.0,1.0,0,8.29,8.24
2024-05-07,2024,5,7,128,0.0,30.8,24.7,69.7,46.7,8.4,12.7,1008.2,25.1,1.19,0,8.29,8.24
2024-05-08,2024,5,8,129,4.62,32.5,24.7,67.2,31.1,8.8,14.5,1005.7,25.3,1.0,0,8.45,8.11
2024-05-09,2024,5,9,130,0.0,32.6,25.0,64.8,26.2,10.2,10.1,1004.4,25.5,1.0,0,7.83,7.94
2024-05-10,2024,5,10,131,0.36,32.9,24.5,63.4,29.1,8.3,7.1,1003.1,24.7,1.0,0,7.11,7.83
2024-05-11,2024,5,11,132,7.45,33.8,24.5,70.2,34.5,10.1,8.2,1005.2,26.0,1.0,0,5.57,8.07
2024-05-12,2024,5,12,133,8.13,35.1,26.0,66.2,32.2,10.5,5.2,1010.0,26.0,1.0,0,5.07,8.04
2024-05-13,2024,5,13,134,0.9,36.2,25.9,61.8,18.4,11.0,8.3,1003.4,26.0,1.85,0,3.07,7.86
2024-05-14,2024,5,14,135,3.16,35.4,24.2,71.6,46.4,7.9,8.3,1004.2,26.0,1.0,0,3.52,7.97
2024-05-15,2024,5,15,136,0.0,36.5,25.1,61.6,23.6,9.3,13.8,1006.8,26.0,1.52,0,2.86,7.71
2024-05-16,2024,5,16,137,6.53,33.2,23.9,67.7,48.3,6.0,15.2,1007.7,26.0,1.0,0,3.79,7.83
2024-05-17,2024,5,17,138,0.0,34.1,26.1,63.5,22.5,10.6,16.2,1006.5,26.0,1.74,0,3.74,7.34
2024-05-18,2024,5,18,139,19.56,34.6,26.0,72.2,49.9,8.4,10.7,1002.8,26.0,1.0,0,5.47,7.99
2024-05-19,2024,5,19,140,1.37,34.1,27.3,66.9,43.1,8.0,8.1,1003.5,26.0,1.0,0,4.5,7.11
2024-05-20,2024,5,20,141,0.0,33.5,26.5,65.7,34.8,9.1,7.2,1007.6,26.0,1.0,0,4.37,5.95
2024-05-21,2024,5,21,142,0.0,35.9,25.9,62.4,18.7,9.8,15.6,1002.6,26.0,1.05,0,3.92,5.71
2024-05-22,2024,5,22,143,3.24,34.3,28.0,66.0,37.0,9.1,13.3,999.5,26.0,1.0,0,4.39,5.53
2024-05-23,2024,5,23,144,7.14,36.7,26.3,72.1,51.2,8.1,16.9,1007.8,26.0,1.0,0,4.47,5.4
2024-05-24,2024,5,24,145,0.0,33.8,26.6,67.4,25.7,10.3,11.9,1006.9,26.0,1.41,0,4.47,5.4
2024-05-25,2024,5,25,146,7.17,37.0,23.8,71.5,38.3,7.9,15.9,1001.3,26.0,1.08,0,2.7,5.23
2024-05-26,2024,5,26,147,7.22,36.1,27.0,73.8,35.5,8.5,11.0,1005.8,26.0,1.0,0,3.54,4.9
2024-05-27,2024,5,27,148,4.84,36.2,28.0,71.5,45.8,8.4,12.1,1003.6,26.0,1.0,0,4.23,4.66
2024-05-28,2024,5,28,149,0.0,36.3,26.5,65.0,50.3,7.0,8.9,1002.3,26.0,1.0,0,4.23,4.66
2024-05-29,2024,5,29,150,0.0,35.9,27.2,68.9,39.6,9.9,11.5,1005.5,26.0,1.04,0,3.77,4.66
2024-05-30,2024,5,30,151,12.84,36.1,27.6,74.2,40.7,10.2,11.2,1002.1,26.0,1.0,0,4.58,5.09
2024-05-31,2024,5,31,152,66.88,35.8,28.0,75.1,78.8,4.4,23.8,1001.6,26.0,1.0,1,14.14,7.2
2024-06-01,2024,6,1,153,255.88,36.8,27.2,76.6,76.7,7.0,23.7,1000.8,26.0,1.12,1,49.67,15.58
2024-06-02,2024,6,2,154,99.9,37.2,24.6,84.8,79.1,4.6,25.0,1003.1,26.0,1.0,1,62.91,18.73
2024-06-03,2024,6,3,155,189.43,35.8,26.8,81.5,76.6,5.7,27.6,1005.0,26.0,1.0,1,89.28,24.44
2024-06-04,2024,6,4,156,20.69,38.0,27.5,74.6,42.6,8.5,15.4,1001.0,26.0,1.0,1,92.23,24.74
2024-06-05,2024,6,5,157,271.63,36.1,27.5,85.3,86.6,3.9,23.3,1003.6,26.0,1.0,1,131.04,33.3
2024-06-06,2024,6,6,158,127.26,35.7,26.5,84.3,88.3,2.6,21.3,1003.6,26.0,1.0,1,147.38,37.54
2024-06-07,2024,6,7,159,29.1,36.6,26.3,78.8,55.4,6.8,15.2,1000.4,26.0,1.0,1,141.98,38.36
2024-06-08,2024,6,8,160,173.0,35.7,26.4,90.9,90.9,4.8,21.6,1002.7,26.0,1.0,1,130.14,44.12
2024-06-09,2024,6,9,161,125.43,37.6,26.7,84.0,65.5,6.4,28.4,1004.5,26.0,1.0,1,133.79,48.29
2024-06-10,2024,6,10,162,210.04,36.8,27.1,86.5,82.0,4.3,25.1,1004.9,26.0,1.08,1,136.74,55.04
2024-06-11,2024,6,11,163,157.8,38.0,27.6,83.2,78.0,4.7,28.3,1002.6,26.0,1.25,1,156.32,60.03
2024-06-12,2024,6,12,164,109.1,37.0,27.4,89.7,88.2,4.2,25.2,1000.4,26.0,1.0,1,133.1,63.64
2024-06-13,2024,6,13,165,78.84,37.1,26.5,86.4,70.3,5.5,27.7,1003.0,26.0,1.0,1,126.19,66.16
2024-06-14,2024,6,14,166,175.95,36.6,25.7,93.4,76.0,5.3,25.7,1003.1,26.0,1.0,1,147.17,72.03
2024-06-15,2024,6,15,167,152.47,38.0,27.6,87.2,84.6,3.9,25.0,1001.1,26.0,1.0,1,144.23,76.89
2024-06-16,2024,6,16,168,92.17,37.0,26.8,87.5,84.6,3.9,28.9,999.1,26.0,1.0,1,139.48,79.96
2024-06-17,2024,6,17,169,168.81,37.8,28.0,87.0,97.5,1.9,25.1,1004.2,26.0,1.0,1,133.59,84.94
2024-06-18,2024,6,18,170,130.8,38.0,28.0,93.5,95.9,4.3,26.3,1003.0,26.0,1.0,1,129.73,89.25
2024-06-19,2024,6,19,171,28.28,37.4,27.7,83.3,71.2,4.6,21.6,1000.4,26.0,1.0,1,118.19,90.2
2024-06-20,2024,6,20,172,111.45,37.4,26.4,87.2,74.1,5.3,20.2,1005.9,26.0,1.0,1,122.85,93.91
2024-06-21,2024,6,21,173,213.18,37.3,25.7,84.6,97.4,2.4,26.1,1003.5,26.0,1.0,1,128.17,100.91
2024-06-22,2024,6,22,174,508.67,37.9,27.4,79.6,94.5,2.6,32.1,999.7,26.0,1.0,1,179.05,117.63
2024-06-23,2024,6,23,175,308.54,38.0,27.6,89.1,95.9,2.6,31.2,1003.7,26.0,1.0,1,209.96,127.91
2024-06-24,2024,6,24,176,267.16,38.0,25.3,87.8,70.6,4.9,28.6,1005.4,26.0,1.0,1,224.01,136.58
2024-06-25,2024,6,25,177,187.28,38.0,28.0,76.6,87.6,4.0,24.8,1002.4,26.0,1.0,1,232.08,142.58
2024-06-26,2024,6,26,178,223.86,38.0,27.5,87.8,88.1,4.3,30.3,1006.3,26.0,1.0,1,260.02,149.88
2024-06-27,2024,6,27,179,275.78,37.9,24.3,85.6,89.3,4.1,24.6,1002.4,26.0,1.0,1,283.5,159.07
2024-06-28,2024,6,28,180,436.29,38.0,26.5,96.7,92.2,1.8,28.8,1004.6,26.0,1.0,1,315.37,173.62
2024-06-29,2024,6,29,181,33.61,38.0,26.6,85.1,76.0,5.7,23.0,998.2,26.0,1.13,1,247.5,174.31
2024-06-30,2024,6,30,182,178.04,36.9,26.1,95.4,89.2,4.1,32.7,1002.4,26.0,1.0,1,228.86,178.01
2024-07-01,2024,7,1,183,283.03,38.0,28.0,92.6,98.7,2.1,29.6,1005.0,26.0,1.0,1,231.13,178.92
2024-07-02,2024,7,2,184,292.53,35.2,28.0,95.1,100.0,3.1,29.3,998.5,26.0,1.0,1,246.16,185.34
2024-07-03,2024,7,3,185,335.23,38.0,28.0,98.0,97.3,3.6,27.3,1005.5,26.0,1.0,1,262.07,190.2
2024-07-04,2024,7,4,186,25.43,37.9,28.0,88.4,71.7,5.1,17.1,1004.6,26.0,1.0,1,226.31,190.36
2024-07-05,2024,7,5,187,275.24,36.8,26.7,98.0,92.5,2.7,25.4,1004.1,26.0,1.0,1,203.3,190.48
2024-07-06,2024,7,6,188,173.91,35.4,28.0,94.5,100.0,3.8,28.2,1003.2,26.0,1.0,1,223.34,192.03
2024-07-07,2024,7,7,189,63.23,37.8,27.4,95.4,83.8,5.6,29.0,1000.3,26.0,1.0,1,206.94,193.17
2024-07-08,2024,7,8,190,51.08,38.0,27.6,88.5,79.3,5.2,18.4,1003.0,26.0,1.0,1,173.81,189.11
2024-07-09,2024,7,9,191,308.83,38.0,26.9,87.1,100.0,3.5,30.6,1003.1,26.0,1.0,1,176.14,195.22
2024-07-10,2024,7,10,192,327.82,37.4,25.7,83.1,100.0,2.6,33.0,998.5,26.0,1.0,1,175.08,199.15
2024-07-11,2024,7,11,193,309.98,37.7,28.0,96.9,91.8,4.1,28.6,1001.4,26.0,1.0,1,215.73,204.22
2024-07-12,2024,7,12,194,136.32,38.0,27.8,91.5,100.0,0.7,19.2,1002.2,26.0,1.0,1,195.88,205.13
2024-07-13,2024,7,13,195,115.72,38.0,27.3,92.2,100.0,3.0,27.7,1003.6,26.0,1.0,1,187.57,206.36
2024-07-14,2024,7,14,196,153.95,37.9,28.0,92.6,100.0,3.0,28.3,1001.4,26.0,1.0,1,200.53,205.62
2024-07-15,2024,7,15,197,88.57,38.0,26.4,90.9,100.0,3.0,28.5,1001.6,26.0,1.0,1,205.88,203.49
2024-07-16,2024,7,16,198,298.05,38.0,28.0,98.0,100.0,2.8,25.2,1000.4,26.0,1.0,1,204.34,210.36
2024-07-17,2024,7,17,199,85.04,36.6,28.0,90.4,100.0,2.8,28.6,1007.3,26.0,1.0,1,169.66,207.56
2024-07-18,2024,7,18,200,250.93,37.4,28.0,97.0,100.0,2.0,33.7,999.9,26.0,1.0,1,161.23,211.57
2024-07-19,2024,7,19,201,100.67,38.0,26.1,96.7,100.0,4.1,23.8,999.5,26.0,1.0,1,156.13,213.98
2024-07-20,2024,7,20,202,196.58,38.0,28.0,89.6,99.6,3.8,29.5,1003.9,26.0,1.0,1,167.68,216.82
2024-07-21,2024,7,21,203,326.15,38.0,26.8,98.0,100.0,4.3,29.5,1000.7,26.0,1.0,1,192.28,220.58
2024-07-22,2024,7,22,204,65.97,38.0,26.7,89.8,96.0,2.4,29.2,999.8,26.0,1.0,1,189.06,205.83
2024-07-23,2024,7,23,205,243.07,36.7,26.4,95.9,100.0,3.0,33.3,1002.0,26.0,1.0,1,181.2,203.64
2024-07-24,2024,7,24,206,116.17,37.7,28.0,94.6,100.0,3.1,30.2,1002.4,26.0,1.0,1,185.65,198.61
2024-07-25,2024,7,25,207,97.95,38.0,26.9,96.4,100.0,0.8,35.0,1003.4,26.0,1.0,1,163.79,195.63
2024-07-26,2024,7,26,208,121.44,37.7,26.3,98.0,100.0,2.4,28.8,1002.7,26.0,1.0,1,166.76,192.22
2024-07-27,2024,7,27,209,114.21,37.7,28.0,93.3,100.0,2.7,35.0,1002.6,26.0,1.0,1,154.99,186.83
2024-07-28,2024,7,28,210,309.3,38.0,25.4,95.1,100.0,2.7,30.4,1003.4,26.0,1.0,1,152.59,182.6
2024-07-29,2024,7,29,211,116.6,37.2,27.4,90.8,100.0,1.7,27.9,1004.2,26.0,1.0,1,159.82,185.37
2024-07-30,2024,7,30,212,218.04,38.0,26.4,93.5,100.0,3.2,27.1,1001.3,26.0,1.0,1,156.24,186.7
2024-07-31,2024,7,31,213,186.5,37.8,27.9,98.0,100.0,2.7,33.4,1001.3,26.0,1.0,1,166.29,183.48
2024-08-01,2024,8,1,214,146.55,38.0,26.7,96.7,100.0,2.0,29.2,1003.8,26.0,1.0,1,173.23,178.62
2024-08-02,2024,8,2,215,253.44,37.7,25.4,98.0,100.0,2.9,32.8,1001.8,26.0,1.0,1,192.09,175.89
2024-08-03,2024,8,3,216,196.89,37.5,27.3,94.9,100.0,1.6,33.9,1000.9,26.0,1.0,1,203.9,181.61
2024-08-04,2024,8,4,217,155.12,38.0,26.5,95.8,100.0,2.7,29.0,1001.0,26.0,1.0,1,181.88,177.6
2024-08-05,2024,8,5,218,154.52,37.0,28.0,98.0,100.0,2.3,33.8,999.4,26.0,1.0,1,187.29,176.96
2024-08-06,2024,8,6,219,179.89,38.0,27.1,98.0,100.0,2.4,28.1,1003.1,26.0,1.0,1,181.84,180.84
2024-08-07,2024,8,7,220,82.01,35.1,28.0,92.6,100.0,1.8,29.2,1006.1,26.0,1.0,1,166.92,181.88
2024-08-08,2024,8,8,221,178.5,37.0,26.2,97.4,100.0,1.5,34.2,1004.3,26.0,1.0,1,171.48,177.53
2024-08-09,2024,8,9,222,216.01,36.8,28.0,98.0,100.0,1.4,34.4,1001.0,26.0,1.0,1,166.13,173.8
2024-08-10,2024,8,10,223,328.59,36.7,26.4,98.0,100.0,1.3,32.4,998.2,26.0,1.0,1,184.95,174.42
2024-08-11,2024,8,11,224,163.02,34.2,26.6,98.0,100.0,2.4,31.1,1000.2,26.0,1.0,1,186.08,175.32
2024-08-12,2024,8,12,225,177.68,36.2,27.6,95.3,100.0,2.6,32.9,1002.2,26.0,1.0,1,189.39,177.38
2024-08-13,2024,8,13,226,22.91,35.3,25.5,98.0,99.8,2.6,25.7,1003.9,26.0,1.0,1,166.96,173.01
2024-08-14,2024,8,14,227,136.98,38.0,28.0,96.0,100.0,1.7,31.3,1003.9,26.0,1.0,1,174.81,174.63
2024-08-15,2024,8,15,228,213.5,35.2,27.3,98.0,100.0,1.3,30.6,1001.5,26.0,1.0,1,179.81,171.81
2024-08-16,2024,8,16,229,442.38,37.3,27.4,98.0,100.0,2.6,32.9,1002.2,26.0,1.0,1,212.15,183.72
2024-08-17,2024,8,17,230,357.45,37.3,27.5,98.0,100.0,2.6,35.0,1001.1,26.0,1.0,1,216.27,187.27
2024-08-18,2024,8,18,231,211.85,35.3,27.0,98.0,100.0,3.1,30.5,1001.3,26.0,1.0,1,223.25,190.98
2024-08-19,2024,8,19,232,315.97,34.8,27.1,98.0,100.0,1.3,34.9,1002.8,26.0,1.0,1,243.01,194.96
2024-08-20,2024,8,20,233,250.54,35.6,27.8,98.0,100.0,2.1,35.0,1001.3,26.0,1.0,1,275.52,192.44
2024-08-21,2024,8,21,234,187.8,35.3,26.2,98.0,100.0,2.6,32.0,999.8,26.0,1.0,1,282.78,196.5
2024-08-22,2024,8,22,235,502.78,34.4,25.9,98.0,100.0,1.0,35.0,1002.5,26.0,1.0,1,324.11,205.15
2024-08-23,2024,8,23,236,73.21,35.3,26.6,97.6,91.1,3.0,24.7,1003.5,26.0,1.0,1,271.37,203.72
2024-08-24,2024,8,24,237,216.22,36.1,26.1,97.6,100.0,0.8,31.0,1001.4,26.0,1.0,1,251.2,207.66
2024-08-25,2024,8,25,238,166.76,33.8,27.0,98.0,100.0,1.8,35.0,1007.1,26.0,1.0,1,244.75,209.17
2024-08-26,2024,8,26,239,173.65,35.2,28.0,98.0,100.0,3.3,29.8,1002.1,26.0,1.0,1,224.42,211.16
2024-08-27,2024,8,27,240,98.07,34.6,24.6,98.0,100.0,3.8,35.0,1000.7,26.0,1.0,1,202.64,204.11
2024-08-28,2024,8,28,241,190.29,35.4,25.8,98.0,100.0,2.3,35.0,1005.9,26.0,1.0,1,203.0,206.57
2024-08-29,2024,8,29,242,82.3,38.0,24.3,98.0,100.0,2.5,35.0,1005.2,26.0,1.0,1,142.93,202.05
2024-08-30,2024,8,30,243,68.11,32.8,25.3,97.0,100.0,2.2,28.1,1007.2,26.0,1.0,1,142.2,198.1
2024-08-31,2024,8,31,244,212.61,34.8,25.3,98.0,100.0,2.9,35.0,1002.2,26.0,1.0,1,141.68,200.3
2024-09-01,2024,9,1,245,68.82,35.2,24.9,98.0,100.0,2.8,31.7,1001.6,26.0,1.0,1,127.69,194.15
2024-09-02,2024,9,2,246,58.81,33.9,26.4,98.0,100.0,0.9,34.3,1002.2,26.0,1.0,1,111.29,189.54
2024-09-03,2024,9,3,247,210.56,35.1,25.6,98.0,100.0,2.6,32.4,1003.6,26.0,1.0,1,127.36,191.39
2024-09-04,2024,9,4,248,37.01,32.3,24.4,98.0,100.0,1.2,26.6,1004.7,26.0,1.0,1,105.46,187.48
2024-09-05,2024,9,5,249,237.29,33.8,26.1,98.0,100.0,3.1,35.0,1004.4,26.0,1.0,1,127.6,189.39
2024-09-06,2024,9,6,250,78.75,30.2,24.8,98.0,100.0,3.0,35.0,1002.3,26.0,1.0,1,129.12,189.28
2024-09-07,2024,9,7,251,9.84,33.8,24.3,94.2,96.8,1.2,26.0,1004.9,26.0,1.0,1,100.15,183.66
2024-09-08,2024,9,8,252,79.52,32.2,23.6,98.0,100.0,2.9,35.0,1000.4,26.0,1.0,1,101.68,179.11
2024-09-09,2024,9,9,253,80.14,34.4,23.0,98.0,100.0,1.2,35.0,1000.5,26.0,1.0,1,104.73,170.83
2024-09-10,2024,9,10,254,92.55,35.9,24.1,98.0,100.0,1.9,33.2,1002.6,26.0,1.0,1,87.87,168.48
2024-09-11,2024,9,11,255,172.76,34.1,24.6,98.0,100.0,1.1,32.1,997.9,26.0,1.0,1,107.26,168.31
2024-09-12,2024,9,12,256,25.64,33.4,25.6,98.0,100.0,2.5,24.2,1002.3,26.0,1.0,1,77.03,168.41
2024-09-13,2024,9,13,257,114.46,32.6,21.9,98.0,100.0,3.3,29.1,1004.2,26.0,1.0,1,82.13,167.65
2024-09-14,2024,9,14,258,253.64,32.9,26.5,98.0,100.0,1.9,35.0,1003.1,26.0,1.0,1,116.96,168.99
2024-09-15,2024,9,15,259,59.38,32.8,23.3,98.0,100.0,1.6,30.6,1005.1,26.0,1.0,1,114.08,156.23
2024-09-16,2024,9,16,260,100.42,33.0,23.7,98.0,100.0,2.0,34.4,1001.5,26.0,1.0,1,116.98,147.66
2024-09-17,2024,9,17,261,77.51,33.6,23.6,98.0,100.0,3.2,29.2,999.4,26.0,1.0,1,114.83,143.18
2024-09-18,2024,9,18,262,127.65,31.6,23.2,98.0,100.0,2.8,35.0,1000.7,26.0,1.0,1,108.39,136.9
2024-09-19,2024,9,19,263,34.27,34.4,23.5,98.0,100.0,3.1,27.0,1002.5,26.0,1.0,1,109.62,129.69
2024-09-20,2024,9,20,264,66.54,32.2,23.5,98.0,100.0,2.0,35.0,1005.7,26.0,1.0,1,102.77,125.65
2024-09-21,2024,9,21,265,260.39,32.4,23.5,98.0,100.0,0.3,35.0,1006.1,26.0,1.0,1,103.74,117.57
2024-09-22,2024,9,22,266,15.41,34.2,25.5,91.9,100.0,0.5,24.4,998.9,26.0,1.0,1,97.46,115.65
2024-09-23,2024,9,23,267,93.95,28.9,22.6,98.0,100.0,1.8,35.0,1001.9,26.0,1.0,1,96.53,111.57
2024-09-24,2024,9,24,268,125.77,28.2,25.6,98.0,100.0,0.8,34.1,1000.8,26.0,1.0,1,103.43,110.2
2024-09-25,2024,9,25,269,126.52,32.4,23.9,98.0,100.0,2.5,35.0,1001.0,26.0,1.0,1,103.26,108.63
2024-09-26,2024,9,26,270,101.42,31.7,21.3,98.0,100.0,1.8,35.0,1001.9,26.0,1.0,1,112.86,108.74
2024-09-27,2024,9,27,271,233.75,33.8,22.1,98.0,100.0,0.5,34.2,1000.8,26.0,1.0,1,136.74,110.19
2024-09-28,2024,9,28,272,36.06,29.8,21.9,95.5,100.0,2.2,27.5,1003.6,26.0,1.0,1,104.7,108.65
2024-09-29,2024,9,29,273,91.45,32.0,22.9,98.0,100.0,1.3,35.0,1005.6,26.0,1.0,1,115.56,109.43
2024-09-30,2024,9,30,274,5.83,30.6,24.4,95.6,100.0,1.7,23.6,1007.0,26.0,1.0,1,102.97,102.54
2024-10-01,2024,10,1,275,35.98,32.5,23.7,98.0,100.0,2.7,25.4,1000.7,26.0,1.0,1,90.14,101.44
2024-10-02,2024,10,2,276,26.46,27.6,21.4,98.0,100.0,2.9,27.8,1002.0,26.0,1.0,1,75.85,100.36
2024-10-03,2024,10,3,277,12.86,30.4,24.0,98.0,89.2,4.0,28.3,1006.2,26.0,1.0,1,63.2,93.77
2024-10-04,2024,10,4,278,16.77,31.7,21.2,98.0,100.0,2.4,25.1,1003.6,26.0,1.0,1,32.2,93.1
2024-10-05,2024,10,5,279,40.31,29.3,21.3,98.0,100.0,3.3,27.3,1004.9,26.0,1.0,1,32.81,86.53
2024-10-06,2024,10,6,280,44.71,30.3,23.5,98.0,100.0,1.6,31.7,1003.6,26.0,1.0,1,26.13,85.4
2024-10-07,2024,10,7,281,18.41,30.3,23.4,97.6,100.0,1.7,26.7,1004.5,26.0,1.0,1,27.93,85.68
2024-10-08,2024,10,8,282,137.33,30.6,23.0,98.0,100.0,1.3,33.9,1001.3,26.0,1.0,1,42.41,87.61
2024-10-09,2024,10,9,283,11.92,28.3,22.0,98.0,100.0,1.9,25.8,1001.8,26.0,1.0,1,40.33,85.34
2024-10-10,2024,10,10,284,9.39,29.1,21.8,98.0,100.0,1.8,23.6,999.6,26.0,1.0,1,39.83,82.57
2024-10-11,2024,10,11,285,33.96,30.4,20.4,91.7,94.4,2.5,34.7,1000.1,26.0,1.0,1,42.29,77.94
2024-10-12,2024,10,12,286,8.99,30.6,21.6,92.5,93.6,2.4,25.4,1002.8,26.0,1.0,1,37.82,77.38
2024-10-13,2024,10,13,287,31.29,29.6,20.8,95.6,100.0,2.5,31.0,998.5,26.0,1.0,1,35.9,74.61
2024-10-14,2024,10,14,288,35.57,28.7,21.3,98.0,99.7,1.9,27.4,1004.1,26.0,1.0,1,38.35,67.34
2024-10-15,2024,10,15,289,10.98,29.2,24.1,91.0,92.9,2.4,28.1,1003.5,26.0,1.0,1,20.3,65.73
2024-10-16,2024,10,16,290,54.81,30.2,21.7,98.0,100.0,2.1,30.8,1001.7,26.0,1.0,1,26.43,64.21
2024-10-17,2024,10,17,291,17.05,29.1,19.9,98.0,100.0,0.8,26.9,1002.3,26.0,1.0,1,27.52,62.19
2024-10-18,2024,10,18,292,19.09,26.9,22.6,97.5,97.3,1.1,28.0,1004.7,26.0,1.0,1,25.4,58.57
2024-10-19,2024,10,19,293,10.97,26.9,22.6,92.2,100.0,1.6,25.0,1001.4,25.7,1.0,1,25.68,57.8
2024-10-20,2024,10,20,294,22.03,28.5,22.6,97.6,100.0,2.2,24.3,999.9,26.0,1.0,1,24.36,56.31
2024-10-21,2024,10,21,295,22.96,25.8,20.2,91.5,83.4,3.4,24.1,1001.6,23.8,1.0,1,22.56,48.4
2024-10-22,2024,10,22,296,3.86,29.3,20.6,84.6,90.4,2.5,20.1,1007.3,26.0,1.0,1,21.54,48.02
2024-10-23,2024,10,23,297,7.39,26.6,19.1,94.1,88.8,3.0,16.3,1002.2,25.5,1.0,1,14.76,45.13
2024-10-24,2024,10,24,298,31.3,26.2,22.4,88.5,100.0,2.6,29.7,1003.2,24.1,1.0,1,16.8,41.98
2024-10-25,2024,10,25,299,11.96,30.3,20.6,93.1,93.1,1.5,23.1,1002.1,26.0,1.0,1,15.78,38.16
2024-10-26,2024,10,26,300,16.55,26.9,18.7,94.1,100.0,1.8,27.1,998.5,25.8,1.0,1,16.58,35.33
2024-10-27,2024,10,27,301,4.94,27.9,22.2,98.0,100.0,0.8,20.1,1001.6,26.0,1.0,1,14.14,27.71
2024-10-28,2024,10,28,302,79.3,28.3,19.3,98.0,100.0,1.0,33.8,1000.1,26.0,1.0,1,22.19,29.15
2024-10-29,2024,10,29,303,19.53,29.4,19.6,93.9,100.0,1.8,24.8,1003.0,26.0,1.0,1,24.42,26.75
2024-10-30,2024,10,30,304,5.58,26.2,18.7,94.1,87.3,3.6,21.3,1005.5,24.8,1.0,1,24.17,26.74
2024-10-31,2024,10,31,305,17.41,27.2,18.4,95.0,97.0,2.1,27.4,999.0,26.0,1.0,1,22.18,26.12
2024-11-01,2024,11,1,306,4.44,26.7,20.3,85.2,87.1,3.5,25.1,1004.1,24.3,1.0,1,21.11,25.39
2024-11-02,2024,11,2,307,13.72,30.3,18.9,94.0,91.6,2.7,22.9,1002.7,26.0,1.0,1,20.7,25.42
2024-11-03,2024,11,3,308,10.49,23.6,17.8,92.2,96.4,3.1,26.2,1007.5,22.3,1.0,1,21.5,25.21
2024-11-04,2024,11,4,309,12.83,26.2,20.7,92.6,100.0,2.1,26.3,1003.1,24.0,1.0,1,12.0,24.29
2024-11-05,2024,11,5,310,11.16,26.3,20.1,93.3,97.3,1.8,26.3,1005.3,25.3,1.0,1,10.8,23.17
2024-11-06,2024,11,6,311,108.4,26.1,21.5,98.0,100.0,2.4,35.0,999.3,26.0,1.0,1,25.49,26.17
2024-11-07,2024,11,7,312,15.96,23.9,18.8,94.2,84.0,3.3,25.9,1002.0,23.1,1.0,1,25.29,22.13
2024-11-08,2024,11,8,313,3.28,23.2,19.2,82.8,64.9,5.6,24.6,1001.3,20.1,1.0,1,25.12,21.84
2024-11-09,2024,11,9,314,72.76,23.6,19.4,93.8,100.0,2.4,31.4,1001.5,23.0,1.0,1,33.55,23.95
2024-11-10,2024,11,10,315,18.14,27.0,19.2,91.3,79.8,4.9,22.9,1002.5,25.3,1.0,1,34.65,23.42
2024-11-11,2024,11,11,316,65.36,25.6,19.2,97.3,100.0,3.0,30.8,998.9,25.7,1.0,1,42.15,25.3
2024-11-12,2024,11,12,317,15.04,22.9,18.5,93.0,94.0,3.8,22.6,1004.7,22.0,1.0,1,42.71,24.76
2024-11-13,2024,11,13,318,33.12,27.6,16.6,98.0,90.9,3.3,26.9,1003.4,26.0,1.0,1,31.95,24.68
2024-11-14,2024,11,14,319,72.9,28.2,19.1,98.0,100.0,1.5,31.7,1004.0,26.0,1.0,1,40.09,26.74
2024-11-15,2024,11,15,320,41.06,25.6,19.3,93.7,100.0,1.9,26.4,1002.8,24.7,1.0,1,45.48,26.29
2024-11-16,2024,11,16,321,25.89,25.7,18.2,86.5,92.7,1.8,29.6,1000.5,23.8,1.0,1,38.79,26.58
2024-11-17,2024,11,17,322,40.29,25.1,21.5,96.0,96.3,1.6,30.5,1004.2,24.5,1.0,1,41.95,27.29
2024-11-18,2024,11,18,323,23.17,23.9,17.8,96.9,82.0,3.5,27.8,1000.5,24.4,1.0,1,35.92,27.69
2024-11-19,2024,11,19,324,17.6,22.0,17.6,89.2,85.0,3.6,20.2,999.7,20.3,1.0,1,36.29,27.55
2024-11-20,2024,11,20,325,23.67,23.0,18.8,92.5,92.5,1.8,23.8,1001.5,21.4,1.0,1,34.94,27.57
2024-11-21,2024,11,21,326,67.26,24.5,18.5,96.6,100.0,1.9,31.2,1001.9,23.9,1.0,1,34.13,29.68
2024-11-22,2024,11,22,327,8.1,25.3,16.2,93.5,94.6,0.9,21.8,1003.9,25.1,1.0,1,29.43,29.71
2024-11-23,2024,11,23,328,23.44,24.0,19.0,98.0,88.7,2.4,18.9,1000.4,24.5,1.0,1,29.08,29.44
2024-11-24,2024,11,24,329,0.53,24.1,17.4,86.1,68.6,5.3,20.2,1007.7,21.1,1.0,1,23.4,29.06
2024-11-25,2024,11,25,330,20.88,24.2,19.4,93.3,86.3,2.8,20.7,1003.4,22.6,1.0,1,23.07,29.21
2024-11-26,2024,11,26,331,20.58,24.2,18.3,84.6,81.0,4.6,24.0,1004.0,22.2,1.0,1,23.49,29.73
2024-11-27,2024,11,27,332,46.1,23.1,17.5,92.6,96.1,2.5,25.3,1004.6,21.8,1.0,1,26.7,28.62
2024-11-28,2024,11,28,333,20.05,24.5,19.3,93.1,97.9,0.3,17.5,1003.0,23.4,1.0,1,19.95,28.64
2024-11-29,2024,11,29,334,19.86,22.1,17.0,91.0,76.8,4.1,23.2,1003.2,20.6,1.0,1,21.63,29.12
2024-11-30,2024,11,30,335,1.01,24.2,16.0,84.4,78.9,3.7,16.2,1004.3,21.6,1.0,0,18.43,28.57
2024-12-01,2024,12,1,336,0.0,22.0,16.0,74.8,74.0,5.1,22.8,1004.7,17.6,1.0,0,18.35,28.42
2024-12-02,2024,12,2,337,0.0,22.0,17.8,72.9,67.4,3.7,16.1,1006.2,16.6,1.0,0,15.37,27.96
2024-12-03,2024,12,3,338,0.0,22.4,19.6,89.0,77.3,4.6,14.5,1002.1,20.9,1.0,0,12.43,27.61
2024-12-04,2024,12,4,339,0.1,23.7,17.2,80.4,71.7,5.5,18.1,1002.8,20.4,1.0,0,5.86,27.19
2024-12-05,2024,12,5,340,0.0,23.7,18.2,74.0,68.6,5.9,19.9,1009.2,20.1,1.0,0,3.0,26.82
2024-12-06,2024,12,6,341,1.99,22.0,17.6,80.9,88.8,2.5,10.3,1004.1,19.0,1.0,0,0.44,23.27
2024-12-07,2024,12,7,342,0.0,22.0,16.7,74.4,71.7,5.1,21.2,1011.6,17.9,1.0,0,0.3,22.74
2024-12-08,2024,12,8,343,0.0,24.9,16.0,75.3,59.8,5.8,14.5,1006.6,20.1,1.0,0,0.3,22.63
2024-12-09,2024,12,9,344,0.49,23.1,17.3,77.0,68.7,6.1,22.0,1006.0,19.5,1.03,0,0.37,20.22
2024-12-10,2024,12,10,345,0.0,22.8,18.0,73.7,86.0,3.6,13.9,1003.4,18.6,1.0,0,0.37,19.62
2024-12-11,2024,12,11,346,0.0,23.4,17.6,65.6,59.8,5.7,14.4,1004.4,16.7,1.0,0,0.35,17.44
2024-12-12,2024,12,12,347,0.37,22.0,16.6,82.2,44.2,7.3,15.9,1001.0,19.3,1.0,0,0.41,16.95
2024-12-13,2024,12,13,348,0.0,24.4,16.3,76.4,59.9,4.7,22.2,1005.1,19.9,1.0,0,0.12,15.84
2024-12-14,2024,12,14,349,0.0,23.6,16.1,82.3,66.4,4.4,23.0,1003.2,19.5,1.0,0,0.12,13.41
2024-12-15,2024,12,15,350,0.0,22.2,16.1,78.4,64.2,5.1,14.4,1004.0,18.7,1.0,0,0.12,12.05
2024-12-16,2024,12,16,351,0.0,22.5,16.9,70.7,73.4,4.8,12.6,1003.9,17.2,1.0,0,0.05,11.18
2024-12-17,2024,12,17,352,0.16,22.2,16.6,77.7,68.1,3.5,21.9,1002.7,18.8,1.0,0,0.08,9.85
2024-12-18,2024,12,18,353,0.47,24.5,17.4,83.3,62.4,5.6,10.7,999.1,21.5,1.0,0,0.14,9.09
2024-12-19,2024,12,19,354,0.0,23.1,16.0,76.8,66.1,4.3,13.5,1004.7,19.0,1.0,0,0.09,8.5
2024-12-20,2024,12,20,355,0.0,23.2,16.7,74.0,58.7,4.5,17.0,1004.7,18.4,1.0,0,0.09,7.71
2024-12-21,2024,12,21,356,0.0,22.5,16.6,70.9,56.8,5.1,14.8,1001.6,15.8,1.0,0,0.09,5.47
2024-12-22,2024,12,22,357,0.0,22.3,16.0,74.1,71.2,4.5,12.8,1003.8,17.5,1.0,0,0.09,5.2
2024-12-23,2024,12,23,358,0.0,25.1,17.0,71.5,71.3,4.7,10.3,1004.2,20.0,1.0,0,0.09,4.42
2024-12-24,2024,12,24,359,0.0,22.0,16.0,74.0,63.1,5.5,12.8,1005.8,17.2,1.0,0,0.07,4.4
2024-12-25,2024,12,25,360,3.76,22.6,18.0,68.7,51.9,6.1,16.9,1003.3,16.7,1.0,0,0.54,3.83
2024-12-26,2024,12,26,361,3.06,25.3,17.0,72.0,71.0,4.2,16.0,1005.5,20.4,1.0,0,0.97,3.25
2024-12-27,2024,12,27,362,0.0,24.2,17.2,77.5,62.7,5.4,11.6,1006.8,20.1,1.0,0,0.97,1.71
2024-12-28,2024,12,28,363,0.26,22.7,16.4,75.6,59.2,4.3,16.1,1003.2,18.3,1.0,0,1.01,1.05
2024-12-29,2024,12,29,364,0.0,22.0,16.1,73.3,50.4,6.6,16.3,1002.7,16.3,1.0,0,1.01,0.39
2024-12-30,2024,12,30,365,0.0,25.3,16.0,69.3,52.2,6.6,8.8,1002.5,18.9,1.0,0,1.01,0.36
2024-12-31,2024,12,31,366,0.0,22.0,16.0,80.7,76.9,2.9,13.3,1005.8,19.2,1.0,0,1.01,0.36
